eko7oo6,mintak4,bc6l6d,Firegoodell
eko8mcv,Engin_Ears,eko7oo6,mintak4
ekohbnw,slizzstacks,eko7oo6,mintak4
ekowsas,AenAllAin,eko7oo6,mintak4
ekolicg,StayFocusedOnThis,eko7oo6,mintak4
eko9l4k,Domini384,eko8mcv,Engin_Ears
eko9mfs,CBScott7,eko8mcv,Engin_Ears
ekoagcc,1LoneAmerican,eko8mcv,Engin_Ears
ekoglyx,DoYouBelieveInMAGA,eko8mcv,Engin_Ears
ekoouxk,looncraz,eko8mcv,Engin_Ears
ekohife,9000timesempty,eko8mcv,Engin_Ears
ekoonc7,KeepAustinQueer,ekolicg,StayFocusedOnThis
ekoenpw,Vic1370,eko9l4k,Domini384
ekoya2k,JediDwag,eko9l4k,Domini384
ekoactd,BoltsNolesRaysBucs,eko9mfs,CBScott7
ekob2aq,Corse46,eko9mfs,CBScott7
ekogn86,DoYouBelieveInMAGA,eko9mfs,CBScott7
ekoe3ba,Engin_Ears,eko9mfs,CBScott7
ekod8er,Engin_Ears,ekoagcc,1LoneAmerican
ekoejls,PrettyFoxxy,ekoagcc,1LoneAmerican
ekoy9fg,pnictide,ekoglyx,DoYouBelieveInMAGA
ekop9ci,urbanpsycho,ekohife,9000timesempty
ekohwun,Odani_cullah,ekoenpw,Vic1370
ekoafco,CBScott7,ekoactd,BoltsNolesRaysBucs
ekon50q,Pres_Trump,ekoactd,BoltsNolesRaysBucs
ekomdqn,McGuineaRI,ekoactd,BoltsNolesRaysBucs
ekobf6d,pnictide,ekob2aq,Corse46
ekodjq2,1LoneAmerican,ekod8er,Engin_Ears
ekp502l,Aambrick,ekod8er,Engin_Ears
ekof7aw,1LoneAmerican,ekoejls,PrettyFoxxy
ekox4ls,pcgeek01,ekohwun,Odani_cullah
ekobzi0,pappajoe3,ekobf6d,pnictide
ekofjd3,PrettyFoxxy,ekof7aw,1LoneAmerican
ekoirrl,BoltsNolesRaysBucs,ekobzi0,pappajoe3
ekoqugf,JamesColesPardon,ekoirrl,BoltsNolesRaysBucs
ekos5ug,chingtok,ekoirrl,BoltsNolesRaysBucs
ekosavp,BoltsNolesRaysBucs,ekos5ug,chingtok
ekosdrv,chingtok,ekosavp,BoltsNolesRaysBucs
ekosqxz,_mr_prezident,ekosdrv,chingtok
ekotrog,hasapoint,ekosdrv,chingtok
ekosotc,BoltsNolesRaysBucs,ekosdrv,chingtok
ekp0yz3,corecomps,ekosdrv,chingtok
eko7six,mrnewports,bc6l6d,Firegoodell
eko8bzc,AMERICA_No_1,eko7six,mrnewports
ekoi3o7,Cyour6,eko7six,mrnewports
ekoksz0,FakeNametagCTH,eko7six,mrnewports
ekooq1s,THELEADERSOFMEN,eko7six,mrnewports
eko8jwv,PublicDiscourse,eko8bzc,AMERICA_No_1
eko83c0,ageoftesla,bc6l6d,Firegoodell
ekoie5x,johnfox13,eko83c0,ageoftesla
ekooq1e,Brawny_lad,eko83c0,ageoftesla
ekopewy,urbanpsycho,eko83c0,ageoftesla
ekozag9,HeyZeusChristo45,eko83c0,ageoftesla
ekoym6e,StevenC21,ekooq1e,Brawny_lad
eko7rtv,RedditCensorsYouandI,bc6l6d,Firegoodell
eko7q6d,BasedKekistani2016,bc6l6d,Firegoodell
eko7s8a,TruckerJames,eko7q6d,BasedKekistani2016
ekoa0f8,Walrus_Tooth,eko7q6d,BasedKekistani2016
ekoasyd,Person1129,eko7q6d,BasedKekistani2016
ekod13h,sonny68,eko7q6d,BasedKekistani2016
eko8ndj,Toezy_Weezer,eko7s8a,TruckerJames
ekoacrr,Abort_A_Libtard,eko7s8a,TruckerJames
ekof571,PrettyFoxxy,ekod13h,sonny68
eko8sau,TruckerJames,eko8ndj,Toezy_Weezer
ekof2fn,PrettyFoxxy,ekoacrr,Abort_A_Libtard
ekp3ch6,de3306,ekoacrr,Abort_A_Libtard
ekoau3g,Pedeville,eko8sau,TruckerJames
ekoc21z,thisguy883,ekoau3g,Pedeville
ekoejdj,MemesWeCanBelieveIn,ekoau3g,Pedeville
ekodf98,Radtrashking,ekoc21z,thisguy883
ekof4t0,TheEmperor00,ekoc21z,thisguy883
eko8amc,stjdalen,bc6l6d,Firegoodell
ekoafly,losertalk,eko8amc,stjdalen
ekoos05,THELEADERSOFMEN,eko8amc,stjdalen
eko8knk,Infamagaous,bc6l6d,Firegoodell
ekocznt,blocksof,eko8knk,Infamagaous
ekopftw,urbanpsycho,ekocznt,blocksof
eko8dp5,Avykins,bc6l6d,Firegoodell
eko7tka,repr1sal,bc6l6d,Firegoodell
ekobn6d,grewapair,eko7tka,repr1sal
eko7pc0,Itoktobeyt,bc6l6d,Firegoodell
eko7us0,WindiPaper,bc6l6d,Firegoodell
eko8eyt,whoopies_tds,eko7us0,WindiPaper
eko82rj,MToracle,bc6l6d,Firegoodell
ekocsdy,exign,bc6l6d,Firegoodell
ekodqro,TRIGGERED_BY_CHALK,ekocsdy,exign
eko7sov,hyperduc,bc6l6d,Firegoodell
ekp3fd4,de3306,eko7sov,hyperduc
eko92zz,GodKingHarambe,bc6l6d,Firegoodell
eko82gt,TRIGGERED_BY_CHALK,bc6l6d,Firegoodell
ekogkdb,Senator_Bagholder,eko82gt,TRIGGERED_BY_CHALK
eko98wi,oldman17,bc6l6d,Firegoodell
eko9972,Kinestron,bc6l6d,Firegoodell
ekoehq7,Bonerific03,eko9972,Kinestron
eko9bwy,wheredidiputit,bc6l6d,Firegoodell
eko8tvs,Noofakenews,bc6l6d,Firegoodell
eko7t2w,TomSFox,bc6l6d,Firegoodell
eko8nq3,ionlypostontd,bc6l6d,Firegoodell
eko9as3,amiblue333,bc6l6d,Firegoodell
ekochm7,scout77,bc6l6d,Firegoodell
ekowr49,Machete9236,ekochm7,scout77
ekp3m0v,de3306,ekochm7,scout77
ekox1bc,scout77,ekowr49,Machete9236
ekoe29l,attorneyriffic,bc6l6d,Firegoodell
ekoh15x,flclfanman,bc6l6d,Firegoodell
ekol859,Hevogle,bc6l6d,Firegoodell
eko8jw2,bushwicksick,bc6l6d,Firegoodell
eko9sbq,dhaunatello,bc6l6d,Firegoodell
eko9xzk,mikek814,bc6l6d,Firegoodell
ekobmz8,FrankieDs,bc6l6d,Firegoodell
ekobz0q,CBScott7,bc6l6d,Firegoodell
ekof3g9,Engin_Ears,bc6l6d,Firegoodell
ekp3p6v,de3306,ekof3g9,Engin_Ears
ekokppt,ex-libtard,bc6l6d,Firegoodell
eko9oul,el-y0y0s,bc6l6d,Firegoodell
ekobm26,grewapair,bc6l6d,Firegoodell
ekofxmq,PrettyFoxxy,ekobm26,grewapair
ekogl5e,DoYouBelieveInMAGA,bc6l6d,Firegoodell
ekohcix,tonightm87,bc6l6d,Firegoodell
ekomm42,Caveat_Venditor_,bc6l6d,Firegoodell
ekopsup,SunbroAnon,bc6l6d,Firegoodell
eko9fnp,BbqLurker,bc6l6d,Firegoodell
ekoao3p,denshi,bc6l6d,Firegoodell
ekoekis,Bizquiick,bc6l6d,Firegoodell
ekogbsc,I_ATE_ALL_THE_CHIPS,bc6l6d,Firegoodell
ekohbam,Zynac,bc6l6d,Firegoodell
ekoic3q,1776forever1776,bc6l6d,Firegoodell
ekoiwaw,Aro2220,bc6l6d,Firegoodell
ekoj46s,grondoval,bc6l6d,Firegoodell
ekojgur,painalfulfun,bc6l6d,Firegoodell
ekokw95,ItsThisEasy,ekojgur,painalfulfun
ekoniz5,painalfulfun,ekokw95,ItsThisEasy
ekojohu,Useful_Vidiots,bc6l6d,Firegoodell
ekoju39,dorrzun,bc6l6d,Firegoodell
ekok7c3,TrumpOrTreason,bc6l6d,Firegoodell
ekokgo2,TheMustacheBandit,bc6l6d,Firegoodell
ekominy,Take-The-Honk-Pill,bc6l6d,Firegoodell
ekoo5fx,Roseeq,bc6l6d,Firegoodell
ekop85b,good_guy_submitter,bc6l6d,Firegoodell
ekowuo0,NoPantsBaby,bc6l6d,Firegoodell
ekoars2,SaltMiner76,bc6l6d,Firegoodell
ekof1m8,Primebeef,bc6l6d,Firegoodell
ekogbc1,KeyboardKommando,bc6l6d,Firegoodell
ekoovdj,asfastasican1,bc6l6d,Firegoodell
ekop78a,Xbooow59,bc6l6d,Firegoodell
ekosi9v,Babytoad81,bc6l6d,Firegoodell
ekp2p2x,davidvu999,bc6l6d,Firegoodell
eko8mcv,Engin_Ears,eko7oo6,mintak4
eko9l4k,Domini384,eko8mcv,Engin_Ears
eko9mfs,CBScott7,eko8mcv,Engin_Ears
ekoagcc,1LoneAmerican,eko8mcv,Engin_Ears
ekoglyx,DoYouBelieveInMAGA,eko8mcv,Engin_Ears
ekoouxk,looncraz,eko8mcv,Engin_Ears
ekohife,9000timesempty,eko8mcv,Engin_Ears
ekoenpw,Vic1370,eko9l4k,Domini384
ekoya2k,JediDwag,eko9l4k,Domini384
ekoactd,BoltsNolesRaysBucs,eko9mfs,CBScott7
ekob2aq,Corse46,eko9mfs,CBScott7
ekogn86,DoYouBelieveInMAGA,eko9mfs,CBScott7
ekoe3ba,Engin_Ears,eko9mfs,CBScott7
ekod8er,Engin_Ears,ekoagcc,1LoneAmerican
ekoejls,PrettyFoxxy,ekoagcc,1LoneAmerican
ekoy9fg,pnictide,ekoglyx,DoYouBelieveInMAGA
ekop9ci,urbanpsycho,ekohife,9000timesempty
ekohwun,Odani_cullah,ekoenpw,Vic1370
ekoafco,CBScott7,ekoactd,BoltsNolesRaysBucs
ekon50q,Pres_Trump,ekoactd,BoltsNolesRaysBucs
ekomdqn,McGuineaRI,ekoactd,BoltsNolesRaysBucs
ekobf6d,pnictide,ekob2aq,Corse46
ekodjq2,1LoneAmerican,ekod8er,Engin_Ears
ekp502l,Aambrick,ekod8er,Engin_Ears
ekof7aw,1LoneAmerican,ekoejls,PrettyFoxxy
ekox4ls,pcgeek01,ekohwun,Odani_cullah
ekobzi0,pappajoe3,ekobf6d,pnictide
ekofjd3,PrettyFoxxy,ekof7aw,1LoneAmerican
ekoirrl,BoltsNolesRaysBucs,ekobzi0,pappajoe3
ekoqugf,JamesColesPardon,ekoirrl,BoltsNolesRaysBucs
ekos5ug,chingtok,ekoirrl,BoltsNolesRaysBucs
ekosavp,BoltsNolesRaysBucs,ekos5ug,chingtok
ekosdrv,chingtok,ekosavp,BoltsNolesRaysBucs
ekosqxz,_mr_prezident,ekosdrv,chingtok
ekotrog,hasapoint,ekosdrv,chingtok
ekosotc,BoltsNolesRaysBucs,ekosdrv,chingtok
ekp0yz3,corecomps,ekosdrv,chingtok
ekohbnw,slizzstacks,eko7oo6,mintak4
ekowsas,AenAllAin,eko7oo6,mintak4
ekolicg,StayFocusedOnThis,eko7oo6,mintak4
ekoonc7,KeepAustinQueer,ekolicg,StayFocusedOnThis
eko8bzc,AMERICA_No_1,eko7six,mrnewports
eko8jwv,PublicDiscourse,eko8bzc,AMERICA_No_1
ekoi3o7,Cyour6,eko7six,mrnewports
ekoksz0,FakeNametagCTH,eko7six,mrnewports
ekooq1s,THELEADERSOFMEN,eko7six,mrnewports
ekoie5x,johnfox13,eko83c0,ageoftesla
ekooq1e,Brawny_lad,eko83c0,ageoftesla
ekoym6e,StevenC21,ekooq1e,Brawny_lad
ekopewy,urbanpsycho,eko83c0,ageoftesla
ekozag9,HeyZeusChristo45,eko83c0,ageoftesla
eko7s8a,TruckerJames,eko7q6d,BasedKekistani2016
eko8ndj,Toezy_Weezer,eko7s8a,TruckerJames
ekoacrr,Abort_A_Libtard,eko7s8a,TruckerJames
eko8sau,TruckerJames,eko8ndj,Toezy_Weezer
ekof2fn,PrettyFoxxy,ekoacrr,Abort_A_Libtard
ekp3ch6,de3306,ekoacrr,Abort_A_Libtard
ekoau3g,Pedeville,eko8sau,TruckerJames
ekoc21z,thisguy883,ekoau3g,Pedeville
ekoejdj,MemesWeCanBelieveIn,ekoau3g,Pedeville
ekodf98,Radtrashking,ekoc21z,thisguy883
ekof4t0,TheEmperor00,ekoc21z,thisguy883
ekoa0f8,Walrus_Tooth,eko7q6d,BasedKekistani2016
ekoasyd,Person1129,eko7q6d,BasedKekistani2016
ekod13h,sonny68,eko7q6d,BasedKekistani2016
ekof571,PrettyFoxxy,ekod13h,sonny68
ekoafly,losertalk,eko8amc,stjdalen
ekoos05,THELEADERSOFMEN,eko8amc,stjdalen
ekocznt,blocksof,eko8knk,Infamagaous
ekopftw,urbanpsycho,ekocznt,blocksof
ekobn6d,grewapair,eko7tka,repr1sal
eko8eyt,whoopies_tds,eko7us0,WindiPaper
ekodqro,TRIGGERED_BY_CHALK,ekocsdy,exign
ekp3fd4,de3306,eko7sov,hyperduc
ekogkdb,Senator_Bagholder,eko82gt,TRIGGERED_BY_CHALK
ekoehq7,Bonerific03,eko9972,Kinestron
ekowr49,Machete9236,ekochm7,scout77
ekox1bc,scout77,ekowr49,Machete9236
ekp3m0v,de3306,ekochm7,scout77
ekp3p6v,de3306,ekof3g9,Engin_Ears
ekofxmq,PrettyFoxxy,ekobm26,grewapair
ekokw95,ItsThisEasy,ekojgur,painalfulfun
ekoniz5,painalfulfun,ekokw95,ItsThisEasy
eko9l4k,Domini384,eko8mcv,Engin_Ears
ekoenpw,Vic1370,eko9l4k,Domini384
ekoya2k,JediDwag,eko9l4k,Domini384
ekohwun,Odani_cullah,ekoenpw,Vic1370
ekox4ls,pcgeek01,ekohwun,Odani_cullah
eko9mfs,CBScott7,eko8mcv,Engin_Ears
ekoactd,BoltsNolesRaysBucs,eko9mfs,CBScott7
ekob2aq,Corse46,eko9mfs,CBScott7
ekogn86,DoYouBelieveInMAGA,eko9mfs,CBScott7
ekoe3ba,Engin_Ears,eko9mfs,CBScott7
ekoafco,CBScott7,ekoactd,BoltsNolesRaysBucs
ekon50q,Pres_Trump,ekoactd,BoltsNolesRaysBucs
ekomdqn,McGuineaRI,ekoactd,BoltsNolesRaysBucs
ekobf6d,pnictide,ekob2aq,Corse46
ekobzi0,pappajoe3,ekobf6d,pnictide
ekoirrl,BoltsNolesRaysBucs,ekobzi0,pappajoe3
ekoqugf,JamesColesPardon,ekoirrl,BoltsNolesRaysBucs
ekos5ug,chingtok,ekoirrl,BoltsNolesRaysBucs
ekosavp,BoltsNolesRaysBucs,ekos5ug,chingtok
ekosdrv,chingtok,ekosavp,BoltsNolesRaysBucs
ekosqxz,_mr_prezident,ekosdrv,chingtok
ekotrog,hasapoint,ekosdrv,chingtok
ekosotc,BoltsNolesRaysBucs,ekosdrv,chingtok
ekp0yz3,corecomps,ekosdrv,chingtok
ekoagcc,1LoneAmerican,eko8mcv,Engin_Ears
ekod8er,Engin_Ears,ekoagcc,1LoneAmerican
ekoejls,PrettyFoxxy,ekoagcc,1LoneAmerican
ekodjq2,1LoneAmerican,ekod8er,Engin_Ears
ekp502l,Aambrick,ekod8er,Engin_Ears
ekof7aw,1LoneAmerican,ekoejls,PrettyFoxxy
ekofjd3,PrettyFoxxy,ekof7aw,1LoneAmerican
ekoglyx,DoYouBelieveInMAGA,eko8mcv,Engin_Ears
ekoy9fg,pnictide,ekoglyx,DoYouBelieveInMAGA
ekoouxk,looncraz,eko8mcv,Engin_Ears
ekohife,9000timesempty,eko8mcv,Engin_Ears
ekop9ci,urbanpsycho,ekohife,9000timesempty
ekoonc7,KeepAustinQueer,ekolicg,StayFocusedOnThis
eko8jwv,PublicDiscourse,eko8bzc,AMERICA_No_1
ekoym6e,StevenC21,ekooq1e,Brawny_lad
eko8ndj,Toezy_Weezer,eko7s8a,TruckerJames
eko8sau,TruckerJames,eko8ndj,Toezy_Weezer
ekoau3g,Pedeville,eko8sau,TruckerJames
ekoc21z,thisguy883,ekoau3g,Pedeville
ekoejdj,MemesWeCanBelieveIn,ekoau3g,Pedeville
ekodf98,Radtrashking,ekoc21z,thisguy883
ekof4t0,TheEmperor00,ekoc21z,thisguy883
ekoacrr,Abort_A_Libtard,eko7s8a,TruckerJames
ekof2fn,PrettyFoxxy,ekoacrr,Abort_A_Libtard
ekp3ch6,de3306,ekoacrr,Abort_A_Libtard
ekof571,PrettyFoxxy,ekod13h,sonny68
ekopftw,urbanpsycho,ekocznt,blocksof
ekox1bc,scout77,ekowr49,Machete9236
ekoniz5,painalfulfun,ekokw95,ItsThisEasy
ekoenpw,Vic1370,eko9l4k,Domini384
ekohwun,Odani_cullah,ekoenpw,Vic1370
ekox4ls,pcgeek01,ekohwun,Odani_cullah
ekoya2k,JediDwag,eko9l4k,Domini384
ekoactd,BoltsNolesRaysBucs,eko9mfs,CBScott7
ekoafco,CBScott7,ekoactd,BoltsNolesRaysBucs
ekon50q,Pres_Trump,ekoactd,BoltsNolesRaysBucs
ekomdqn,McGuineaRI,ekoactd,BoltsNolesRaysBucs
ekob2aq,Corse46,eko9mfs,CBScott7
ekobf6d,pnictide,ekob2aq,Corse46
ekobzi0,pappajoe3,ekobf6d,pnictide
ekoirrl,BoltsNolesRaysBucs,ekobzi0,pappajoe3
ekoqugf,JamesColesPardon,ekoirrl,BoltsNolesRaysBucs
ekos5ug,chingtok,ekoirrl,BoltsNolesRaysBucs
ekosavp,BoltsNolesRaysBucs,ekos5ug,chingtok
ekosdrv,chingtok,ekosavp,BoltsNolesRaysBucs
ekosqxz,_mr_prezident,ekosdrv,chingtok
ekotrog,hasapoint,ekosdrv,chingtok
ekosotc,BoltsNolesRaysBucs,ekosdrv,chingtok
ekp0yz3,corecomps,ekosdrv,chingtok
ekogn86,DoYouBelieveInMAGA,eko9mfs,CBScott7
ekoe3ba,Engin_Ears,eko9mfs,CBScott7
ekod8er,Engin_Ears,ekoagcc,1LoneAmerican
ekodjq2,1LoneAmerican,ekod8er,Engin_Ears
ekp502l,Aambrick,ekod8er,Engin_Ears
ekoejls,PrettyFoxxy,ekoagcc,1LoneAmerican
ekof7aw,1LoneAmerican,ekoejls,PrettyFoxxy
ekofjd3,PrettyFoxxy,ekof7aw,1LoneAmerican
ekoy9fg,pnictide,ekoglyx,DoYouBelieveInMAGA
ekop9ci,urbanpsycho,ekohife,9000timesempty
eko8sau,TruckerJames,eko8ndj,Toezy_Weezer
ekoau3g,Pedeville,eko8sau,TruckerJames
ekoc21z,thisguy883,ekoau3g,Pedeville
ekoejdj,MemesWeCanBelieveIn,ekoau3g,Pedeville
ekodf98,Radtrashking,ekoc21z,thisguy883
ekof4t0,TheEmperor00,ekoc21z,thisguy883
ekof2fn,PrettyFoxxy,ekoacrr,Abort_A_Libtard
ekp3ch6,de3306,ekoacrr,Abort_A_Libtard
ekohwun,Odani_cullah,ekoenpw,Vic1370
ekox4ls,pcgeek01,ekohwun,Odani_cullah
ekoafco,CBScott7,ekoactd,BoltsNolesRaysBucs
ekon50q,Pres_Trump,ekoactd,BoltsNolesRaysBucs
ekomdqn,McGuineaRI,ekoactd,BoltsNolesRaysBucs
ekobf6d,pnictide,ekob2aq,Corse46
ekobzi0,pappajoe3,ekobf6d,pnictide
ekoirrl,BoltsNolesRaysBucs,ekobzi0,pappajoe3
ekoqugf,JamesColesPardon,ekoirrl,BoltsNolesRaysBucs
ekos5ug,chingtok,ekoirrl,BoltsNolesRaysBucs
ekosavp,BoltsNolesRaysBucs,ekos5ug,chingtok
ekosdrv,chingtok,ekosavp,BoltsNolesRaysBucs
ekosqxz,_mr_prezident,ekosdrv,chingtok
ekotrog,hasapoint,ekosdrv,chingtok
ekosotc,BoltsNolesRaysBucs,ekosdrv,chingtok
ekp0yz3,corecomps,ekosdrv,chingtok
ekodjq2,1LoneAmerican,ekod8er,Engin_Ears
ekp502l,Aambrick,ekod8er,Engin_Ears
ekof7aw,1LoneAmerican,ekoejls,PrettyFoxxy
ekofjd3,PrettyFoxxy,ekof7aw,1LoneAmerican
ekoau3g,Pedeville,eko8sau,TruckerJames
ekoc21z,thisguy883,ekoau3g,Pedeville
ekoejdj,MemesWeCanBelieveIn,ekoau3g,Pedeville
ekodf98,Radtrashking,ekoc21z,thisguy883
ekof4t0,TheEmperor00,ekoc21z,thisguy883
ekox4ls,pcgeek01,ekohwun,Odani_cullah
ekobzi0,pappajoe3,ekobf6d,pnictide
ekoirrl,BoltsNolesRaysBucs,ekobzi0,pappajoe3
ekoqugf,JamesColesPardon,ekoirrl,BoltsNolesRaysBucs
ekos5ug,chingtok,ekoirrl,BoltsNolesRaysBucs
ekosavp,BoltsNolesRaysBucs,ekos5ug,chingtok
ekosdrv,chingtok,ekosavp,BoltsNolesRaysBucs
ekosqxz,_mr_prezident,ekosdrv,chingtok
ekotrog,hasapoint,ekosdrv,chingtok
ekosotc,BoltsNolesRaysBucs,ekosdrv,chingtok
ekp0yz3,corecomps,ekosdrv,chingtok
ekofjd3,PrettyFoxxy,ekof7aw,1LoneAmerican
ekoc21z,thisguy883,ekoau3g,Pedeville
ekodf98,Radtrashking,ekoc21z,thisguy883
ekof4t0,TheEmperor00,ekoc21z,thisguy883
ekoejdj,MemesWeCanBelieveIn,ekoau3g,Pedeville
ekoirrl,BoltsNolesRaysBucs,ekobzi0,pappajoe3
ekoqugf,JamesColesPardon,ekoirrl,BoltsNolesRaysBucs
ekos5ug,chingtok,ekoirrl,BoltsNolesRaysBucs
ekosavp,BoltsNolesRaysBucs,ekos5ug,chingtok
ekosdrv,chingtok,ekosavp,BoltsNolesRaysBucs
ekosqxz,_mr_prezident,ekosdrv,chingtok
ekotrog,hasapoint,ekosdrv,chingtok
ekosotc,BoltsNolesRaysBucs,ekosdrv,chingtok
ekp0yz3,corecomps,ekosdrv,chingtok
ekodf98,Radtrashking,ekoc21z,thisguy883
ekof4t0,TheEmperor00,ekoc21z,thisguy883
ekoqugf,JamesColesPardon,ekoirrl,BoltsNolesRaysBucs
ekos5ug,chingtok,ekoirrl,BoltsNolesRaysBucs
ekosavp,BoltsNolesRaysBucs,ekos5ug,chingtok
ekosdrv,chingtok,ekosavp,BoltsNolesRaysBucs
ekosqxz,_mr_prezident,ekosdrv,chingtok
ekotrog,hasapoint,ekosdrv,chingtok
ekosotc,BoltsNolesRaysBucs,ekosdrv,chingtok
ekp0yz3,corecomps,ekosdrv,chingtok
ekosavp,BoltsNolesRaysBucs,ekos5ug,chingtok
ekosdrv,chingtok,ekosavp,BoltsNolesRaysBucs
ekosqxz,_mr_prezident,ekosdrv,chingtok
ekotrog,hasapoint,ekosdrv,chingtok
ekosotc,BoltsNolesRaysBucs,ekosdrv,chingtok
ekp0yz3,corecomps,ekosdrv,chingtok
ekosdrv,chingtok,ekosavp,BoltsNolesRaysBucs
ekosqxz,_mr_prezident,ekosdrv,chingtok
ekotrog,hasapoint,ekosdrv,chingtok
ekosotc,BoltsNolesRaysBucs,ekosdrv,chingtok
ekp0yz3,corecomps,ekosdrv,chingtok
ekosqxz,_mr_prezident,ekosdrv,chingtok
ekotrog,hasapoint,ekosdrv,chingtok
ekosotc,BoltsNolesRaysBucs,ekosdrv,chingtok
ekp0yz3,corecomps,ekosdrv,chingtok
