ekoo9jd,goodbeerbetterviews,bc8on0,braydog_1190
ekoojbd,Sallplet,ekoo9jd,goodbeerbetterviews
ekoople,Kek_Johnson,ekoojbd,Sallplet
ekos9pv,ChelseaHubble,ekoojbd,Sallplet
ekp21qy,maga_trump_curse,ekoojbd,Sallplet
ekp3xev,RuprechtThaMonkeyBoy,ekoojbd,Sallplet
ekp0nmn,Razor_pony,ekoojbd,Sallplet
ekozgsq,FliesTheFlag,ekoojbd,Sallplet
ekoo739,xxwatchmerun,bc8on0,braydog_1190
ekou4on,antariusz,ekoo739,xxwatchmerun
ekouchv,xxwatchmerun,ekou4on,antariusz
ekouw77,gosamu,ekou4on,antariusz
ekp29k0,-Yuri-,ekou4on,antariusz
ekp0dyk,fastmandan,ekouw77,gosamu
ekooqxe,McSlashy682,bc8on0,braydog_1190
ekos9rs,those2badguys,ekooqxe,McSlashy682
ekouqy9,Earn_My_Trust,ekooqxe,McSlashy682
ekotirx,macredsmile,ekooqxe,McSlashy682
ekox5dg,richmomz,ekos9rs,those2badguys
ekp4pa5,sunwukong155,ekos9rs,those2badguys
ekoo4um,Djpele12,bc8on0,braydog_1190
ekotg0p,indeeVoid,ekoo4um,Djpele12
ekooni4,Logan_Viking,bc8on0,braydog_1190
ekoqpiu,KevoinAbby,ekooni4,Logan_Viking
ekot7wg,Note7,ekooni4,Logan_Viking
ekosb24,TheEqualAtheist,ekoqpiu,KevoinAbby
ekosj8h,KevoinAbby,ekosb24,TheEqualAtheist
ekosnt7,TheEqualAtheist,ekosj8h,KevoinAbby
ekoszr9,KevoinAbby,ekosnt7,TheEqualAtheist
ekotff4,TheEqualAtheist,ekoszr9,KevoinAbby
ekotscg,KevoinAbby,ekotff4,TheEqualAtheist
ekoutmc,TheEqualAtheist,ekotscg,KevoinAbby
ekp2pyq,commander_zoidberg,ekoutmc,TheEqualAtheist
ekov5nu,KevoinAbby,ekoutmc,TheEqualAtheist
ekoxg83,TheEqualAtheist,ekov5nu,KevoinAbby
ekoz5gc,BannedZealot,ekov5nu,KevoinAbby
ekoxpje,KevoinAbby,ekoxg83,TheEqualAtheist
ekoxqvu,TheEqualAtheist,ekoxpje,KevoinAbby
ekoqlvm,PhantomFuck,bc8on0,braydog_1190
ekox89c,richmomz,ekoqlvm,PhantomFuck
ekp2rzt,commander_zoidberg,ekoqlvm,PhantomFuck
ekoo9b8,MythArcana,bc8on0,braydog_1190
ekour3d,FrankReynoldsIsKing,ekoo9b8,MythArcana
ekopg3y,Go6589,bc8on0,braydog_1190
ekoxgdi,BiebsFievs,ekopg3y,Go6589
ekp1oqq,Strange_Bedfellow,ekopg3y,Go6589
ekp0pu6,Razor_pony,ekoxgdi,BiebsFievs
ekoqlb1,Sheadilla,bc8on0,braydog_1190
ekoze5b,BannedZealot,ekoqlb1,Sheadilla
ekp0r3w,Razor_pony,ekoqlb1,Sheadilla
ekoog90,pablo72076,bc8on0,braydog_1190
ekooyet,FactsBeforeOpinions,bc8on0,braydog_1190
ekos7vi,sk_y,bc8on0,braydog_1190
ekoso7t,rossagessausage,bc8on0,braydog_1190
ekot5wi,four_potatoes,ekoso7t,rossagessausage
ekoxhth,richmomz,ekoso7t,rossagessausage
ekp6oab,funlyy,ekoso7t,rossagessausage
ekopwrm,Take-The-Honk-Pill,bc8on0,braydog_1190
ekou4hm,ashtrayhangover,ekopwrm,Take-The-Honk-Pill
ekoxkwa,Take-The-Honk-Pill,ekou4hm,ashtrayhangover
ekoprxf,blocksof,bc8on0,braydog_1190
ekorpvj,Ichaboddoc,bc8on0,braydog_1190
ekose73,2_Scoops_ICE_cREEEam,ekorpvj,Ichaboddoc
ekoshge,Ichaboddoc,ekose73,2_Scoops_ICE_cREEEam
ekoxib6,SNRNXS,bc8on0,braydog_1190
ekp0u06,Razor_pony,ekoxib6,SNRNXS
ekoosj8,Trump45,bc8on0,braydog_1190
ekorsws,BigcatTV,bc8on0,braydog_1190
ekosujz,Bubbaman5,bc8on0,braydog_1190
ekoskv3,jalopy34,bc8on0,braydog_1190
ekouk5c,amiblue333,bc8on0,braydog_1190
ekov8s9,ECore,bc8on0,braydog_1190
ekoyugl,exoticpulsar,bc8on0,braydog_1190
ekozmxz,texapede_yall,bc8on0,braydog_1190
ekp51fv,pm_me_ur_metatarsals,bc8on0,braydog_1190
ekov92x,Tnsc,bc8on0,braydog_1190
ekox0rf,soksniffer,ekov92x,Tnsc
ekoojbd,Sallplet,ekoo9jd,goodbeerbetterviews
ekoople,Kek_Johnson,ekoojbd,Sallplet
ekos9pv,ChelseaHubble,ekoojbd,Sallplet
ekp21qy,maga_trump_curse,ekoojbd,Sallplet
ekp3xev,RuprechtThaMonkeyBoy,ekoojbd,Sallplet
ekp0nmn,Razor_pony,ekoojbd,Sallplet
ekozgsq,FliesTheFlag,ekoojbd,Sallplet
ekou4on,antariusz,ekoo739,xxwatchmerun
ekouchv,xxwatchmerun,ekou4on,antariusz
ekouw77,gosamu,ekou4on,antariusz
ekp29k0,-Yuri-,ekou4on,antariusz
ekp0dyk,fastmandan,ekouw77,gosamu
ekos9rs,those2badguys,ekooqxe,McSlashy682
ekox5dg,richmomz,ekos9rs,those2badguys
ekp4pa5,sunwukong155,ekos9rs,those2badguys
ekouqy9,Earn_My_Trust,ekooqxe,McSlashy682
ekotirx,macredsmile,ekooqxe,McSlashy682
ekotg0p,indeeVoid,ekoo4um,Djpele12
ekoqpiu,KevoinAbby,ekooni4,Logan_Viking
ekosb24,TheEqualAtheist,ekoqpiu,KevoinAbby
ekosj8h,KevoinAbby,ekosb24,TheEqualAtheist
ekosnt7,TheEqualAtheist,ekosj8h,KevoinAbby
ekoszr9,KevoinAbby,ekosnt7,TheEqualAtheist
ekotff4,TheEqualAtheist,ekoszr9,KevoinAbby
ekotscg,KevoinAbby,ekotff4,TheEqualAtheist
ekoutmc,TheEqualAtheist,ekotscg,KevoinAbby
ekp2pyq,commander_zoidberg,ekoutmc,TheEqualAtheist
ekov5nu,KevoinAbby,ekoutmc,TheEqualAtheist
ekoxg83,TheEqualAtheist,ekov5nu,KevoinAbby
ekoz5gc,BannedZealot,ekov5nu,KevoinAbby
ekoxpje,KevoinAbby,ekoxg83,TheEqualAtheist
ekoxqvu,TheEqualAtheist,ekoxpje,KevoinAbby
ekot7wg,Note7,ekooni4,Logan_Viking
ekox89c,richmomz,ekoqlvm,PhantomFuck
ekp2rzt,commander_zoidberg,ekoqlvm,PhantomFuck
ekour3d,FrankReynoldsIsKing,ekoo9b8,MythArcana
ekoxgdi,BiebsFievs,ekopg3y,Go6589
ekp0pu6,Razor_pony,ekoxgdi,BiebsFievs
ekp1oqq,Strange_Bedfellow,ekopg3y,Go6589
ekoze5b,BannedZealot,ekoqlb1,Sheadilla
ekp0r3w,Razor_pony,ekoqlb1,Sheadilla
ekot5wi,four_potatoes,ekoso7t,rossagessausage
ekoxhth,richmomz,ekoso7t,rossagessausage
ekp6oab,funlyy,ekoso7t,rossagessausage
ekou4hm,ashtrayhangover,ekopwrm,Take-The-Honk-Pill
ekoxkwa,Take-The-Honk-Pill,ekou4hm,ashtrayhangover
ekose73,2_Scoops_ICE_cREEEam,ekorpvj,Ichaboddoc
ekoshge,Ichaboddoc,ekose73,2_Scoops_ICE_cREEEam
ekp0u06,Razor_pony,ekoxib6,SNRNXS
ekox0rf,soksniffer,ekov92x,Tnsc
ekoople,Kek_Johnson,ekoojbd,Sallplet
ekos9pv,ChelseaHubble,ekoojbd,Sallplet
ekp21qy,maga_trump_curse,ekoojbd,Sallplet
ekp3xev,RuprechtThaMonkeyBoy,ekoojbd,Sallplet
ekp0nmn,Razor_pony,ekoojbd,Sallplet
ekozgsq,FliesTheFlag,ekoojbd,Sallplet
ekouchv,xxwatchmerun,ekou4on,antariusz
ekouw77,gosamu,ekou4on,antariusz
ekp0dyk,fastmandan,ekouw77,gosamu
ekp29k0,-Yuri-,ekou4on,antariusz
ekox5dg,richmomz,ekos9rs,those2badguys
ekp4pa5,sunwukong155,ekos9rs,those2badguys
ekosb24,TheEqualAtheist,ekoqpiu,KevoinAbby
ekosj8h,KevoinAbby,ekosb24,TheEqualAtheist
ekosnt7,TheEqualAtheist,ekosj8h,KevoinAbby
ekoszr9,KevoinAbby,ekosnt7,TheEqualAtheist
ekotff4,TheEqualAtheist,ekoszr9,KevoinAbby
ekotscg,KevoinAbby,ekotff4,TheEqualAtheist
ekoutmc,TheEqualAtheist,ekotscg,KevoinAbby
ekp2pyq,commander_zoidberg,ekoutmc,TheEqualAtheist
ekov5nu,KevoinAbby,ekoutmc,TheEqualAtheist
ekoxg83,TheEqualAtheist,ekov5nu,KevoinAbby
ekoz5gc,BannedZealot,ekov5nu,KevoinAbby
ekoxpje,KevoinAbby,ekoxg83,TheEqualAtheist
ekoxqvu,TheEqualAtheist,ekoxpje,KevoinAbby
ekp0pu6,Razor_pony,ekoxgdi,BiebsFievs
ekoxkwa,Take-The-Honk-Pill,ekou4hm,ashtrayhangover
ekoshge,Ichaboddoc,ekose73,2_Scoops_ICE_cREEEam
ekp0dyk,fastmandan,ekouw77,gosamu
ekosj8h,KevoinAbby,ekosb24,TheEqualAtheist
ekosnt7,TheEqualAtheist,ekosj8h,KevoinAbby
ekoszr9,KevoinAbby,ekosnt7,TheEqualAtheist
ekotff4,TheEqualAtheist,ekoszr9,KevoinAbby
ekotscg,KevoinAbby,ekotff4,TheEqualAtheist
ekoutmc,TheEqualAtheist,ekotscg,KevoinAbby
ekp2pyq,commander_zoidberg,ekoutmc,TheEqualAtheist
ekov5nu,KevoinAbby,ekoutmc,TheEqualAtheist
ekoxg83,TheEqualAtheist,ekov5nu,KevoinAbby
ekoz5gc,BannedZealot,ekov5nu,KevoinAbby
ekoxpje,KevoinAbby,ekoxg83,TheEqualAtheist
ekoxqvu,TheEqualAtheist,ekoxpje,KevoinAbby
ekosnt7,TheEqualAtheist,ekosj8h,KevoinAbby
ekoszr9,KevoinAbby,ekosnt7,TheEqualAtheist
ekotff4,TheEqualAtheist,ekoszr9,KevoinAbby
ekotscg,KevoinAbby,ekotff4,TheEqualAtheist
ekoutmc,TheEqualAtheist,ekotscg,KevoinAbby
ekp2pyq,commander_zoidberg,ekoutmc,TheEqualAtheist
ekov5nu,KevoinAbby,ekoutmc,TheEqualAtheist
ekoxg83,TheEqualAtheist,ekov5nu,KevoinAbby
ekoz5gc,BannedZealot,ekov5nu,KevoinAbby
ekoxpje,KevoinAbby,ekoxg83,TheEqualAtheist
ekoxqvu,TheEqualAtheist,ekoxpje,KevoinAbby
ekoszr9,KevoinAbby,ekosnt7,TheEqualAtheist
ekotff4,TheEqualAtheist,ekoszr9,KevoinAbby
ekotscg,KevoinAbby,ekotff4,TheEqualAtheist
ekoutmc,TheEqualAtheist,ekotscg,KevoinAbby
ekp2pyq,commander_zoidberg,ekoutmc,TheEqualAtheist
ekov5nu,KevoinAbby,ekoutmc,TheEqualAtheist
ekoxg83,TheEqualAtheist,ekov5nu,KevoinAbby
ekoz5gc,BannedZealot,ekov5nu,KevoinAbby
ekoxpje,KevoinAbby,ekoxg83,TheEqualAtheist
ekoxqvu,TheEqualAtheist,ekoxpje,KevoinAbby
ekotff4,TheEqualAtheist,ekoszr9,KevoinAbby
ekotscg,KevoinAbby,ekotff4,TheEqualAtheist
ekoutmc,TheEqualAtheist,ekotscg,KevoinAbby
ekp2pyq,commander_zoidberg,ekoutmc,TheEqualAtheist
ekov5nu,KevoinAbby,ekoutmc,TheEqualAtheist
ekoxg83,TheEqualAtheist,ekov5nu,KevoinAbby
ekoz5gc,BannedZealot,ekov5nu,KevoinAbby
ekoxpje,KevoinAbby,ekoxg83,TheEqualAtheist
ekoxqvu,TheEqualAtheist,ekoxpje,KevoinAbby
ekotscg,KevoinAbby,ekotff4,TheEqualAtheist
ekoutmc,TheEqualAtheist,ekotscg,KevoinAbby
ekp2pyq,commander_zoidberg,ekoutmc,TheEqualAtheist
ekov5nu,KevoinAbby,ekoutmc,TheEqualAtheist
ekoxg83,TheEqualAtheist,ekov5nu,KevoinAbby
ekoz5gc,BannedZealot,ekov5nu,KevoinAbby
ekoxpje,KevoinAbby,ekoxg83,TheEqualAtheist
ekoxqvu,TheEqualAtheist,ekoxpje,KevoinAbby
ekoutmc,TheEqualAtheist,ekotscg,KevoinAbby
ekp2pyq,commander_zoidberg,ekoutmc,TheEqualAtheist
ekov5nu,KevoinAbby,ekoutmc,TheEqualAtheist
ekoxg83,TheEqualAtheist,ekov5nu,KevoinAbby
ekoz5gc,BannedZealot,ekov5nu,KevoinAbby
ekoxpje,KevoinAbby,ekoxg83,TheEqualAtheist
ekoxqvu,TheEqualAtheist,ekoxpje,KevoinAbby
ekp2pyq,commander_zoidberg,ekoutmc,TheEqualAtheist
ekov5nu,KevoinAbby,ekoutmc,TheEqualAtheist
ekoxg83,TheEqualAtheist,ekov5nu,KevoinAbby
ekoz5gc,BannedZealot,ekov5nu,KevoinAbby
ekoxpje,KevoinAbby,ekoxg83,TheEqualAtheist
ekoxqvu,TheEqualAtheist,ekoxpje,KevoinAbby
ekoxg83,TheEqualAtheist,ekov5nu,KevoinAbby
ekoxpje,KevoinAbby,ekoxg83,TheEqualAtheist
ekoxqvu,TheEqualAtheist,ekoxpje,KevoinAbby
ekoz5gc,BannedZealot,ekov5nu,KevoinAbby
ekoxpje,KevoinAbby,ekoxg83,TheEqualAtheist
ekoxqvu,TheEqualAtheist,ekoxpje,KevoinAbby
ekoxqvu,TheEqualAtheist,ekoxpje,KevoinAbby
