ekoa6zu,StephenScherer1,bc6zwx,atomolayanatomay
ekoe76m,the141,ekoa6zu,StephenScherer1
ekoea9a,DiamineBilBerry,ekoa6zu,StephenScherer1
ekojyue,,ekoa6zu,StephenScherer1
ekoezcv,NotNolan,ekoe76m,the141
ekog80b,StephenScherer1,ekoe76m,the141
ekok8oy,Maga4lifeshutitdown,ekoe76m,the141
ekokiw0,9000timesempty,ekoe76m,the141
ekoqp4j,-Howitzer-,ekoe76m,the141
ekog608,Toughsky_Shitsky,ekoea9a,DiamineBilBerry
ekojyus,AutoModerator,ekojyue,
ekofytf,garino55,ekoezcv,NotNolan
ekorqrc,boiling_enema,ekoezcv,NotNolan
ekoh86q,ButtFart88,ekog608,Toughsky_Shitsky
ekoh78w,Nonocon,ekog608,Toughsky_Shitsky
ekomlb0,Get-Em-Out,ekofytf,garino55
ekoi62w,StephenScherer1,ekoh86q,ButtFart88
ekokixx,Pappy_Gunn,ekoh86q,ButtFart88
ekop9lu,The_Litehaus_Abides,ekoh86q,ButtFart88
ekojf4r,option_coach,ekoi62w,StephenScherer1
ekob7oi,centipede400000,bc6zwx,atomolayanatomay
ekolj3y,YouTubeBrySi,ekob7oi,centipede400000
ekoo2pf,Splitcart,ekolj3y,YouTubeBrySi
ekoyvo2,absurdness,ekolj3y,YouTubeBrySi
ekp0lak,MuhammadDinduNuffin,ekolj3y,YouTubeBrySi
ekobjgp,unnamedjpg,bc6zwx,atomolayanatomay
ekocjae,h82saytolduso,ekobjgp,unnamedjpg
ekoe2to,atomolayanatomay,ekocjae,h82saytolduso
ekof1o3,,ekoe2to,atomolayanatomay
ekof4n6,atomolayanatomay,ekof1o3,
ekoga2a,Toughsky_Shitsky,ekof1o3,
ekof8eg,,ekof4n6,atomolayanatomay
ekohdcc,,ekoga2a,Toughsky_Shitsky
ekogbjw,SooMuchLove,ekof8eg,
ekohij0,Toughsky_Shitsky,ekohdcc,
ekohq2y,Toughsky_Shitsky,ekogbjw,SooMuchLove
ekobp47,Mamemoo,bc6zwx,atomolayanatomay
ekobw2e,qa2,ekobp47,Mamemoo
ekoctkh,phalanX_X,ekobw2e,qa2
ekoeqb4,BasedKekistani2016,ekoctkh,phalanX_X
ekoctfo,perfoverlaydrawfps1,bc6zwx,atomolayanatomay
ekoh31s,nut_up_orshutup,ekoctfo,perfoverlaydrawfps1
ekof4m3,xbeefystux,ekoctfo,perfoverlaydrawfps1
ekobq8f,FliesTheFlag,bc6zwx,atomolayanatomay
ekobnkw,TheVoiper,bc6zwx,atomolayanatomay
ekoeov8,qualityproduct,ekobnkw,TheVoiper
ekodsm0,dollarcover,ekobnkw,TheVoiper
ekp0pmw,MuhammadDinduNuffin,ekoeov8,qualityproduct
ekp0ppz,notreallyasub-BOT,ekp0pmw,MuhammadDinduNuffin
ekoe91y,soksniffer,bc6zwx,atomolayanatomay
ekokawb,AllTheWayTrump,ekoe91y,soksniffer
ekobaep,N9neRhymes,bc6zwx,atomolayanatomay
ekoce7n,RagnarsSoul,bc6zwx,atomolayanatomay
ekof7lk,MAGA_NICEPLANCRETIN,ekoce7n,RagnarsSoul
ekoev5e,,ekoce7n,RagnarsSoul
ekokkel,ITCHY_BUTT_HOLE,ekoce7n,RagnarsSoul
ekopfbk,colonellingus,ekoce7n,RagnarsSoul
ekof0p3,RagnarsSoul,ekoev5e,
ekocgl5,WindiPaper,bc6zwx,atomolayanatomay
ekobpa1,DX5,bc6zwx,atomolayanatomay
ekoddpl,amiblue333,bc6zwx,atomolayanatomay
ekoh7dr,sleepingsysadmin,bc6zwx,atomolayanatomay
ekodprr,FactsBeforeOpinions,bc6zwx,atomolayanatomay
ekod4y6,Leakmouth,bc6zwx,atomolayanatomay
ekodl5x,Engin_Ears,bc6zwx,atomolayanatomay
ekodnxg,dollarcover,bc6zwx,atomolayanatomay
ekohlsp,stonesolo,bc6zwx,atomolayanatomay
ekobpdl,mysteriamaxima,bc6zwx,atomolayanatomay
ekoc8w1,spartanburt,ekobpdl,mysteriamaxima
ekoe46q,DiamineBilBerry,bc6zwx,atomolayanatomay
ekof5rc,MmmhmmmTrump,bc6zwx,atomolayanatomay
ekocgvo,Mr_Trumps__Wild_Ride,bc6zwx,atomolayanatomay
ekof7f2,seadeezknots,bc6zwx,atomolayanatomay
ekof94t,SoFunnyLookin,bc6zwx,atomolayanatomay
ekofc4h,RaisingPhoenix,bc6zwx,atomolayanatomay
ekofoyt,Trump45,bc6zwx,atomolayanatomay
ekorhrk,sun_wolf,ekofoyt,Trump45
ekofqmz,Rasterblath,bc6zwx,atomolayanatomay
ekog8sh,johnsonman1,bc6zwx,atomolayanatomay
ekogcbn,MythArcana,bc6zwx,atomolayanatomay
ekoha1h,AnalogDevice,bc6zwx,atomolayanatomay
ekohe1v,con-fuzed,bc6zwx,atomolayanatomay
ekohua7,mivvan,bc6zwx,atomolayanatomay
ekoj1ja,scout77,bc6zwx,atomolayanatomay
ekok1q7,AllTheWayTrump,ekoj1ja,scout77
ekols43,scout77,ekok1q7,AllTheWayTrump
ekom7v0,findthewarmspot,bc6zwx,atomolayanatomay
ekon175,45bigdave,bc6zwx,atomolayanatomay
ekobutw,ThisExchange,bc6zwx,atomolayanatomay
ekobwbw,TRIGGERED_BY_CHALK,bc6zwx,atomolayanatomay
ekoc7oy,Bedwetting-Jussies,bc6zwx,atomolayanatomay
ekodaw4,blocksof,ekoc7oy,Bedwetting-Jussies
ekodyjp,redgreenyellowblu,bc6zwx,atomolayanatomay
ekoggct,lawless68,bc6zwx,atomolayanatomay
ekoilnr,reeb_,bc6zwx,atomolayanatomay
ekoir82,wallstreetclinton,bc6zwx,atomolayanatomay
ekojbnw,asianperswayze,bc6zwx,atomolayanatomay
ekoje3m,SeriousBlak,bc6zwx,atomolayanatomay
ekojttj,Useful_Vidiots,bc6zwx,atomolayanatomay
ekom57r,TheMustacheBandit,bc6zwx,atomolayanatomay
ekon2v8,45bigdave,bc6zwx,atomolayanatomay
ekonp6b,de3306,bc6zwx,atomolayanatomay
ekosfgv,Babytoad81,bc6zwx,atomolayanatomay
ekoycug,UsernameNeo,bc6zwx,atomolayanatomay
ekoey0o,Deedge111,bc6zwx,atomolayanatomay
ekofwko,atomolayanatomay,ekoey0o,Deedge111
ekocjha,,bc6zwx,atomolayanatomay
ekoeq30,sublimeinslime,ekocjha,
ekoiqh0,crackcrank,ekoeq30,sublimeinslime
ekoish1,sublimeinslime,ekoiqh0,crackcrank
ekokjnv,crackcrank,ekoish1,sublimeinslime
ekolu4f,Useful_Vidiots,ekoish1,sublimeinslime
ekolwmm,Useful_Vidiots,ekokjnv,crackcrank
ekoe76m,the141,ekoa6zu,StephenScherer1
ekoezcv,NotNolan,ekoe76m,the141
ekog80b,StephenScherer1,ekoe76m,the141
ekok8oy,Maga4lifeshutitdown,ekoe76m,the141
ekokiw0,9000timesempty,ekoe76m,the141
ekoqp4j,-Howitzer-,ekoe76m,the141
ekofytf,garino55,ekoezcv,NotNolan
ekorqrc,boiling_enema,ekoezcv,NotNolan
ekomlb0,Get-Em-Out,ekofytf,garino55
ekoea9a,DiamineBilBerry,ekoa6zu,StephenScherer1
ekog608,Toughsky_Shitsky,ekoea9a,DiamineBilBerry
ekoh86q,ButtFart88,ekog608,Toughsky_Shitsky
ekoh78w,Nonocon,ekog608,Toughsky_Shitsky
ekoi62w,StephenScherer1,ekoh86q,ButtFart88
ekokixx,Pappy_Gunn,ekoh86q,ButtFart88
ekop9lu,The_Litehaus_Abides,ekoh86q,ButtFart88
ekojf4r,option_coach,ekoi62w,StephenScherer1
ekojyue,,ekoa6zu,StephenScherer1
ekojyus,AutoModerator,ekojyue,
ekolj3y,YouTubeBrySi,ekob7oi,centipede400000
ekoo2pf,Splitcart,ekolj3y,YouTubeBrySi
ekoyvo2,absurdness,ekolj3y,YouTubeBrySi
ekp0lak,MuhammadDinduNuffin,ekolj3y,YouTubeBrySi
ekocjae,h82saytolduso,ekobjgp,unnamedjpg
ekoe2to,atomolayanatomay,ekocjae,h82saytolduso
ekof1o3,,ekoe2to,atomolayanatomay
ekof4n6,atomolayanatomay,ekof1o3,
ekoga2a,Toughsky_Shitsky,ekof1o3,
ekof8eg,,ekof4n6,atomolayanatomay
ekohdcc,,ekoga2a,Toughsky_Shitsky
ekogbjw,SooMuchLove,ekof8eg,
ekohij0,Toughsky_Shitsky,ekohdcc,
ekohq2y,Toughsky_Shitsky,ekogbjw,SooMuchLove
ekobw2e,qa2,ekobp47,Mamemoo
ekoctkh,phalanX_X,ekobw2e,qa2
ekoeqb4,BasedKekistani2016,ekoctkh,phalanX_X
ekoh31s,nut_up_orshutup,ekoctfo,perfoverlaydrawfps1
ekof4m3,xbeefystux,ekoctfo,perfoverlaydrawfps1
ekoeov8,qualityproduct,ekobnkw,TheVoiper
ekp0pmw,MuhammadDinduNuffin,ekoeov8,qualityproduct
ekp0ppz,notreallyasub-BOT,ekp0pmw,MuhammadDinduNuffin
ekodsm0,dollarcover,ekobnkw,TheVoiper
ekokawb,AllTheWayTrump,ekoe91y,soksniffer
ekof7lk,MAGA_NICEPLANCRETIN,ekoce7n,RagnarsSoul
ekoev5e,,ekoce7n,RagnarsSoul
ekof0p3,RagnarsSoul,ekoev5e,
ekokkel,ITCHY_BUTT_HOLE,ekoce7n,RagnarsSoul
ekopfbk,colonellingus,ekoce7n,RagnarsSoul
ekoc8w1,spartanburt,ekobpdl,mysteriamaxima
ekorhrk,sun_wolf,ekofoyt,Trump45
ekok1q7,AllTheWayTrump,ekoj1ja,scout77
ekols43,scout77,ekok1q7,AllTheWayTrump
ekodaw4,blocksof,ekoc7oy,Bedwetting-Jussies
ekofwko,atomolayanatomay,ekoey0o,Deedge111
ekoeq30,sublimeinslime,ekocjha,
ekoiqh0,crackcrank,ekoeq30,sublimeinslime
ekoish1,sublimeinslime,ekoiqh0,crackcrank
ekokjnv,crackcrank,ekoish1,sublimeinslime
ekolu4f,Useful_Vidiots,ekoish1,sublimeinslime
ekolwmm,Useful_Vidiots,ekokjnv,crackcrank
ekoezcv,NotNolan,ekoe76m,the141
ekofytf,garino55,ekoezcv,NotNolan
ekorqrc,boiling_enema,ekoezcv,NotNolan
ekomlb0,Get-Em-Out,ekofytf,garino55
ekog80b,StephenScherer1,ekoe76m,the141
ekok8oy,Maga4lifeshutitdown,ekoe76m,the141
ekokiw0,9000timesempty,ekoe76m,the141
ekoqp4j,-Howitzer-,ekoe76m,the141
ekog608,Toughsky_Shitsky,ekoea9a,DiamineBilBerry
ekoh86q,ButtFart88,ekog608,Toughsky_Shitsky
ekoh78w,Nonocon,ekog608,Toughsky_Shitsky
ekoi62w,StephenScherer1,ekoh86q,ButtFart88
ekokixx,Pappy_Gunn,ekoh86q,ButtFart88
ekop9lu,The_Litehaus_Abides,ekoh86q,ButtFart88
ekojf4r,option_coach,ekoi62w,StephenScherer1
ekojyus,AutoModerator,ekojyue,
ekoo2pf,Splitcart,ekolj3y,YouTubeBrySi
ekoyvo2,absurdness,ekolj3y,YouTubeBrySi
ekp0lak,MuhammadDinduNuffin,ekolj3y,YouTubeBrySi
ekoe2to,atomolayanatomay,ekocjae,h82saytolduso
ekof1o3,,ekoe2to,atomolayanatomay
ekof4n6,atomolayanatomay,ekof1o3,
ekoga2a,Toughsky_Shitsky,ekof1o3,
ekof8eg,,ekof4n6,atomolayanatomay
ekohdcc,,ekoga2a,Toughsky_Shitsky
ekogbjw,SooMuchLove,ekof8eg,
ekohij0,Toughsky_Shitsky,ekohdcc,
ekohq2y,Toughsky_Shitsky,ekogbjw,SooMuchLove
ekoctkh,phalanX_X,ekobw2e,qa2
ekoeqb4,BasedKekistani2016,ekoctkh,phalanX_X
ekp0pmw,MuhammadDinduNuffin,ekoeov8,qualityproduct
ekp0ppz,notreallyasub-BOT,ekp0pmw,MuhammadDinduNuffin
ekof0p3,RagnarsSoul,ekoev5e,
ekols43,scout77,ekok1q7,AllTheWayTrump
ekoiqh0,crackcrank,ekoeq30,sublimeinslime
ekoish1,sublimeinslime,ekoiqh0,crackcrank
ekokjnv,crackcrank,ekoish1,sublimeinslime
ekolu4f,Useful_Vidiots,ekoish1,sublimeinslime
ekolwmm,Useful_Vidiots,ekokjnv,crackcrank
ekofytf,garino55,ekoezcv,NotNolan
ekomlb0,Get-Em-Out,ekofytf,garino55
ekorqrc,boiling_enema,ekoezcv,NotNolan
ekoh86q,ButtFart88,ekog608,Toughsky_Shitsky
ekoi62w,StephenScherer1,ekoh86q,ButtFart88
ekokixx,Pappy_Gunn,ekoh86q,ButtFart88
ekop9lu,The_Litehaus_Abides,ekoh86q,ButtFart88
ekojf4r,option_coach,ekoi62w,StephenScherer1
ekoh78w,Nonocon,ekog608,Toughsky_Shitsky
ekof1o3,,ekoe2to,atomolayanatomay
ekof4n6,atomolayanatomay,ekof1o3,
ekoga2a,Toughsky_Shitsky,ekof1o3,
ekof8eg,,ekof4n6,atomolayanatomay
ekohdcc,,ekoga2a,Toughsky_Shitsky
ekogbjw,SooMuchLove,ekof8eg,
ekohij0,Toughsky_Shitsky,ekohdcc,
ekohq2y,Toughsky_Shitsky,ekogbjw,SooMuchLove
ekoeqb4,BasedKekistani2016,ekoctkh,phalanX_X
ekp0ppz,notreallyasub-BOT,ekp0pmw,MuhammadDinduNuffin
ekoish1,sublimeinslime,ekoiqh0,crackcrank
ekokjnv,crackcrank,ekoish1,sublimeinslime
ekolu4f,Useful_Vidiots,ekoish1,sublimeinslime
ekolwmm,Useful_Vidiots,ekokjnv,crackcrank
ekomlb0,Get-Em-Out,ekofytf,garino55
ekoi62w,StephenScherer1,ekoh86q,ButtFart88
ekojf4r,option_coach,ekoi62w,StephenScherer1
ekokixx,Pappy_Gunn,ekoh86q,ButtFart88
ekop9lu,The_Litehaus_Abides,ekoh86q,ButtFart88
ekof4n6,atomolayanatomay,ekof1o3,
ekof8eg,,ekof4n6,atomolayanatomay
ekogbjw,SooMuchLove,ekof8eg,
ekohq2y,Toughsky_Shitsky,ekogbjw,SooMuchLove
ekoga2a,Toughsky_Shitsky,ekof1o3,
ekohdcc,,ekoga2a,Toughsky_Shitsky
ekohij0,Toughsky_Shitsky,ekohdcc,
ekokjnv,crackcrank,ekoish1,sublimeinslime
ekolwmm,Useful_Vidiots,ekokjnv,crackcrank
ekolu4f,Useful_Vidiots,ekoish1,sublimeinslime
ekojf4r,option_coach,ekoi62w,StephenScherer1
ekof8eg,,ekof4n6,atomolayanatomay
ekogbjw,SooMuchLove,ekof8eg,
ekohq2y,Toughsky_Shitsky,ekogbjw,SooMuchLove
ekohdcc,,ekoga2a,Toughsky_Shitsky
ekohij0,Toughsky_Shitsky,ekohdcc,
ekolwmm,Useful_Vidiots,ekokjnv,crackcrank
ekogbjw,SooMuchLove,ekof8eg,
ekohq2y,Toughsky_Shitsky,ekogbjw,SooMuchLove
ekohij0,Toughsky_Shitsky,ekohdcc,
ekohq2y,Toughsky_Shitsky,ekogbjw,SooMuchLove
