ekovg5k,Ladyballs004,bc9ewq,bmir88
ekovoy4,bmir88,ekovg5k,Ladyballs004
ekpklii,AltoRhombus,ekovg5k,Ladyballs004
ekovve4,Ladyballs004,ekovoy4,bmir88
ekp8lu1,SBCrystal,ekovoy4,bmir88
ekp54cv,cuppyuppycake,ekovoy4,bmir88
ekp6jnn,8976r7,ekovoy4,bmir88
ekpdx5s,newbris,ekovoy4,bmir88
ekpjic1,reddituserzerosix,ekovoy4,bmir88
ekpar2i,kodobeast21,ekovoy4,bmir88
ekpo3oy,NumerousAd8,ekovoy4,bmir88
ekps468,BuddhaBizZ,ekovoy4,bmir88
ekpop2g,EmberHands,ekpklii,AltoRhombus
ekpmkgg,FracturedAnt1,ekpklii,AltoRhombus
ekpo1ry,AylaKittyCat,ekpklii,AltoRhombus
ekpi5m4,TubbyMarmot,ekp8lu1,SBCrystal
ekpcvg0,susono,ekp6jnn,8976r7
ekpq30l,MamaBear4485,ekpo1ry,AylaKittyCat
ekotnj5,d06h0201,bc9ewq,bmir88
ekotskp,bmir88,ekotnj5,d06h0201
ekpnjxa,joleme,ekotnj5,d06h0201
ekou5xd,d06h0201,ekotskp,bmir88
ekovsar,bmir88,ekou5xd,d06h0201
ekow37u,Whiskey_Before_Noon,bc9ewq,bmir88
ekowxum,bmir88,ekow37u,Whiskey_Before_Noon
ekow98n,Impairedmilkman13,ekow37u,Whiskey_Before_Noon
ekp7k1m,TwiceWritten,ekowxum,bmir88
ekpsddb,_alelia_,ekow98n,Impairedmilkman13
ekp7uyj,peabutjam,ekp7k1m,TwiceWritten
ekp7ps8,Chakz,ekp7k1m,TwiceWritten
ekp7y7h,TwiceWritten,ekp7uyj,peabutjam
ekp7uvq,TwiceWritten,ekp7ps8,Chakz
ekpn1le,mjmjuh,ekp7uvq,TwiceWritten
ekp7x0o,Chakz,ekp7uvq,TwiceWritten
ekpr31c,rapaxus,ekpn1le,mjmjuh
ekowpgl,pkkitty67,bc9ewq,bmir88
ekp6k6j,bluevsred415,ekowpgl,pkkitty67
ekpa4ms,AtheistAustralis,ekp6k6j,bluevsred415
ekpkr83,Upuaut_III,ekp6k6j,bluevsred415
ekpl7i5,LOUD-AF,ekp6k6j,bluevsred415
ekot0uk,Spellbindehr,bc9ewq,bmir88
ekp6xft,pekaxing94,bc9ewq,bmir88
ekpdluq,blakmizuri,ekp6xft,pekaxing94
ekp57ia,NezuminoraQ,bc9ewq,bmir88
ekp2021,tippsy_mcstagger,bc9ewq,bmir88
ekp9ewx,David_51,bc9ewq,bmir88
ekpgaat,TJ_McWeaksauce,ekp9ewx,David_51
ekpdq0q,timotioman,ekp9ewx,David_51
ekprgsr,suzannealamo,ekp9ewx,David_51
ekotvzo,ExtraGingerSpice,bc9ewq,bmir88
ekp2n56,joblagz2,bc9ewq,bmir88
ekps3vb,jacobsever,ekp2n56,joblagz2
ekp4ee0,krex10_,bc9ewq,bmir88
ekp8jvf,metaphoris,bc9ewq,bmir88
ekp8mku,oliveiraexp,ekp8jvf,metaphoris
ekpoa1h,ng300,ekp8jvf,metaphoris
ekprv6j,UberUSB,ekp8jvf,metaphoris
ekps5cb,AssMustard,ekprv6j,UberUSB
ekp9z06,Dance4Bees,bc9ewq,bmir88
ekpq6ie,mybootylikestotooty,ekp9z06,Dance4Bees
ekp7eh8,congealedplatypus,bc9ewq,bmir88
ekpbod2,TheGunslingerRechena,bc9ewq,bmir88
ekp7lse,calicali3,bc9ewq,bmir88
ekpgo4l,toolateforRE,bc9ewq,bmir88
ekp7ofp,sulestrange,bc9ewq,bmir88
ekp88pm,filofil,bc9ewq,bmir88
ekpd3bs,OmegaWard,bc9ewq,bmir88
ekpfw86,Kulfyr3,bc9ewq,bmir88
ekpjy31,Cows-go-moo-,bc9ewq,bmir88
ekpmn8v,pilot_error,bc9ewq,bmir88
ekpceo9,NewLeaseOnLine,bc9ewq,bmir88
ekpl7x1,HelmutHoffman,ekpceo9,NewLeaseOnLine
ekp7zxe,hippieshaken,bc9ewq,bmir88
ekp7hpc,leesun7,bc9ewq,bmir88
ekp81zf,uk_in_ca,bc9ewq,bmir88
ekpa037,shipboatx,bc9ewq,bmir88
ekpaqv3,FantasticBlood0,bc9ewq,bmir88
ekpbice,errjelly,bc9ewq,bmir88
ekpbjcw,MattMythic,bc9ewq,bmir88
ekpcb19,TheGunslingerRechena,ekpbjcw,MattMythic
ekpd9vy,Sloredama,bc9ewq,bmir88
ekpeaqu,complexcompoundword,bc9ewq,bmir88
ekpn8ar,re_nonsequiturs,ekpeaqu,complexcompoundword
ekpekcv,Letitbemesickgirl,bc9ewq,bmir88
ekpg4kt,cowscantgodownstairs,bc9ewq,bmir88
ekpg99q,arfyarfington,bc9ewq,bmir88
ekph7ey,wallynext,bc9ewq,bmir88
ekpjr8e,1_1_3_4,bc9ewq,bmir88
ekpmvu2,TerraFlareKSFL,bc9ewq,bmir88
ekpn8xh,dlourenco182,bc9ewq,bmir88
ekpnicy,Reddnekkid,bc9ewq,bmir88
ekpno51,LeSeraphim,bc9ewq,bmir88
ekpoxlv,asshandsintheair,bc9ewq,bmir88
ekpscb6,UberUSB,ekpoxlv,asshandsintheair
ekppbp5,hmgoody,bc9ewq,bmir88
ekppebz,TheQuietManUpNorth,bc9ewq,bmir88
ekprfsi,Bronxieb,bc9ewq,bmir88
ekp7152,mideastmidwest,bc9ewq,bmir88
ekpqk74,russianvoodoo,ekp7152,mideastmidwest
ekow0wd,skylinker,bc9ewq,bmir88
ekp6ltf,mikehipp,bc9ewq,bmir88
ekp65c7,BarmpotP3psi,bc9ewq,bmir88
ekp6ruy,snickersmum,bc9ewq,bmir88
ekp9xgy,logicaleak,bc9ewq,bmir88
ekpasxz,brosendaal,bc9ewq,bmir88
ekpdk1p,wolf090909,bc9ewq,bmir88
ekpe7an,AmnesiaSock,bc9ewq,bmir88
ekpe9zb,Fairuse,bc9ewq,bmir88
ekpehyb,Eskimosubmarine,bc9ewq,bmir88
ekpei78,WarmCookiesAndCream,bc9ewq,bmir88
ekpf6v0,curzedd,bc9ewq,bmir88
ekpf8th,call_madz,bc9ewq,bmir88
ekpfkgi,Dhaem17,bc9ewq,bmir88
ekpgh96,roxrae,bc9ewq,bmir88
ekpgqk0,caesarrock,bc9ewq,bmir88
ekph3yu,Happinessrules,bc9ewq,bmir88
ekph4ev,Hammom8,bc9ewq,bmir88
ekpizaf,jeffuhwee,bc9ewq,bmir88
ekpjk6y,SCViper,bc9ewq,bmir88
ekpjshk,Seven_Veils,bc9ewq,bmir88
ekpk90r,ricardomcm,bc9ewq,bmir88
ekplh1a,cherushii_,bc9ewq,bmir88
ekploc1,The_Mechanist24,bc9ewq,bmir88
ekpmm74,Vanquisher-mm,bc9ewq,bmir88
ekpmpn8,Sankdamoney,bc9ewq,bmir88
ekpnfop,turtletyler,bc9ewq,bmir88
ekpngz7,linemonster,bc9ewq,bmir88
ekpnkmr,Yusi-D-Jordan,bc9ewq,bmir88
ekpnnyl,mysagacontinues,bc9ewq,bmir88
ekpnupb,isthatsoreddit,bc9ewq,bmir88
ekppidn,purpbydapound18,bc9ewq,bmir88
ekppoa9,42Navigator,bc9ewq,bmir88
ekppx3a,dcoble,bc9ewq,bmir88
ekpq6t3,black_khobz,bc9ewq,bmir88
ekpq952,MamaBear4485,bc9ewq,bmir88
ekpr774,killerjags,bc9ewq,bmir88
ekpr7d4,The-Worst-Bot,ekpr774,killerjags
ekpreu0,Juliana125,bc9ewq,bmir88
ekprewl,aletamale,bc9ewq,bmir88
ekps2rs,thealternateopinion,bc9ewq,bmir88
ekp56lw,Supersymm3try,bc9ewq,bmir88
ekpej2l,Vivianne_Vulve,ekp56lw,Supersymm3try
ekpayf4,StevenTM,bc9ewq,bmir88
ekpbfm8,4Host7Migration,bc9ewq,bmir88
ekpel5t,ben-utzmich,bc9ewq,bmir88
ekp7uct,nazipunchingcommie,bc9ewq,bmir88
ekpl55t,LandingSupport,bc9ewq,bmir88
ekpcd5r,BuffaloCrocodile,bc9ewq,bmir88
ekpinsw,Chilipepah,bc9ewq,bmir88
ekppyzd,desivaperUSA,bc9ewq,bmir88
ekp97gp,true_DNA,bc9ewq,bmir88
ekp9kmi,GhostWolfBeth,bc9ewq,bmir88
ekpmbjg,RogueSpartan,bc9ewq,bmir88
ekovoy4,bmir88,ekovg5k,Ladyballs004
ekovve4,Ladyballs004,ekovoy4,bmir88
ekp8lu1,SBCrystal,ekovoy4,bmir88
ekp54cv,cuppyuppycake,ekovoy4,bmir88
ekp6jnn,8976r7,ekovoy4,bmir88
ekpdx5s,newbris,ekovoy4,bmir88
ekpjic1,reddituserzerosix,ekovoy4,bmir88
ekpar2i,kodobeast21,ekovoy4,bmir88
ekpo3oy,NumerousAd8,ekovoy4,bmir88
ekps468,BuddhaBizZ,ekovoy4,bmir88
ekpi5m4,TubbyMarmot,ekp8lu1,SBCrystal
ekpcvg0,susono,ekp6jnn,8976r7
ekpklii,AltoRhombus,ekovg5k,Ladyballs004
ekpop2g,EmberHands,ekpklii,AltoRhombus
ekpmkgg,FracturedAnt1,ekpklii,AltoRhombus
ekpo1ry,AylaKittyCat,ekpklii,AltoRhombus
ekpq30l,MamaBear4485,ekpo1ry,AylaKittyCat
ekotskp,bmir88,ekotnj5,d06h0201
ekou5xd,d06h0201,ekotskp,bmir88
ekovsar,bmir88,ekou5xd,d06h0201
ekpnjxa,joleme,ekotnj5,d06h0201
ekowxum,bmir88,ekow37u,Whiskey_Before_Noon
ekp7k1m,TwiceWritten,ekowxum,bmir88
ekp7uyj,peabutjam,ekp7k1m,TwiceWritten
ekp7ps8,Chakz,ekp7k1m,TwiceWritten
ekp7y7h,TwiceWritten,ekp7uyj,peabutjam
ekp7uvq,TwiceWritten,ekp7ps8,Chakz
ekpn1le,mjmjuh,ekp7uvq,TwiceWritten
ekp7x0o,Chakz,ekp7uvq,TwiceWritten
ekpr31c,rapaxus,ekpn1le,mjmjuh
ekow98n,Impairedmilkman13,ekow37u,Whiskey_Before_Noon
ekpsddb,_alelia_,ekow98n,Impairedmilkman13
ekp6k6j,bluevsred415,ekowpgl,pkkitty67
ekpa4ms,AtheistAustralis,ekp6k6j,bluevsred415
ekpkr83,Upuaut_III,ekp6k6j,bluevsred415
ekpl7i5,LOUD-AF,ekp6k6j,bluevsred415
ekpdluq,blakmizuri,ekp6xft,pekaxing94
ekpgaat,TJ_McWeaksauce,ekp9ewx,David_51
ekpdq0q,timotioman,ekp9ewx,David_51
ekprgsr,suzannealamo,ekp9ewx,David_51
ekps3vb,jacobsever,ekp2n56,joblagz2
ekp8mku,oliveiraexp,ekp8jvf,metaphoris
ekpoa1h,ng300,ekp8jvf,metaphoris
ekprv6j,UberUSB,ekp8jvf,metaphoris
ekps5cb,AssMustard,ekprv6j,UberUSB
ekpq6ie,mybootylikestotooty,ekp9z06,Dance4Bees
ekpl7x1,HelmutHoffman,ekpceo9,NewLeaseOnLine
ekpcb19,TheGunslingerRechena,ekpbjcw,MattMythic
ekpn8ar,re_nonsequiturs,ekpeaqu,complexcompoundword
ekpscb6,UberUSB,ekpoxlv,asshandsintheair
ekpqk74,russianvoodoo,ekp7152,mideastmidwest
ekpr7d4,The-Worst-Bot,ekpr774,killerjags
ekpej2l,Vivianne_Vulve,ekp56lw,Supersymm3try
ekovve4,Ladyballs004,ekovoy4,bmir88
ekp8lu1,SBCrystal,ekovoy4,bmir88
ekpi5m4,TubbyMarmot,ekp8lu1,SBCrystal
ekp54cv,cuppyuppycake,ekovoy4,bmir88
ekp6jnn,8976r7,ekovoy4,bmir88
ekpcvg0,susono,ekp6jnn,8976r7
ekpdx5s,newbris,ekovoy4,bmir88
ekpjic1,reddituserzerosix,ekovoy4,bmir88
ekpar2i,kodobeast21,ekovoy4,bmir88
ekpo3oy,NumerousAd8,ekovoy4,bmir88
ekps468,BuddhaBizZ,ekovoy4,bmir88
ekpop2g,EmberHands,ekpklii,AltoRhombus
ekpmkgg,FracturedAnt1,ekpklii,AltoRhombus
ekpo1ry,AylaKittyCat,ekpklii,AltoRhombus
ekpq30l,MamaBear4485,ekpo1ry,AylaKittyCat
ekou5xd,d06h0201,ekotskp,bmir88
ekovsar,bmir88,ekou5xd,d06h0201
ekp7k1m,TwiceWritten,ekowxum,bmir88
ekp7uyj,peabutjam,ekp7k1m,TwiceWritten
ekp7ps8,Chakz,ekp7k1m,TwiceWritten
ekp7y7h,TwiceWritten,ekp7uyj,peabutjam
ekp7uvq,TwiceWritten,ekp7ps8,Chakz
ekpn1le,mjmjuh,ekp7uvq,TwiceWritten
ekp7x0o,Chakz,ekp7uvq,TwiceWritten
ekpr31c,rapaxus,ekpn1le,mjmjuh
ekpsddb,_alelia_,ekow98n,Impairedmilkman13
ekpa4ms,AtheistAustralis,ekp6k6j,bluevsred415
ekpkr83,Upuaut_III,ekp6k6j,bluevsred415
ekpl7i5,LOUD-AF,ekp6k6j,bluevsred415
ekps5cb,AssMustard,ekprv6j,UberUSB
ekpi5m4,TubbyMarmot,ekp8lu1,SBCrystal
ekpcvg0,susono,ekp6jnn,8976r7
ekpq30l,MamaBear4485,ekpo1ry,AylaKittyCat
ekovsar,bmir88,ekou5xd,d06h0201
ekp7uyj,peabutjam,ekp7k1m,TwiceWritten
ekp7y7h,TwiceWritten,ekp7uyj,peabutjam
ekp7ps8,Chakz,ekp7k1m,TwiceWritten
ekp7uvq,TwiceWritten,ekp7ps8,Chakz
ekpn1le,mjmjuh,ekp7uvq,TwiceWritten
ekp7x0o,Chakz,ekp7uvq,TwiceWritten
ekpr31c,rapaxus,ekpn1le,mjmjuh
ekp7y7h,TwiceWritten,ekp7uyj,peabutjam
ekp7uvq,TwiceWritten,ekp7ps8,Chakz
ekpn1le,mjmjuh,ekp7uvq,TwiceWritten
ekp7x0o,Chakz,ekp7uvq,TwiceWritten
ekpr31c,rapaxus,ekpn1le,mjmjuh
ekpn1le,mjmjuh,ekp7uvq,TwiceWritten
ekpr31c,rapaxus,ekpn1le,mjmjuh
ekp7x0o,Chakz,ekp7uvq,TwiceWritten
ekpr31c,rapaxus,ekpn1le,mjmjuh
ekoyq1h,MissPredicament,bc9i3h,edestron
ekpdtrc,N00neUkn0w,ekoyq1h,MissPredicament
ekpfst8,pleasefeedthedino,ekoyq1h,MissPredicament
ekp7c0z,Nubsan,ekoyq1h,MissPredicament
ekpjzwx,allectohassten,ekoyq1h,MissPredicament
ekpmkxn,rautankankut,ekpdtrc,N00neUkn0w
ekpkmih,herpaderpadont,ekpfst8,pleasefeedthedino
ekpna2y,socialgadfly420,ekpfst8,pleasefeedthedino
ekpqy3l,marilyn_morose,ekpfst8,pleasefeedthedino
ekplsv7,accio_doggo,ekpfst8,pleasefeedthedino
ekprhhw,lesbian_czar,ekpfst8,pleasefeedthedino
ekpljl4,The_Mechanist24,ekpkmih,herpaderpadont
ekpsbcm,tjreess,ekpljl4,The_Mechanist24
ekp5van,AusCan531,bc9i3h,edestron
ekpby94,noobie2017,ekp5van,AusCan531
ekpqwur,thisdwarf1794,ekpby94,noobie2017
ekp9cbe,annnaaan,bc9i3h,edestron
ekpinud,decaffed,ekp9cbe,annnaaan
ekp3e7t,YonderToad,bc9i3h,edestron
ekpj6u1,KurtAngus,ekp3e7t,YonderToad
ekotony,Rudi26,bc9i3h,edestron
ekoylsn,thndrstrk,ekotony,Rudi26
ekpptlv,TurdQuadratic,ekotony,Rudi26
ekpbv1t,DIrtyVendetta80,ekoylsn,thndrstrk
ekotsax,cOnSumTs,bc9i3h,edestron
ekp4yyz,Rock3t_Ninja,bc9i3h,edestron
ekpdgmu,Ravaen769,bc9i3h,edestron
ekphqc3,Tutts,ekpdgmu,Ravaen769
ekpb9eo,mider-span,bc9i3h,edestron
ekpbtzz,ohheyitsMegan,ekpb9eo,mider-span
ekpcmvl,aegis41,ekpb9eo,mider-span
ekp5wf8,flaystus,bc9i3h,edestron
ekpkhyk,apocoluster,ekp5wf8,flaystus
ekp8j01,triskelios369,bc9i3h,edestron
ekpho1m,VoE_Monkey_Overlord,bc9i3h,edestron
ekpnclp,Reddnekkid,ekpho1m,VoE_Monkey_Overlord
ekpn6ze,weaslecookie7,ekpho1m,VoE_Monkey_Overlord
ekoyp1y,thndrstrk,bc9i3h,edestron
ekoy4ov,Cajahope,bc9i3h,edestron
ekozdnm,SC2sam,ekoy4ov,Cajahope
ekpi62y,olderaccount,ekoy4ov,Cajahope
ekoykbm,JustBW,ekoy4ov,Cajahope
ekpcnui,EmbarrassedLock,ekoy4ov,Cajahope
ekpa54a,dijitaq,bc9i3h,edestron
ekpg7gy,zfive,bc9i3h,edestron
ekpmhff,Takodanachoochoo,ekpg7gy,zfive
ekpne1z,Reddnekkid,ekpg7gy,zfive
ekpo9qf,nootnoottoottoot,ekpne1z,Reddnekkid
ekp8fq4,megaweb,bc9i3h,edestron
ekpldjh,Ghost-Of-Nappa,ekp8fq4,megaweb
ekpf4vs,thememelord12390,ekp8fq4,megaweb
ekovoy9,Xyz_32111elf,bc9i3h,edestron
ekp8yvb,din0spam0ni,bc9i3h,edestron
ekph51y,Ghigneos,bc9i3h,edestron
ekouftc,isit2020yet-,bc9i3h,edestron
ekpcxog,CathyKeas,bc9i3h,edestron
ekoy4y1,-Palzon-,bc9i3h,edestron
ekp1836,HorrorMoviesYEET,ekoy4y1,-Palzon-
ekp6b2w,hailcharlaria,ekp1836,HorrorMoviesYEET
ekp6wm4,SusanForeman,ekp1836,HorrorMoviesYEET
ekp1xls,TuhTodayJr,ekp1836,HorrorMoviesYEET
ekp8zia,JimLaheysGhost,ekp6b2w,hailcharlaria
ekp94m5,smol_lebowski,ekp6b2w,hailcharlaria
ekp3hix,MGEESMAMMA,bc9i3h,edestron
ekpo1az,originalchaosinabox,bc9i3h,edestron
ekowwfa,OriginalWaterChamp,bc9i3h,edestron
ekp7wy0,Calypsoobrian,bc9i3h,edestron
ekpf8qi,asleepinthetreestand,bc9i3h,edestron
ekpg4n1,TJ_McWeaksauce,bc9i3h,edestron
ekpmjic,ShaneoMc1989,bc9i3h,edestron
ekpbp1m,Diazepampoovey,bc9i3h,edestron
ekpfpal,Allydarvel,bc9i3h,edestron
ekpaq1t,EmbarrassedLock,bc9i3h,edestron
ekpceid,SadlySofjo,ekpaq1t,EmbarrassedLock
ekpasdz,Bustucka,bc9i3h,edestron
ekpeeox,Zerathios,bc9i3h,edestron
ekpfvh4,Urgentsubset,bc9i3h,edestron
ekpj502,2assassin_fdgod2,bc9i3h,edestron
ekpkjpr,apocoluster,bc9i3h,edestron
ekplsei,manoverboard5702,bc9i3h,edestron
ekpmi0y,dockows412,bc9i3h,edestron
ekpmz9e,Ti7ANEUM,bc9i3h,edestron
ekpqitu,KingKreeper17,ekpmz9e,Ti7ANEUM
ekpqkji,Ti7ANEUM,ekpqitu,KingKreeper17
ekpppx6,Brewlay79,bc9i3h,edestron
ekppy3a,Irrelaphant,bc9i3h,edestron
ekpqcyx,Burnham113,bc9i3h,edestron
ekpqdrf,chwisdeen,bc9i3h,edestron
ekpqi2v,sabret00the,ekpqdrf,chwisdeen
ekprc92,redoilokie,bc9i3h,edestron
ekpek17,HBCD215,bc9i3h,edestron
ekpcukv,EmilTheEmu,bc9i3h,edestron
ekp89ck,edee160,bc9i3h,edestron
ekpa24y,Wutz_appenin,bc9i3h,edestron
ekpezh1,whatsariho,bc9i3h,edestron
ekps93i,jeremyjimmy,ekpezh1,whatsariho
ekp3wnd,grapereader,bc9i3h,edestron
ekpajc6,ComebackKid9898,ekp3wnd,grapereader
ekpallz,ThisFatGirlRuns,bc9i3h,edestron
ekpcxvl,CathyKeas,bc9i3h,edestron
ekpdc4a,Aetrion,bc9i3h,edestron
ekpej16,Ozimandius,ekpdc4a,Aetrion
ekpdwbg,SludgeVohaul,ekpdc4a,Aetrion
ekpeiwo,eneeidiot,ekpdc4a,Aetrion
ekprfvb,KingKreeper17,ekpdc4a,Aetrion
ekpeshp,Aetrion,ekpej16,Ozimandius
ekpefxe,Aetrion,ekpdwbg,SludgeVohaul
ekpev6c,Aetrion,ekpeiwo,eneeidiot
ekpjt9s,Ozimandius,ekpeshp,Aetrion
ekpfs13,eneeidiot,ekpev6c,Aetrion
ekpminr,JustTellTheTruthDude,bc9i3h,edestron
ekpmzqi,whenthericeisready,ekpminr,JustTellTheTruthDude
ekpqjya,KingKreeper17,ekpminr,JustTellTheTruthDude
ekpfqxk,MelonFag,bc9i3h,edestron
ekpqo87,KingKreeper17,ekpfqxk,MelonFag
ekpdtrc,N00neUkn0w,ekoyq1h,MissPredicament
ekpmkxn,rautankankut,ekpdtrc,N00neUkn0w
ekpfst8,pleasefeedthedino,ekoyq1h,MissPredicament
ekpkmih,herpaderpadont,ekpfst8,pleasefeedthedino
ekpna2y,socialgadfly420,ekpfst8,pleasefeedthedino
ekpqy3l,marilyn_morose,ekpfst8,pleasefeedthedino
ekplsv7,accio_doggo,ekpfst8,pleasefeedthedino
ekprhhw,lesbian_czar,ekpfst8,pleasefeedthedino
ekpljl4,The_Mechanist24,ekpkmih,herpaderpadont
ekpsbcm,tjreess,ekpljl4,The_Mechanist24
ekp7c0z,Nubsan,ekoyq1h,MissPredicament
ekpjzwx,allectohassten,ekoyq1h,MissPredicament
ekpby94,noobie2017,ekp5van,AusCan531
ekpqwur,thisdwarf1794,ekpby94,noobie2017
ekpinud,decaffed,ekp9cbe,annnaaan
ekpj6u1,KurtAngus,ekp3e7t,YonderToad
ekoylsn,thndrstrk,ekotony,Rudi26
ekpbv1t,DIrtyVendetta80,ekoylsn,thndrstrk
ekpptlv,TurdQuadratic,ekotony,Rudi26
ekphqc3,Tutts,ekpdgmu,Ravaen769
ekpbtzz,ohheyitsMegan,ekpb9eo,mider-span
ekpcmvl,aegis41,ekpb9eo,mider-span
ekpkhyk,apocoluster,ekp5wf8,flaystus
ekpnclp,Reddnekkid,ekpho1m,VoE_Monkey_Overlord
ekpn6ze,weaslecookie7,ekpho1m,VoE_Monkey_Overlord
ekozdnm,SC2sam,ekoy4ov,Cajahope
ekpi62y,olderaccount,ekoy4ov,Cajahope
ekoykbm,JustBW,ekoy4ov,Cajahope
ekpcnui,EmbarrassedLock,ekoy4ov,Cajahope
ekpmhff,Takodanachoochoo,ekpg7gy,zfive
ekpne1z,Reddnekkid,ekpg7gy,zfive
ekpo9qf,nootnoottoottoot,ekpne1z,Reddnekkid
ekpldjh,Ghost-Of-Nappa,ekp8fq4,megaweb
ekpf4vs,thememelord12390,ekp8fq4,megaweb
ekp1836,HorrorMoviesYEET,ekoy4y1,-Palzon-
ekp6b2w,hailcharlaria,ekp1836,HorrorMoviesYEET
ekp6wm4,SusanForeman,ekp1836,HorrorMoviesYEET
ekp1xls,TuhTodayJr,ekp1836,HorrorMoviesYEET
ekp8zia,JimLaheysGhost,ekp6b2w,hailcharlaria
ekp94m5,smol_lebowski,ekp6b2w,hailcharlaria
ekpceid,SadlySofjo,ekpaq1t,EmbarrassedLock
ekpqitu,KingKreeper17,ekpmz9e,Ti7ANEUM
ekpqkji,Ti7ANEUM,ekpqitu,KingKreeper17
ekpqi2v,sabret00the,ekpqdrf,chwisdeen
ekps93i,jeremyjimmy,ekpezh1,whatsariho
ekpajc6,ComebackKid9898,ekp3wnd,grapereader
ekpej16,Ozimandius,ekpdc4a,Aetrion
ekpeshp,Aetrion,ekpej16,Ozimandius
ekpjt9s,Ozimandius,ekpeshp,Aetrion
ekpdwbg,SludgeVohaul,ekpdc4a,Aetrion
ekpefxe,Aetrion,ekpdwbg,SludgeVohaul
ekpeiwo,eneeidiot,ekpdc4a,Aetrion
ekpev6c,Aetrion,ekpeiwo,eneeidiot
ekpfs13,eneeidiot,ekpev6c,Aetrion
ekprfvb,KingKreeper17,ekpdc4a,Aetrion
ekpmzqi,whenthericeisready,ekpminr,JustTellTheTruthDude
ekpqjya,KingKreeper17,ekpminr,JustTellTheTruthDude
ekpqo87,KingKreeper17,ekpfqxk,MelonFag
ekpmkxn,rautankankut,ekpdtrc,N00neUkn0w
ekpkmih,herpaderpadont,ekpfst8,pleasefeedthedino
ekpljl4,The_Mechanist24,ekpkmih,herpaderpadont
ekpsbcm,tjreess,ekpljl4,The_Mechanist24
ekpna2y,socialgadfly420,ekpfst8,pleasefeedthedino
ekpqy3l,marilyn_morose,ekpfst8,pleasefeedthedino
ekplsv7,accio_doggo,ekpfst8,pleasefeedthedino
ekprhhw,lesbian_czar,ekpfst8,pleasefeedthedino
ekpqwur,thisdwarf1794,ekpby94,noobie2017
ekpbv1t,DIrtyVendetta80,ekoylsn,thndrstrk
ekpo9qf,nootnoottoottoot,ekpne1z,Reddnekkid
ekp6b2w,hailcharlaria,ekp1836,HorrorMoviesYEET
ekp8zia,JimLaheysGhost,ekp6b2w,hailcharlaria
ekp94m5,smol_lebowski,ekp6b2w,hailcharlaria
ekp6wm4,SusanForeman,ekp1836,HorrorMoviesYEET
ekp1xls,TuhTodayJr,ekp1836,HorrorMoviesYEET
ekpqkji,Ti7ANEUM,ekpqitu,KingKreeper17
ekpeshp,Aetrion,ekpej16,Ozimandius
ekpjt9s,Ozimandius,ekpeshp,Aetrion
ekpefxe,Aetrion,ekpdwbg,SludgeVohaul
ekpev6c,Aetrion,ekpeiwo,eneeidiot
ekpfs13,eneeidiot,ekpev6c,Aetrion
ekpljl4,The_Mechanist24,ekpkmih,herpaderpadont
ekpsbcm,tjreess,ekpljl4,The_Mechanist24
ekp8zia,JimLaheysGhost,ekp6b2w,hailcharlaria
ekp94m5,smol_lebowski,ekp6b2w,hailcharlaria
ekpjt9s,Ozimandius,ekpeshp,Aetrion
ekpfs13,eneeidiot,ekpev6c,Aetrion
ekpsbcm,tjreess,ekpljl4,The_Mechanist24
ekozdco,trashman212,bc98o5,njoker555
ekpdnx1,SchnoodleDoodleDo,ekozdco,trashman212
ekpaab3,TalosGuide,ekozdco,trashman212
ekpbjp3,Akathikor,ekozdco,trashman212
ekpf0ar,other_usernames_gone,ekozdco,trashman212
ekpkdda,heckin_chill_4_a_sec,ekpdnx1,SchnoodleDoodleDo
ekpq185,Krinks1,ekpf0ar,other_usernames_gone
ekov1lh,beerandacurry,bc98o5,njoker555
ekovb37,njoker555,ekov1lh,beerandacurry
ekpa275,moomoosa,ekov1lh,beerandacurry
ekpeh12,SchnoodleDoodleDo,ekov1lh,beerandacurry
ekp4tgi,Genesis111112,ekov1lh,beerandacurry
ekp5hh5,Fenzke,ekovb37,njoker555
ekphxdf,S_words_for_100,ekpa275,moomoosa
ekowrvu,Taricool777,bc98o5,njoker555
ekp4ul7,-SoulFlower-,ekowrvu,Taricool777
ekpacbo,EmbarrassedLock,ekp4ul7,-SoulFlower-
ekoys94,Kytescall,bc98o5,njoker555
ekp8gau,NotMrMike,ekoys94,Kytescall
ekp4bs6,Olsky,ekoys94,Kytescall
ekpc3yl,birdsareturds,ekoys94,Kytescall
ekplzrp,HelmutHoffman,ekp8gau,NotMrMike
ekp6amt,GiveMeCheesecake,ekp4bs6,Olsky
ekpczx7,hal_potter_seven,ekpc3yl,birdsareturds
ekpbdly,linusadler,ekp6amt,GiveMeCheesecake
ekov0ef,memes_like_tendiesyt,bc98o5,njoker555
ekoye4x,chiemi02,bc98o5,njoker555
ekp7xpa,NotMrMike,ekoye4x,chiemi02
ekp9olf,R_i_o_m_a_a,ekoye4x,chiemi02
ekpdb3d,ladyangua,ekoye4x,chiemi02
ekpk8vh,Nixie9,ekpdb3d,ladyangua
ekpnfwr,ladyangua,ekpk8vh,Nixie9
ekp6bc9,Lostpurplepen,bc98o5,njoker555
ekoxw6n,Adamant_Narwhal,bc98o5,njoker555
ekp7mi5,jlt6666,ekoxw6n,Adamant_Narwhal
ekp1qsu,jaxolotle,ekoxw6n,Adamant_Narwhal
ekpcxxn,oopsiefoop,bc98o5,njoker555
ekpapa9,heyzeto,bc98o5,njoker555
ekpetyx,exhaustedpiglet,bc98o5,njoker555
ekpa986,darknightdaughter,bc98o5,njoker555
ekp0gkr,theoldmaid,bc98o5,njoker555
ekp27ws,DaDirewolf,bc98o5,njoker555
ekp4vap,astrL_,bc98o5,njoker555
ekp6yaj,CharlieQuest,bc98o5,njoker555
ekp74ik,etherealesoterica,bc98o5,njoker555
ekpb1kt,TNS72,bc98o5,njoker555
ekpbeqx,AnnaBortion26,bc98o5,njoker555
ekpbfgk,xplicit_mike,bc98o5,njoker555
ekpbpyz,Lavish_Parakeet,bc98o5,njoker555
ekpgcw3,NastyPeachofGermany,bc98o5,njoker555
ekpgfnt,evoc2911,bc98o5,njoker555
ekpjdq1,chicken_router,bc98o5,njoker555
ekpjzdd,Fraisinette74,bc98o5,njoker555
ekpkfna,Konvic21,bc98o5,njoker555
ekpkiko,ConkBepis,bc98o5,njoker555
ekpkzok,FATHER_OF_GIRTH,bc98o5,njoker555
ekplbll,entiretysa,bc98o5,njoker555
ekpml6z,zaggiethecat,bc98o5,njoker555
ekpmu75,TheLocalSlav,bc98o5,njoker555
ekpo0ss,k_spencer,bc98o5,njoker555
ekpo24h,Ody_Mandrell,bc98o5,njoker555
ekpqq9p,motherOfDovahs,bc98o5,njoker555
ekpr159,an0maly33,bc98o5,njoker555
ekpsdmn,GrouchyMeasurement,bc98o5,njoker555
ekp7m9e,the_okay,bc98o5,njoker555
ekpa9a9,EmbarrassedLock,bc98o5,njoker555
ekpdnx1,SchnoodleDoodleDo,ekozdco,trashman212
ekpkdda,heckin_chill_4_a_sec,ekpdnx1,SchnoodleDoodleDo
ekpaab3,TalosGuide,ekozdco,trashman212
ekpbjp3,Akathikor,ekozdco,trashman212
ekpf0ar,other_usernames_gone,ekozdco,trashman212
ekpq185,Krinks1,ekpf0ar,other_usernames_gone
ekovb37,njoker555,ekov1lh,beerandacurry
ekp5hh5,Fenzke,ekovb37,njoker555
ekpa275,moomoosa,ekov1lh,beerandacurry
ekphxdf,S_words_for_100,ekpa275,moomoosa
ekpeh12,SchnoodleDoodleDo,ekov1lh,beerandacurry
ekp4tgi,Genesis111112,ekov1lh,beerandacurry
ekp4ul7,-SoulFlower-,ekowrvu,Taricool777
ekpacbo,EmbarrassedLock,ekp4ul7,-SoulFlower-
ekp8gau,NotMrMike,ekoys94,Kytescall
ekplzrp,HelmutHoffman,ekp8gau,NotMrMike
ekp4bs6,Olsky,ekoys94,Kytescall
ekp6amt,GiveMeCheesecake,ekp4bs6,Olsky
ekpbdly,linusadler,ekp6amt,GiveMeCheesecake
ekpc3yl,birdsareturds,ekoys94,Kytescall
ekpczx7,hal_potter_seven,ekpc3yl,birdsareturds
ekp7xpa,NotMrMike,ekoye4x,chiemi02
ekp9olf,R_i_o_m_a_a,ekoye4x,chiemi02
ekpdb3d,ladyangua,ekoye4x,chiemi02
ekpk8vh,Nixie9,ekpdb3d,ladyangua
ekpnfwr,ladyangua,ekpk8vh,Nixie9
ekp7mi5,jlt6666,ekoxw6n,Adamant_Narwhal
ekp1qsu,jaxolotle,ekoxw6n,Adamant_Narwhal
ekpkdda,heckin_chill_4_a_sec,ekpdnx1,SchnoodleDoodleDo
ekpq185,Krinks1,ekpf0ar,other_usernames_gone
ekp5hh5,Fenzke,ekovb37,njoker555
ekphxdf,S_words_for_100,ekpa275,moomoosa
ekpacbo,EmbarrassedLock,ekp4ul7,-SoulFlower-
ekplzrp,HelmutHoffman,ekp8gau,NotMrMike
ekp6amt,GiveMeCheesecake,ekp4bs6,Olsky
ekpbdly,linusadler,ekp6amt,GiveMeCheesecake
ekpczx7,hal_potter_seven,ekpc3yl,birdsareturds
ekpk8vh,Nixie9,ekpdb3d,ladyangua
ekpnfwr,ladyangua,ekpk8vh,Nixie9
ekpbdly,linusadler,ekp6amt,GiveMeCheesecake
ekpnfwr,ladyangua,ekpk8vh,Nixie9
ekozdco,trashman212,bc98o5,njoker555
ekpdnx1,SchnoodleDoodleDo,ekozdco,trashman212
ekpaab3,TalosGuide,ekozdco,trashman212
ekpbjp3,Akathikor,ekozdco,trashman212
ekpf0ar,other_usernames_gone,ekozdco,trashman212
ekpkdda,heckin_chill_4_a_sec,ekpdnx1,SchnoodleDoodleDo
ekpq185,Krinks1,ekpf0ar,other_usernames_gone
ekov1lh,beerandacurry,bc98o5,njoker555
ekovb37,njoker555,ekov1lh,beerandacurry
ekpa275,moomoosa,ekov1lh,beerandacurry
ekpeh12,SchnoodleDoodleDo,ekov1lh,beerandacurry
ekp4tgi,Genesis111112,ekov1lh,beerandacurry
ekp5hh5,Fenzke,ekovb37,njoker555
ekphxdf,S_words_for_100,ekpa275,moomoosa
ekowrvu,Taricool777,bc98o5,njoker555
ekp4ul7,-SoulFlower-,ekowrvu,Taricool777
ekpacbo,EmbarrassedLock,ekp4ul7,-SoulFlower-
ekoys94,Kytescall,bc98o5,njoker555
ekp8gau,NotMrMike,ekoys94,Kytescall
ekp4bs6,Olsky,ekoys94,Kytescall
ekpc3yl,birdsareturds,ekoys94,Kytescall
ekplzrp,HelmutHoffman,ekp8gau,NotMrMike
ekp6amt,GiveMeCheesecake,ekp4bs6,Olsky
ekpczx7,hal_potter_seven,ekpc3yl,birdsareturds
ekpbdly,linusadler,ekp6amt,GiveMeCheesecake
ekov0ef,memes_like_tendiesyt,bc98o5,njoker555
ekoye4x,chiemi02,bc98o5,njoker555
ekp7xpa,NotMrMike,ekoye4x,chiemi02
ekp9olf,R_i_o_m_a_a,ekoye4x,chiemi02
ekpdb3d,ladyangua,ekoye4x,chiemi02
ekpk8vh,Nixie9,ekpdb3d,ladyangua
ekpnfwr,ladyangua,ekpk8vh,Nixie9
ekp6bc9,Lostpurplepen,bc98o5,njoker555
ekoxw6n,Adamant_Narwhal,bc98o5,njoker555
ekp7mi5,jlt6666,ekoxw6n,Adamant_Narwhal
ekp1qsu,jaxolotle,ekoxw6n,Adamant_Narwhal
ekpcxxn,oopsiefoop,bc98o5,njoker555
ekpapa9,heyzeto,bc98o5,njoker555
ekpetyx,exhaustedpiglet,bc98o5,njoker555
ekpa986,darknightdaughter,bc98o5,njoker555
ekp0gkr,theoldmaid,bc98o5,njoker555
ekp27ws,DaDirewolf,bc98o5,njoker555
ekp4vap,astrL_,bc98o5,njoker555
ekp6yaj,CharlieQuest,bc98o5,njoker555
ekp74ik,etherealesoterica,bc98o5,njoker555
ekpb1kt,TNS72,bc98o5,njoker555
ekpbeqx,AnnaBortion26,bc98o5,njoker555
ekpbfgk,xplicit_mike,bc98o5,njoker555
ekpbpyz,Lavish_Parakeet,bc98o5,njoker555
ekpgcw3,NastyPeachofGermany,bc98o5,njoker555
ekpgfnt,evoc2911,bc98o5,njoker555
ekpjdq1,chicken_router,bc98o5,njoker555
ekpjzdd,Fraisinette74,bc98o5,njoker555
ekpkfna,Konvic21,bc98o5,njoker555
ekpkiko,ConkBepis,bc98o5,njoker555
ekpkzok,FATHER_OF_GIRTH,bc98o5,njoker555
ekplbll,entiretysa,bc98o5,njoker555
ekpml6z,zaggiethecat,bc98o5,njoker555
ekpmu75,TheLocalSlav,bc98o5,njoker555
ekpo0ss,k_spencer,bc98o5,njoker555
ekpo24h,Ody_Mandrell,bc98o5,njoker555
ekpqq9p,motherOfDovahs,bc98o5,njoker555
ekpr159,an0maly33,bc98o5,njoker555
ekpsdmn,GrouchyMeasurement,bc98o5,njoker555
ekp7m9e,the_okay,bc98o5,njoker555
ekpa9a9,EmbarrassedLock,bc98o5,njoker555
ekpdnx1,SchnoodleDoodleDo,ekozdco,trashman212
ekpkdda,heckin_chill_4_a_sec,ekpdnx1,SchnoodleDoodleDo
ekpaab3,TalosGuide,ekozdco,trashman212
ekpbjp3,Akathikor,ekozdco,trashman212
ekpf0ar,other_usernames_gone,ekozdco,trashman212
ekpq185,Krinks1,ekpf0ar,other_usernames_gone
ekovb37,njoker555,ekov1lh,beerandacurry
ekp5hh5,Fenzke,ekovb37,njoker555
ekpa275,moomoosa,ekov1lh,beerandacurry
ekphxdf,S_words_for_100,ekpa275,moomoosa
ekpeh12,SchnoodleDoodleDo,ekov1lh,beerandacurry
ekp4tgi,Genesis111112,ekov1lh,beerandacurry
ekp4ul7,-SoulFlower-,ekowrvu,Taricool777
ekpacbo,EmbarrassedLock,ekp4ul7,-SoulFlower-
ekp8gau,NotMrMike,ekoys94,Kytescall
ekplzrp,HelmutHoffman,ekp8gau,NotMrMike
ekp4bs6,Olsky,ekoys94,Kytescall
ekp6amt,GiveMeCheesecake,ekp4bs6,Olsky
ekpbdly,linusadler,ekp6amt,GiveMeCheesecake
ekpc3yl,birdsareturds,ekoys94,Kytescall
ekpczx7,hal_potter_seven,ekpc3yl,birdsareturds
ekp7xpa,NotMrMike,ekoye4x,chiemi02
ekp9olf,R_i_o_m_a_a,ekoye4x,chiemi02
ekpdb3d,ladyangua,ekoye4x,chiemi02
ekpk8vh,Nixie9,ekpdb3d,ladyangua
ekpnfwr,ladyangua,ekpk8vh,Nixie9
ekp7mi5,jlt6666,ekoxw6n,Adamant_Narwhal
ekp1qsu,jaxolotle,ekoxw6n,Adamant_Narwhal
ekpkdda,heckin_chill_4_a_sec,ekpdnx1,SchnoodleDoodleDo
ekpq185,Krinks1,ekpf0ar,other_usernames_gone
ekp5hh5,Fenzke,ekovb37,njoker555
ekphxdf,S_words_for_100,ekpa275,moomoosa
ekpacbo,EmbarrassedLock,ekp4ul7,-SoulFlower-
ekplzrp,HelmutHoffman,ekp8gau,NotMrMike
ekp6amt,GiveMeCheesecake,ekp4bs6,Olsky
ekpbdly,linusadler,ekp6amt,GiveMeCheesecake
ekpczx7,hal_potter_seven,ekpc3yl,birdsareturds
ekpk8vh,Nixie9,ekpdb3d,ladyangua
ekpnfwr,ladyangua,ekpk8vh,Nixie9
ekpbdly,linusadler,ekp6amt,GiveMeCheesecake
ekpnfwr,ladyangua,ekpk8vh,Nixie9
ekorrjk,mythoffire,bc96eb,PabloJensen
ekoufjc,Controlae,ekorrjk,mythoffire
ekp91ta,SchnoodleDoodleDo,ekorrjk,mythoffire
ekp1ymp,TheNamesEpic,ekorrjk,mythoffire
ekpd22c,alexadownload,ekorrjk,mythoffire
ekp793y,Nubsan,ekorrjk,mythoffire
ekp9aff,nessager,ekoufjc,Controlae
ekpl1k7,maredog4,ekoufjc,Controlae
ekpar19,hashtagsugary,ekoufjc,Controlae
ekpgf20,janlangdon362,ekoufjc,Controlae
ekpaej4,saturdaybloom,ekp9aff,nessager
ekpnso7,zzzizou,ekp9aff,nessager
ekpaef1,Djslender6,ekp9aff,nessager
ekpfr41,GenitalWizard,ekpaef1,Djslender6
ekpnos1,kobothedog,ekpaef1,Djslender6
ekov0wo,IndyIndy23,bc96eb,PabloJensen
ekp0lv3,caustic_kiwi,ekov0wo,IndyIndy23
ekp0tpa,cocaineluna,ekp0lv3,caustic_kiwi
ekpmbaj,IndyIndy23,ekp0lv3,caustic_kiwi
ekp0ven,caustic_kiwi,ekp0tpa,cocaineluna
ekovvpu,Excellerates,bc96eb,PabloJensen
ekot0i9,we_made,bc96eb,PabloJensen
ekoy9ru,burntbro420,bc96eb,PabloJensen
ekozpim,PabloJensen,ekoy9ru,burntbro420
ekpo4ke,stirling_s,ekozpim,PabloJensen
ekpbh4o,sjoy512,ekozpim,PabloJensen
ekpqhbd,PabloJensen,ekpo4ke,stirling_s
ekouoih,wealllickbootyholes,bc96eb,PabloJensen
ekoy2bp,whitlessness,ekouoih,wealllickbootyholes
ekoy4j8,wealllickbootyholes,ekoy2bp,whitlessness
ekoyy4s,whitlessness,ekoy4j8,wealllickbootyholes
ekp7d6g,wealllickbootyholes,ekoyy4s,whitlessness
ekora12,deepteabiscuit,bc96eb,PabloJensen
ekounsc,Technikal85,bc96eb,PabloJensen
ekovbbs,FlamingDragonQueen,bc96eb,PabloJensen
ekox8u5,ImperatorPeach,bc96eb,PabloJensen
ekoz566,nikilpatel94,bc96eb,PabloJensen
ekp2f17,MikuLaufeyson,bc96eb,PabloJensen
ekp4yb1,rubyrose44,bc96eb,PabloJensen
ekp73lj,EH0_0,ekp4yb1,rubyrose44
ekp6szk,Peppa_boar,bc96eb,PabloJensen
ekpbtql,MuEnad,bc96eb,PabloJensen
ekpftdt,oz_moses,bc96eb,PabloJensen
ekp75p6,sweetkatiecakes,bc96eb,PabloJensen
ekpg1o6,MereSecondsToLive,ekp75p6,sweetkatiecakes
ekpe95o,bipolar-noirefemme,ekp75p6,sweetkatiecakes
ekpg53w,sweetkatiecakes,ekpg1o6,MereSecondsToLive
ekou7aj,Simusrimuss,bc96eb,PabloJensen
ekoz0tf,albertz8,bc96eb,PabloJensen
ekozq11,PabloJensen,ekoz0tf,albertz8
ekpo5i0,stirling_s,ekozq11,PabloJensen
ekp1lqh,albertz8,ekozq11,PabloJensen
ekp3det,Sjloebel,bc96eb,PabloJensen
ekp40u6,exhaustedpiglet,bc96eb,PabloJensen
ekp5vlk,CharlotteNotPie,bc96eb,PabloJensen
ekp7dv3,Onyxeagle171,bc96eb,PabloJensen
ekp7lx0,DomDomW,bc96eb,PabloJensen
ekp8ptp,train_OfThought,bc96eb,PabloJensen
ekp8rff,nelsonvann1993,bc96eb,PabloJensen
ekp8rmq,dukemagnus,bc96eb,PabloJensen
ekpq598,PabloJensen,ekp8rmq,dukemagnus
ekp8t5p,I_am_not_kim_jung_un,bc96eb,PabloJensen
ekp91hz,Retro109,bc96eb,PabloJensen
ekp9ax8,23456lol,bc96eb,PabloJensen
ekp9rsy,Zillaplus2,bc96eb,PabloJensen
ekpa025,Hazys,bc96eb,PabloJensen
ekpalfv,Emergency_Sand,bc96eb,PabloJensen
ekpamsw,Juntti-Einari,bc96eb,PabloJensen
ekpau1t,ParanormalPurple,bc96eb,PabloJensen
ekpb8oj,neddity,bc96eb,PabloJensen
ekpc4rd,Coin360com,bc96eb,PabloJensen
ekpccvs,noelsmidgeon,bc96eb,PabloJensen
ekpcv0d,CathyKeas,bc96eb,PabloJensen
ekpey6w,KingChess83,bc96eb,PabloJensen
ekpezq1,plorre,bc96eb,PabloJensen
ekpf8g6,why_did_i_get_reddit,bc96eb,PabloJensen
ekpg105,MereSecondsToLive,bc96eb,PabloJensen
ekpgwme,legotechnic420,bc96eb,PabloJensen
ekphogs,Rehtori,bc96eb,PabloJensen
ekpq90c,PabloJensen,ekphogs,Rehtori
ekpi373,noa01101000,bc96eb,PabloJensen
ekpi927,,bc96eb,PabloJensen
ekpixzj,DulcidioCoelho,bc96eb,PabloJensen
ekpizl8,ActuallyInstaNormie,bc96eb,PabloJensen
ekpkrqk,MasterTvon,bc96eb,PabloJensen
ekplei3,RRonanz,bc96eb,PabloJensen
ekpm7hw,tharussianphil,bc96eb,PabloJensen
ekpmorn,johnDAGOAT721,bc96eb,PabloJensen
ekpms2n,VictorVaughnGogh,bc96eb,PabloJensen
ekpncaa,nathanaelmaalm,bc96eb,PabloJensen
ekpnlik,kobothedog,bc96eb,PabloJensen
ekpnpu0,Joelexion,bc96eb,PabloJensen
ekpocgh,stirling_s,bc96eb,PabloJensen
ekpokga,TheOneAndOnlySten,bc96eb,PabloJensen
ekpq406,EYEOFTHEBEHOLDER12,bc96eb,PabloJensen
ekprdw8,skootingdog56,bc96eb,PabloJensen
ekprndi,browsercurious,bc96eb,PabloJensen
ekprsz3,browsercurious,bc96eb,PabloJensen
ekoru3q,DownvoteMeaniePants,bc96eb,PabloJensen
ekotm4u,ObIivious,ekoru3q,DownvoteMeaniePants
ekousow,peanut-butter-18,ekoru3q,DownvoteMeaniePants
ekouw0m,peanut-butter-18,ekotm4u,ObIivious
ekozvre,WowWhatABeaut,ekousow,peanut-butter-18
ekoufjc,Controlae,ekorrjk,mythoffire
ekp9aff,nessager,ekoufjc,Controlae
ekpl1k7,maredog4,ekoufjc,Controlae
ekpar19,hashtagsugary,ekoufjc,Controlae
ekpgf20,janlangdon362,ekoufjc,Controlae
ekpaej4,saturdaybloom,ekp9aff,nessager
ekpnso7,zzzizou,ekp9aff,nessager
ekpaef1,Djslender6,ekp9aff,nessager
ekpfr41,GenitalWizard,ekpaef1,Djslender6
ekpnos1,kobothedog,ekpaef1,Djslender6
ekp91ta,SchnoodleDoodleDo,ekorrjk,mythoffire
ekp1ymp,TheNamesEpic,ekorrjk,mythoffire
ekpd22c,alexadownload,ekorrjk,mythoffire
ekp793y,Nubsan,ekorrjk,mythoffire
ekp0lv3,caustic_kiwi,ekov0wo,IndyIndy23
ekp0tpa,cocaineluna,ekp0lv3,caustic_kiwi
ekpmbaj,IndyIndy23,ekp0lv3,caustic_kiwi
ekp0ven,caustic_kiwi,ekp0tpa,cocaineluna
ekozpim,PabloJensen,ekoy9ru,burntbro420
ekpo4ke,stirling_s,ekozpim,PabloJensen
ekpbh4o,sjoy512,ekozpim,PabloJensen
ekpqhbd,PabloJensen,ekpo4ke,stirling_s
ekoy2bp,whitlessness,ekouoih,wealllickbootyholes
ekoy4j8,wealllickbootyholes,ekoy2bp,whitlessness
ekoyy4s,whitlessness,ekoy4j8,wealllickbootyholes
ekp7d6g,wealllickbootyholes,ekoyy4s,whitlessness
ekp73lj,EH0_0,ekp4yb1,rubyrose44
ekpg1o6,MereSecondsToLive,ekp75p6,sweetkatiecakes
ekpg53w,sweetkatiecakes,ekpg1o6,MereSecondsToLive
ekpe95o,bipolar-noirefemme,ekp75p6,sweetkatiecakes
ekozq11,PabloJensen,ekoz0tf,albertz8
ekpo5i0,stirling_s,ekozq11,PabloJensen
ekp1lqh,albertz8,ekozq11,PabloJensen
ekpq598,PabloJensen,ekp8rmq,dukemagnus
ekpq90c,PabloJensen,ekphogs,Rehtori
ekotm4u,ObIivious,ekoru3q,DownvoteMeaniePants
ekouw0m,peanut-butter-18,ekotm4u,ObIivious
ekousow,peanut-butter-18,ekoru3q,DownvoteMeaniePants
ekozvre,WowWhatABeaut,ekousow,peanut-butter-18
ekp9aff,nessager,ekoufjc,Controlae
ekpaej4,saturdaybloom,ekp9aff,nessager
ekpnso7,zzzizou,ekp9aff,nessager
ekpaef1,Djslender6,ekp9aff,nessager
ekpfr41,GenitalWizard,ekpaef1,Djslender6
ekpnos1,kobothedog,ekpaef1,Djslender6
ekpl1k7,maredog4,ekoufjc,Controlae
ekpar19,hashtagsugary,ekoufjc,Controlae
ekpgf20,janlangdon362,ekoufjc,Controlae
ekp0tpa,cocaineluna,ekp0lv3,caustic_kiwi
ekp0ven,caustic_kiwi,ekp0tpa,cocaineluna
ekpmbaj,IndyIndy23,ekp0lv3,caustic_kiwi
ekpo4ke,stirling_s,ekozpim,PabloJensen
ekpqhbd,PabloJensen,ekpo4ke,stirling_s
ekpbh4o,sjoy512,ekozpim,PabloJensen
ekoy4j8,wealllickbootyholes,ekoy2bp,whitlessness
ekoyy4s,whitlessness,ekoy4j8,wealllickbootyholes
ekp7d6g,wealllickbootyholes,ekoyy4s,whitlessness
ekpg53w,sweetkatiecakes,ekpg1o6,MereSecondsToLive
ekpo5i0,stirling_s,ekozq11,PabloJensen
ekp1lqh,albertz8,ekozq11,PabloJensen
ekouw0m,peanut-butter-18,ekotm4u,ObIivious
ekozvre,WowWhatABeaut,ekousow,peanut-butter-18
ekpaej4,saturdaybloom,ekp9aff,nessager
ekpnso7,zzzizou,ekp9aff,nessager
ekpaef1,Djslender6,ekp9aff,nessager
ekpfr41,GenitalWizard,ekpaef1,Djslender6
ekpnos1,kobothedog,ekpaef1,Djslender6
ekp0ven,caustic_kiwi,ekp0tpa,cocaineluna
ekpqhbd,PabloJensen,ekpo4ke,stirling_s
ekoyy4s,whitlessness,ekoy4j8,wealllickbootyholes
ekp7d6g,wealllickbootyholes,ekoyy4s,whitlessness
ekpfr41,GenitalWizard,ekpaef1,Djslender6
ekpnos1,kobothedog,ekpaef1,Djslender6
ekp7d6g,wealllickbootyholes,ekoyy4s,whitlessness
ekovg5k,Ladyballs004,bc9ewq,bmir88
ekovoy4,bmir88,ekovg5k,Ladyballs004
ekpklii,AltoRhombus,ekovg5k,Ladyballs004
ekovve4,Ladyballs004,ekovoy4,bmir88
ekp8lu1,SBCrystal,ekovoy4,bmir88
ekp54cv,cuppyuppycake,ekovoy4,bmir88
ekp6jnn,8976r7,ekovoy4,bmir88
ekpdx5s,newbris,ekovoy4,bmir88
ekpjic1,reddituserzerosix,ekovoy4,bmir88
ekpar2i,kodobeast21,ekovoy4,bmir88
ekpo3oy,NumerousAd8,ekovoy4,bmir88
ekps468,BuddhaBizZ,ekovoy4,bmir88
ekpop2g,EmberHands,ekpklii,AltoRhombus
ekpmkgg,FracturedAnt1,ekpklii,AltoRhombus
ekpo1ry,AylaKittyCat,ekpklii,AltoRhombus
ekpi5m4,TubbyMarmot,ekp8lu1,SBCrystal
ekpcvg0,susono,ekp6jnn,8976r7
ekpq30l,MamaBear4485,ekpo1ry,AylaKittyCat
ekotnj5,d06h0201,bc9ewq,bmir88
ekotskp,bmir88,ekotnj5,d06h0201
ekpnjxa,joleme,ekotnj5,d06h0201
ekou5xd,d06h0201,ekotskp,bmir88
ekovsar,bmir88,ekou5xd,d06h0201
ekow37u,Whiskey_Before_Noon,bc9ewq,bmir88
ekowxum,bmir88,ekow37u,Whiskey_Before_Noon
ekow98n,Impairedmilkman13,ekow37u,Whiskey_Before_Noon
ekp7k1m,TwiceWritten,ekowxum,bmir88
ekpsddb,_alelia_,ekow98n,Impairedmilkman13
ekp7uyj,peabutjam,ekp7k1m,TwiceWritten
ekp7ps8,Chakz,ekp7k1m,TwiceWritten
ekp7y7h,TwiceWritten,ekp7uyj,peabutjam
ekp7uvq,TwiceWritten,ekp7ps8,Chakz
ekpn1le,mjmjuh,ekp7uvq,TwiceWritten
ekp7x0o,Chakz,ekp7uvq,TwiceWritten
ekpr31c,rapaxus,ekpn1le,mjmjuh
ekowpgl,pkkitty67,bc9ewq,bmir88
ekp6k6j,bluevsred415,ekowpgl,pkkitty67
ekpa4ms,AtheistAustralis,ekp6k6j,bluevsred415
ekpkr83,Upuaut_III,ekp6k6j,bluevsred415
ekpl7i5,LOUD-AF,ekp6k6j,bluevsred415
ekot0uk,Spellbindehr,bc9ewq,bmir88
ekp6xft,pekaxing94,bc9ewq,bmir88
ekpdluq,blakmizuri,ekp6xft,pekaxing94
ekp57ia,NezuminoraQ,bc9ewq,bmir88
ekp2021,tippsy_mcstagger,bc9ewq,bmir88
ekp9ewx,David_51,bc9ewq,bmir88
ekpgaat,TJ_McWeaksauce,ekp9ewx,David_51
ekpdq0q,timotioman,ekp9ewx,David_51
ekprgsr,suzannealamo,ekp9ewx,David_51
ekotvzo,ExtraGingerSpice,bc9ewq,bmir88
ekp2n56,joblagz2,bc9ewq,bmir88
ekps3vb,jacobsever,ekp2n56,joblagz2
ekp4ee0,krex10_,bc9ewq,bmir88
ekp8jvf,metaphoris,bc9ewq,bmir88
ekp8mku,oliveiraexp,ekp8jvf,metaphoris
ekpoa1h,ng300,ekp8jvf,metaphoris
ekprv6j,UberUSB,ekp8jvf,metaphoris
ekps5cb,AssMustard,ekprv6j,UberUSB
ekp9z06,Dance4Bees,bc9ewq,bmir88
ekpq6ie,mybootylikestotooty,ekp9z06,Dance4Bees
ekp7eh8,congealedplatypus,bc9ewq,bmir88
ekpbod2,TheGunslingerRechena,bc9ewq,bmir88
ekp7lse,calicali3,bc9ewq,bmir88
ekpgo4l,toolateforRE,bc9ewq,bmir88
ekp7ofp,sulestrange,bc9ewq,bmir88
ekp88pm,filofil,bc9ewq,bmir88
ekpd3bs,OmegaWard,bc9ewq,bmir88
ekpfw86,Kulfyr3,bc9ewq,bmir88
ekpjy31,Cows-go-moo-,bc9ewq,bmir88
ekpmn8v,pilot_error,bc9ewq,bmir88
ekpceo9,NewLeaseOnLine,bc9ewq,bmir88
ekpl7x1,HelmutHoffman,ekpceo9,NewLeaseOnLine
ekp7zxe,hippieshaken,bc9ewq,bmir88
ekp7hpc,leesun7,bc9ewq,bmir88
ekp81zf,uk_in_ca,bc9ewq,bmir88
ekpa037,shipboatx,bc9ewq,bmir88
ekpaqv3,FantasticBlood0,bc9ewq,bmir88
ekpbice,errjelly,bc9ewq,bmir88
ekpbjcw,MattMythic,bc9ewq,bmir88
ekpcb19,TheGunslingerRechena,ekpbjcw,MattMythic
ekpd9vy,Sloredama,bc9ewq,bmir88
ekpeaqu,complexcompoundword,bc9ewq,bmir88
ekpn8ar,re_nonsequiturs,ekpeaqu,complexcompoundword
ekpekcv,Letitbemesickgirl,bc9ewq,bmir88
ekpg4kt,cowscantgodownstairs,bc9ewq,bmir88
ekpg99q,arfyarfington,bc9ewq,bmir88
ekph7ey,wallynext,bc9ewq,bmir88
ekpjr8e,1_1_3_4,bc9ewq,bmir88
ekpmvu2,TerraFlareKSFL,bc9ewq,bmir88
ekpn8xh,dlourenco182,bc9ewq,bmir88
ekpnicy,Reddnekkid,bc9ewq,bmir88
ekpno51,LeSeraphim,bc9ewq,bmir88
ekpoxlv,asshandsintheair,bc9ewq,bmir88
ekpscb6,UberUSB,ekpoxlv,asshandsintheair
ekppbp5,hmgoody,bc9ewq,bmir88
ekppebz,TheQuietManUpNorth,bc9ewq,bmir88
ekprfsi,Bronxieb,bc9ewq,bmir88
ekp7152,mideastmidwest,bc9ewq,bmir88
ekpqk74,russianvoodoo,ekp7152,mideastmidwest
ekow0wd,skylinker,bc9ewq,bmir88
ekp6ltf,mikehipp,bc9ewq,bmir88
ekp65c7,BarmpotP3psi,bc9ewq,bmir88
ekp6ruy,snickersmum,bc9ewq,bmir88
ekp9xgy,logicaleak,bc9ewq,bmir88
ekpasxz,brosendaal,bc9ewq,bmir88
ekpdk1p,wolf090909,bc9ewq,bmir88
ekpe7an,AmnesiaSock,bc9ewq,bmir88
ekpe9zb,Fairuse,bc9ewq,bmir88
ekpehyb,Eskimosubmarine,bc9ewq,bmir88
ekpei78,WarmCookiesAndCream,bc9ewq,bmir88
ekpf6v0,curzedd,bc9ewq,bmir88
ekpf8th,call_madz,bc9ewq,bmir88
ekpfkgi,Dhaem17,bc9ewq,bmir88
ekpgh96,roxrae,bc9ewq,bmir88
ekpgqk0,caesarrock,bc9ewq,bmir88
ekph3yu,Happinessrules,bc9ewq,bmir88
ekph4ev,Hammom8,bc9ewq,bmir88
ekpizaf,jeffuhwee,bc9ewq,bmir88
ekpjk6y,SCViper,bc9ewq,bmir88
ekpjshk,Seven_Veils,bc9ewq,bmir88
ekpk90r,ricardomcm,bc9ewq,bmir88
ekplh1a,cherushii_,bc9ewq,bmir88
ekploc1,The_Mechanist24,bc9ewq,bmir88
ekpmm74,Vanquisher-mm,bc9ewq,bmir88
ekpmpn8,Sankdamoney,bc9ewq,bmir88
ekpnfop,turtletyler,bc9ewq,bmir88
ekpngz7,linemonster,bc9ewq,bmir88
ekpnkmr,Yusi-D-Jordan,bc9ewq,bmir88
ekpnnyl,mysagacontinues,bc9ewq,bmir88
ekpnupb,isthatsoreddit,bc9ewq,bmir88
ekppidn,purpbydapound18,bc9ewq,bmir88
ekppoa9,42Navigator,bc9ewq,bmir88
ekppx3a,dcoble,bc9ewq,bmir88
ekpq6t3,black_khobz,bc9ewq,bmir88
ekpq952,MamaBear4485,bc9ewq,bmir88
ekpr774,killerjags,bc9ewq,bmir88
ekpr7d4,The-Worst-Bot,ekpr774,killerjags
ekpreu0,Juliana125,bc9ewq,bmir88
ekprewl,aletamale,bc9ewq,bmir88
ekps2rs,thealternateopinion,bc9ewq,bmir88
ekp56lw,Supersymm3try,bc9ewq,bmir88
ekpej2l,Vivianne_Vulve,ekp56lw,Supersymm3try
ekpayf4,StevenTM,bc9ewq,bmir88
ekpbfm8,4Host7Migration,bc9ewq,bmir88
ekpel5t,ben-utzmich,bc9ewq,bmir88
ekp7uct,nazipunchingcommie,bc9ewq,bmir88
ekpl55t,LandingSupport,bc9ewq,bmir88
ekpcd5r,BuffaloCrocodile,bc9ewq,bmir88
ekpinsw,Chilipepah,bc9ewq,bmir88
ekppyzd,desivaperUSA,bc9ewq,bmir88
ekp97gp,true_DNA,bc9ewq,bmir88
ekp9kmi,GhostWolfBeth,bc9ewq,bmir88
ekpmbjg,RogueSpartan,bc9ewq,bmir88
ekovoy4,bmir88,ekovg5k,Ladyballs004
ekovve4,Ladyballs004,ekovoy4,bmir88
ekp8lu1,SBCrystal,ekovoy4,bmir88
ekp54cv,cuppyuppycake,ekovoy4,bmir88
ekp6jnn,8976r7,ekovoy4,bmir88
ekpdx5s,newbris,ekovoy4,bmir88
ekpjic1,reddituserzerosix,ekovoy4,bmir88
ekpar2i,kodobeast21,ekovoy4,bmir88
ekpo3oy,NumerousAd8,ekovoy4,bmir88
ekps468,BuddhaBizZ,ekovoy4,bmir88
ekpi5m4,TubbyMarmot,ekp8lu1,SBCrystal
ekpcvg0,susono,ekp6jnn,8976r7
ekpklii,AltoRhombus,ekovg5k,Ladyballs004
ekpop2g,EmberHands,ekpklii,AltoRhombus
ekpmkgg,FracturedAnt1,ekpklii,AltoRhombus
ekpo1ry,AylaKittyCat,ekpklii,AltoRhombus
ekpq30l,MamaBear4485,ekpo1ry,AylaKittyCat
ekotskp,bmir88,ekotnj5,d06h0201
ekou5xd,d06h0201,ekotskp,bmir88
ekovsar,bmir88,ekou5xd,d06h0201
ekpnjxa,joleme,ekotnj5,d06h0201
ekowxum,bmir88,ekow37u,Whiskey_Before_Noon
ekp7k1m,TwiceWritten,ekowxum,bmir88
ekp7uyj,peabutjam,ekp7k1m,TwiceWritten
ekp7ps8,Chakz,ekp7k1m,TwiceWritten
ekp7y7h,TwiceWritten,ekp7uyj,peabutjam
ekp7uvq,TwiceWritten,ekp7ps8,Chakz
ekpn1le,mjmjuh,ekp7uvq,TwiceWritten
ekp7x0o,Chakz,ekp7uvq,TwiceWritten
ekpr31c,rapaxus,ekpn1le,mjmjuh
ekow98n,Impairedmilkman13,ekow37u,Whiskey_Before_Noon
ekpsddb,_alelia_,ekow98n,Impairedmilkman13
ekp6k6j,bluevsred415,ekowpgl,pkkitty67
ekpa4ms,AtheistAustralis,ekp6k6j,bluevsred415
ekpkr83,Upuaut_III,ekp6k6j,bluevsred415
ekpl7i5,LOUD-AF,ekp6k6j,bluevsred415
ekpdluq,blakmizuri,ekp6xft,pekaxing94
ekpgaat,TJ_McWeaksauce,ekp9ewx,David_51
ekpdq0q,timotioman,ekp9ewx,David_51
ekprgsr,suzannealamo,ekp9ewx,David_51
ekps3vb,jacobsever,ekp2n56,joblagz2
ekp8mku,oliveiraexp,ekp8jvf,metaphoris
ekpoa1h,ng300,ekp8jvf,metaphoris
ekprv6j,UberUSB,ekp8jvf,metaphoris
ekps5cb,AssMustard,ekprv6j,UberUSB
ekpq6ie,mybootylikestotooty,ekp9z06,Dance4Bees
ekpl7x1,HelmutHoffman,ekpceo9,NewLeaseOnLine
ekpcb19,TheGunslingerRechena,ekpbjcw,MattMythic
ekpn8ar,re_nonsequiturs,ekpeaqu,complexcompoundword
ekpscb6,UberUSB,ekpoxlv,asshandsintheair
ekpqk74,russianvoodoo,ekp7152,mideastmidwest
ekpr7d4,The-Worst-Bot,ekpr774,killerjags
ekpej2l,Vivianne_Vulve,ekp56lw,Supersymm3try
ekovve4,Ladyballs004,ekovoy4,bmir88
ekp8lu1,SBCrystal,ekovoy4,bmir88
ekpi5m4,TubbyMarmot,ekp8lu1,SBCrystal
ekp54cv,cuppyuppycake,ekovoy4,bmir88
ekp6jnn,8976r7,ekovoy4,bmir88
ekpcvg0,susono,ekp6jnn,8976r7
ekpdx5s,newbris,ekovoy4,bmir88
ekpjic1,reddituserzerosix,ekovoy4,bmir88
ekpar2i,kodobeast21,ekovoy4,bmir88
ekpo3oy,NumerousAd8,ekovoy4,bmir88
ekps468,BuddhaBizZ,ekovoy4,bmir88
ekpop2g,EmberHands,ekpklii,AltoRhombus
ekpmkgg,FracturedAnt1,ekpklii,AltoRhombus
ekpo1ry,AylaKittyCat,ekpklii,AltoRhombus
ekpq30l,MamaBear4485,ekpo1ry,AylaKittyCat
ekou5xd,d06h0201,ekotskp,bmir88
ekovsar,bmir88,ekou5xd,d06h0201
ekp7k1m,TwiceWritten,ekowxum,bmir88
ekp7uyj,peabutjam,ekp7k1m,TwiceWritten
ekp7ps8,Chakz,ekp7k1m,TwiceWritten
ekp7y7h,TwiceWritten,ekp7uyj,peabutjam
ekp7uvq,TwiceWritten,ekp7ps8,Chakz
ekpn1le,mjmjuh,ekp7uvq,TwiceWritten
ekp7x0o,Chakz,ekp7uvq,TwiceWritten
ekpr31c,rapaxus,ekpn1le,mjmjuh
ekpsddb,_alelia_,ekow98n,Impairedmilkman13
ekpa4ms,AtheistAustralis,ekp6k6j,bluevsred415
ekpkr83,Upuaut_III,ekp6k6j,bluevsred415
ekpl7i5,LOUD-AF,ekp6k6j,bluevsred415
ekps5cb,AssMustard,ekprv6j,UberUSB
ekpi5m4,TubbyMarmot,ekp8lu1,SBCrystal
ekpcvg0,susono,ekp6jnn,8976r7
ekpq30l,MamaBear4485,ekpo1ry,AylaKittyCat
ekovsar,bmir88,ekou5xd,d06h0201
ekp7uyj,peabutjam,ekp7k1m,TwiceWritten
ekp7y7h,TwiceWritten,ekp7uyj,peabutjam
ekp7ps8,Chakz,ekp7k1m,TwiceWritten
ekp7uvq,TwiceWritten,ekp7ps8,Chakz
ekpn1le,mjmjuh,ekp7uvq,TwiceWritten
ekp7x0o,Chakz,ekp7uvq,TwiceWritten
ekpr31c,rapaxus,ekpn1le,mjmjuh
ekp7y7h,TwiceWritten,ekp7uyj,peabutjam
ekp7uvq,TwiceWritten,ekp7ps8,Chakz
ekpn1le,mjmjuh,ekp7uvq,TwiceWritten
ekp7x0o,Chakz,ekp7uvq,TwiceWritten
ekpr31c,rapaxus,ekpn1le,mjmjuh
ekpn1le,mjmjuh,ekp7uvq,TwiceWritten
ekpr31c,rapaxus,ekpn1le,mjmjuh
ekp7x0o,Chakz,ekp7uvq,TwiceWritten
ekpr31c,rapaxus,ekpn1le,mjmjuh
ekoyq1h,MissPredicament,bc9i3h,edestron
ekpdtrc,N00neUkn0w,ekoyq1h,MissPredicament
ekpfst8,pleasefeedthedino,ekoyq1h,MissPredicament
ekp7c0z,Nubsan,ekoyq1h,MissPredicament
ekpjzwx,allectohassten,ekoyq1h,MissPredicament
ekpmkxn,rautankankut,ekpdtrc,N00neUkn0w
ekpkmih,herpaderpadont,ekpfst8,pleasefeedthedino
ekpna2y,socialgadfly420,ekpfst8,pleasefeedthedino
ekpqy3l,marilyn_morose,ekpfst8,pleasefeedthedino
ekplsv7,accio_doggo,ekpfst8,pleasefeedthedino
ekprhhw,lesbian_czar,ekpfst8,pleasefeedthedino
ekpljl4,The_Mechanist24,ekpkmih,herpaderpadont
ekpsbcm,tjreess,ekpljl4,The_Mechanist24
ekp5van,AusCan531,bc9i3h,edestron
ekpby94,noobie2017,ekp5van,AusCan531
ekpqwur,thisdwarf1794,ekpby94,noobie2017
ekp9cbe,annnaaan,bc9i3h,edestron
ekpinud,decaffed,ekp9cbe,annnaaan
ekp3e7t,YonderToad,bc9i3h,edestron
ekpj6u1,KurtAngus,ekp3e7t,YonderToad
ekotony,Rudi26,bc9i3h,edestron
ekoylsn,thndrstrk,ekotony,Rudi26
ekpptlv,TurdQuadratic,ekotony,Rudi26
ekpbv1t,DIrtyVendetta80,ekoylsn,thndrstrk
ekotsax,cOnSumTs,bc9i3h,edestron
ekp4yyz,Rock3t_Ninja,bc9i3h,edestron
ekpdgmu,Ravaen769,bc9i3h,edestron
ekphqc3,Tutts,ekpdgmu,Ravaen769
ekpb9eo,mider-span,bc9i3h,edestron
ekpbtzz,ohheyitsMegan,ekpb9eo,mider-span
ekpcmvl,aegis41,ekpb9eo,mider-span
ekp5wf8,flaystus,bc9i3h,edestron
ekpkhyk,apocoluster,ekp5wf8,flaystus
ekp8j01,triskelios369,bc9i3h,edestron
ekpho1m,VoE_Monkey_Overlord,bc9i3h,edestron
ekpnclp,Reddnekkid,ekpho1m,VoE_Monkey_Overlord
ekpn6ze,weaslecookie7,ekpho1m,VoE_Monkey_Overlord
ekoyp1y,thndrstrk,bc9i3h,edestron
ekoy4ov,Cajahope,bc9i3h,edestron
ekozdnm,SC2sam,ekoy4ov,Cajahope
ekpi62y,olderaccount,ekoy4ov,Cajahope
ekoykbm,JustBW,ekoy4ov,Cajahope
ekpcnui,EmbarrassedLock,ekoy4ov,Cajahope
ekpa54a,dijitaq,bc9i3h,edestron
ekpg7gy,zfive,bc9i3h,edestron
ekpmhff,Takodanachoochoo,ekpg7gy,zfive
ekpne1z,Reddnekkid,ekpg7gy,zfive
ekpo9qf,nootnoottoottoot,ekpne1z,Reddnekkid
ekp8fq4,megaweb,bc9i3h,edestron
ekpldjh,Ghost-Of-Nappa,ekp8fq4,megaweb
ekpf4vs,thememelord12390,ekp8fq4,megaweb
ekovoy9,Xyz_32111elf,bc9i3h,edestron
ekp8yvb,din0spam0ni,bc9i3h,edestron
ekph51y,Ghigneos,bc9i3h,edestron
ekouftc,isit2020yet-,bc9i3h,edestron
ekpcxog,CathyKeas,bc9i3h,edestron
ekoy4y1,-Palzon-,bc9i3h,edestron
ekp1836,HorrorMoviesYEET,ekoy4y1,-Palzon-
ekp6b2w,hailcharlaria,ekp1836,HorrorMoviesYEET
ekp6wm4,SusanForeman,ekp1836,HorrorMoviesYEET
ekp1xls,TuhTodayJr,ekp1836,HorrorMoviesYEET
ekp8zia,JimLaheysGhost,ekp6b2w,hailcharlaria
ekp94m5,smol_lebowski,ekp6b2w,hailcharlaria
ekp3hix,MGEESMAMMA,bc9i3h,edestron
ekpo1az,originalchaosinabox,bc9i3h,edestron
ekowwfa,OriginalWaterChamp,bc9i3h,edestron
ekp7wy0,Calypsoobrian,bc9i3h,edestron
ekpf8qi,asleepinthetreestand,bc9i3h,edestron
ekpg4n1,TJ_McWeaksauce,bc9i3h,edestron
ekpmjic,ShaneoMc1989,bc9i3h,edestron
ekpbp1m,Diazepampoovey,bc9i3h,edestron
ekpfpal,Allydarvel,bc9i3h,edestron
ekpaq1t,EmbarrassedLock,bc9i3h,edestron
ekpceid,SadlySofjo,ekpaq1t,EmbarrassedLock
ekpasdz,Bustucka,bc9i3h,edestron
ekpeeox,Zerathios,bc9i3h,edestron
ekpfvh4,Urgentsubset,bc9i3h,edestron
ekpj502,2assassin_fdgod2,bc9i3h,edestron
ekpkjpr,apocoluster,bc9i3h,edestron
ekplsei,manoverboard5702,bc9i3h,edestron
ekpmi0y,dockows412,bc9i3h,edestron
ekpmz9e,Ti7ANEUM,bc9i3h,edestron
ekpqitu,KingKreeper17,ekpmz9e,Ti7ANEUM
ekpqkji,Ti7ANEUM,ekpqitu,KingKreeper17
ekpppx6,Brewlay79,bc9i3h,edestron
ekppy3a,Irrelaphant,bc9i3h,edestron
ekpqcyx,Burnham113,bc9i3h,edestron
ekpqdrf,chwisdeen,bc9i3h,edestron
ekpqi2v,sabret00the,ekpqdrf,chwisdeen
ekprc92,redoilokie,bc9i3h,edestron
ekpek17,HBCD215,bc9i3h,edestron
ekpcukv,EmilTheEmu,bc9i3h,edestron
ekp89ck,edee160,bc9i3h,edestron
ekpa24y,Wutz_appenin,bc9i3h,edestron
ekpezh1,whatsariho,bc9i3h,edestron
ekps93i,jeremyjimmy,ekpezh1,whatsariho
ekp3wnd,grapereader,bc9i3h,edestron
ekpajc6,ComebackKid9898,ekp3wnd,grapereader
ekpallz,ThisFatGirlRuns,bc9i3h,edestron
ekpcxvl,CathyKeas,bc9i3h,edestron
ekpdc4a,Aetrion,bc9i3h,edestron
ekpej16,Ozimandius,ekpdc4a,Aetrion
ekpdwbg,SludgeVohaul,ekpdc4a,Aetrion
ekpeiwo,eneeidiot,ekpdc4a,Aetrion
ekprfvb,KingKreeper17,ekpdc4a,Aetrion
ekpeshp,Aetrion,ekpej16,Ozimandius
ekpefxe,Aetrion,ekpdwbg,SludgeVohaul
ekpev6c,Aetrion,ekpeiwo,eneeidiot
ekpjt9s,Ozimandius,ekpeshp,Aetrion
ekpfs13,eneeidiot,ekpev6c,Aetrion
ekpminr,JustTellTheTruthDude,bc9i3h,edestron
ekpmzqi,whenthericeisready,ekpminr,JustTellTheTruthDude
ekpqjya,KingKreeper17,ekpminr,JustTellTheTruthDude
ekpfqxk,MelonFag,bc9i3h,edestron
ekpqo87,KingKreeper17,ekpfqxk,MelonFag
ekpdtrc,N00neUkn0w,ekoyq1h,MissPredicament
ekpmkxn,rautankankut,ekpdtrc,N00neUkn0w
ekpfst8,pleasefeedthedino,ekoyq1h,MissPredicament
ekpkmih,herpaderpadont,ekpfst8,pleasefeedthedino
ekpna2y,socialgadfly420,ekpfst8,pleasefeedthedino
ekpqy3l,marilyn_morose,ekpfst8,pleasefeedthedino
ekplsv7,accio_doggo,ekpfst8,pleasefeedthedino
ekprhhw,lesbian_czar,ekpfst8,pleasefeedthedino
ekpljl4,The_Mechanist24,ekpkmih,herpaderpadont
ekpsbcm,tjreess,ekpljl4,The_Mechanist24
ekp7c0z,Nubsan,ekoyq1h,MissPredicament
ekpjzwx,allectohassten,ekoyq1h,MissPredicament
ekpby94,noobie2017,ekp5van,AusCan531
ekpqwur,thisdwarf1794,ekpby94,noobie2017
ekpinud,decaffed,ekp9cbe,annnaaan
ekpj6u1,KurtAngus,ekp3e7t,YonderToad
ekoylsn,thndrstrk,ekotony,Rudi26
ekpbv1t,DIrtyVendetta80,ekoylsn,thndrstrk
ekpptlv,TurdQuadratic,ekotony,Rudi26
ekphqc3,Tutts,ekpdgmu,Ravaen769
ekpbtzz,ohheyitsMegan,ekpb9eo,mider-span
ekpcmvl,aegis41,ekpb9eo,mider-span
ekpkhyk,apocoluster,ekp5wf8,flaystus
ekpnclp,Reddnekkid,ekpho1m,VoE_Monkey_Overlord
ekpn6ze,weaslecookie7,ekpho1m,VoE_Monkey_Overlord
ekozdnm,SC2sam,ekoy4ov,Cajahope
ekpi62y,olderaccount,ekoy4ov,Cajahope
ekoykbm,JustBW,ekoy4ov,Cajahope
ekpcnui,EmbarrassedLock,ekoy4ov,Cajahope
ekpmhff,Takodanachoochoo,ekpg7gy,zfive
ekpne1z,Reddnekkid,ekpg7gy,zfive
ekpo9qf,nootnoottoottoot,ekpne1z,Reddnekkid
ekpldjh,Ghost-Of-Nappa,ekp8fq4,megaweb
ekpf4vs,thememelord12390,ekp8fq4,megaweb
ekp1836,HorrorMoviesYEET,ekoy4y1,-Palzon-
ekp6b2w,hailcharlaria,ekp1836,HorrorMoviesYEET
ekp6wm4,SusanForeman,ekp1836,HorrorMoviesYEET
ekp1xls,TuhTodayJr,ekp1836,HorrorMoviesYEET
ekp8zia,JimLaheysGhost,ekp6b2w,hailcharlaria
ekp94m5,smol_lebowski,ekp6b2w,hailcharlaria
ekpceid,SadlySofjo,ekpaq1t,EmbarrassedLock
ekpqitu,KingKreeper17,ekpmz9e,Ti7ANEUM
ekpqkji,Ti7ANEUM,ekpqitu,KingKreeper17
ekpqi2v,sabret00the,ekpqdrf,chwisdeen
ekps93i,jeremyjimmy,ekpezh1,whatsariho
ekpajc6,ComebackKid9898,ekp3wnd,grapereader
ekpej16,Ozimandius,ekpdc4a,Aetrion
ekpeshp,Aetrion,ekpej16,Ozimandius
ekpjt9s,Ozimandius,ekpeshp,Aetrion
ekpdwbg,SludgeVohaul,ekpdc4a,Aetrion
ekpefxe,Aetrion,ekpdwbg,SludgeVohaul
ekpeiwo,eneeidiot,ekpdc4a,Aetrion
ekpev6c,Aetrion,ekpeiwo,eneeidiot
ekpfs13,eneeidiot,ekpev6c,Aetrion
ekprfvb,KingKreeper17,ekpdc4a,Aetrion
ekpmzqi,whenthericeisready,ekpminr,JustTellTheTruthDude
ekpqjya,KingKreeper17,ekpminr,JustTellTheTruthDude
ekpqo87,KingKreeper17,ekpfqxk,MelonFag
ekpmkxn,rautankankut,ekpdtrc,N00neUkn0w
ekpkmih,herpaderpadont,ekpfst8,pleasefeedthedino
ekpljl4,The_Mechanist24,ekpkmih,herpaderpadont
ekpsbcm,tjreess,ekpljl4,The_Mechanist24
ekpna2y,socialgadfly420,ekpfst8,pleasefeedthedino
ekpqy3l,marilyn_morose,ekpfst8,pleasefeedthedino
ekplsv7,accio_doggo,ekpfst8,pleasefeedthedino
ekprhhw,lesbian_czar,ekpfst8,pleasefeedthedino
ekpqwur,thisdwarf1794,ekpby94,noobie2017
ekpbv1t,DIrtyVendetta80,ekoylsn,thndrstrk
ekpo9qf,nootnoottoottoot,ekpne1z,Reddnekkid
ekp6b2w,hailcharlaria,ekp1836,HorrorMoviesYEET
ekp8zia,JimLaheysGhost,ekp6b2w,hailcharlaria
ekp94m5,smol_lebowski,ekp6b2w,hailcharlaria
ekp6wm4,SusanForeman,ekp1836,HorrorMoviesYEET
ekp1xls,TuhTodayJr,ekp1836,HorrorMoviesYEET
ekpqkji,Ti7ANEUM,ekpqitu,KingKreeper17
ekpeshp,Aetrion,ekpej16,Ozimandius
ekpjt9s,Ozimandius,ekpeshp,Aetrion
ekpefxe,Aetrion,ekpdwbg,SludgeVohaul
ekpev6c,Aetrion,ekpeiwo,eneeidiot
ekpfs13,eneeidiot,ekpev6c,Aetrion
ekpljl4,The_Mechanist24,ekpkmih,herpaderpadont
ekpsbcm,tjreess,ekpljl4,The_Mechanist24
ekp8zia,JimLaheysGhost,ekp6b2w,hailcharlaria
ekp94m5,smol_lebowski,ekp6b2w,hailcharlaria
ekpjt9s,Ozimandius,ekpeshp,Aetrion
ekpfs13,eneeidiot,ekpev6c,Aetrion
ekpsbcm,tjreess,ekpljl4,The_Mechanist24
ekozdco,trashman212,bc98o5,njoker555
ekpdnx1,SchnoodleDoodleDo,ekozdco,trashman212
ekpaab3,TalosGuide,ekozdco,trashman212
ekpbjp3,Akathikor,ekozdco,trashman212
ekpf0ar,other_usernames_gone,ekozdco,trashman212
ekpkdda,heckin_chill_4_a_sec,ekpdnx1,SchnoodleDoodleDo
ekpq185,Krinks1,ekpf0ar,other_usernames_gone
ekov1lh,beerandacurry,bc98o5,njoker555
ekovb37,njoker555,ekov1lh,beerandacurry
ekpa275,moomoosa,ekov1lh,beerandacurry
ekpeh12,SchnoodleDoodleDo,ekov1lh,beerandacurry
ekp4tgi,Genesis111112,ekov1lh,beerandacurry
ekp5hh5,Fenzke,ekovb37,njoker555
ekphxdf,S_words_for_100,ekpa275,moomoosa
ekowrvu,Taricool777,bc98o5,njoker555
ekp4ul7,-SoulFlower-,ekowrvu,Taricool777
ekpacbo,EmbarrassedLock,ekp4ul7,-SoulFlower-
ekoys94,Kytescall,bc98o5,njoker555
ekp8gau,NotMrMike,ekoys94,Kytescall
ekp4bs6,Olsky,ekoys94,Kytescall
ekpc3yl,birdsareturds,ekoys94,Kytescall
ekplzrp,HelmutHoffman,ekp8gau,NotMrMike
ekp6amt,GiveMeCheesecake,ekp4bs6,Olsky
ekpczx7,hal_potter_seven,ekpc3yl,birdsareturds
ekpbdly,linusadler,ekp6amt,GiveMeCheesecake
ekov0ef,memes_like_tendiesyt,bc98o5,njoker555
ekoye4x,chiemi02,bc98o5,njoker555
ekp7xpa,NotMrMike,ekoye4x,chiemi02
ekp9olf,R_i_o_m_a_a,ekoye4x,chiemi02
ekpdb3d,ladyangua,ekoye4x,chiemi02
ekpk8vh,Nixie9,ekpdb3d,ladyangua
ekpnfwr,ladyangua,ekpk8vh,Nixie9
ekp6bc9,Lostpurplepen,bc98o5,njoker555
ekoxw6n,Adamant_Narwhal,bc98o5,njoker555
ekp7mi5,jlt6666,ekoxw6n,Adamant_Narwhal
ekp1qsu,jaxolotle,ekoxw6n,Adamant_Narwhal
ekpcxxn,oopsiefoop,bc98o5,njoker555
ekpapa9,heyzeto,bc98o5,njoker555
ekpetyx,exhaustedpiglet,bc98o5,njoker555
ekpa986,darknightdaughter,bc98o5,njoker555
ekp0gkr,theoldmaid,bc98o5,njoker555
ekp27ws,DaDirewolf,bc98o5,njoker555
ekp4vap,astrL_,bc98o5,njoker555
ekp6yaj,CharlieQuest,bc98o5,njoker555
ekp74ik,etherealesoterica,bc98o5,njoker555
ekpb1kt,TNS72,bc98o5,njoker555
ekpbeqx,AnnaBortion26,bc98o5,njoker555
ekpbfgk,xplicit_mike,bc98o5,njoker555
ekpbpyz,Lavish_Parakeet,bc98o5,njoker555
ekpgcw3,NastyPeachofGermany,bc98o5,njoker555
ekpgfnt,evoc2911,bc98o5,njoker555
ekpjdq1,chicken_router,bc98o5,njoker555
ekpjzdd,Fraisinette74,bc98o5,njoker555
ekpkfna,Konvic21,bc98o5,njoker555
ekpkiko,ConkBepis,bc98o5,njoker555
ekpkzok,FATHER_OF_GIRTH,bc98o5,njoker555
ekplbll,entiretysa,bc98o5,njoker555
ekpml6z,zaggiethecat,bc98o5,njoker555
ekpmu75,TheLocalSlav,bc98o5,njoker555
ekpo0ss,k_spencer,bc98o5,njoker555
ekpo24h,Ody_Mandrell,bc98o5,njoker555
ekpqq9p,motherOfDovahs,bc98o5,njoker555
ekpr159,an0maly33,bc98o5,njoker555
ekpsdmn,GrouchyMeasurement,bc98o5,njoker555
ekp7m9e,the_okay,bc98o5,njoker555
ekpa9a9,EmbarrassedLock,bc98o5,njoker555
ekpdnx1,SchnoodleDoodleDo,ekozdco,trashman212
ekpkdda,heckin_chill_4_a_sec,ekpdnx1,SchnoodleDoodleDo
ekpaab3,TalosGuide,ekozdco,trashman212
ekpbjp3,Akathikor,ekozdco,trashman212
ekpf0ar,other_usernames_gone,ekozdco,trashman212
ekpq185,Krinks1,ekpf0ar,other_usernames_gone
ekovb37,njoker555,ekov1lh,beerandacurry
ekp5hh5,Fenzke,ekovb37,njoker555
ekpa275,moomoosa,ekov1lh,beerandacurry
ekphxdf,S_words_for_100,ekpa275,moomoosa
ekpeh12,SchnoodleDoodleDo,ekov1lh,beerandacurry
ekp4tgi,Genesis111112,ekov1lh,beerandacurry
ekp4ul7,-SoulFlower-,ekowrvu,Taricool777
ekpacbo,EmbarrassedLock,ekp4ul7,-SoulFlower-
ekp8gau,NotMrMike,ekoys94,Kytescall
ekplzrp,HelmutHoffman,ekp8gau,NotMrMike
ekp4bs6,Olsky,ekoys94,Kytescall
ekp6amt,GiveMeCheesecake,ekp4bs6,Olsky
ekpbdly,linusadler,ekp6amt,GiveMeCheesecake
ekpc3yl,birdsareturds,ekoys94,Kytescall
ekpczx7,hal_potter_seven,ekpc3yl,birdsareturds
ekp7xpa,NotMrMike,ekoye4x,chiemi02
ekp9olf,R_i_o_m_a_a,ekoye4x,chiemi02
ekpdb3d,ladyangua,ekoye4x,chiemi02
ekpk8vh,Nixie9,ekpdb3d,ladyangua
ekpnfwr,ladyangua,ekpk8vh,Nixie9
ekp7mi5,jlt6666,ekoxw6n,Adamant_Narwhal
ekp1qsu,jaxolotle,ekoxw6n,Adamant_Narwhal
ekpkdda,heckin_chill_4_a_sec,ekpdnx1,SchnoodleDoodleDo
ekpq185,Krinks1,ekpf0ar,other_usernames_gone
ekp5hh5,Fenzke,ekovb37,njoker555
ekphxdf,S_words_for_100,ekpa275,moomoosa
ekpacbo,EmbarrassedLock,ekp4ul7,-SoulFlower-
ekplzrp,HelmutHoffman,ekp8gau,NotMrMike
ekp6amt,GiveMeCheesecake,ekp4bs6,Olsky
ekpbdly,linusadler,ekp6amt,GiveMeCheesecake
ekpczx7,hal_potter_seven,ekpc3yl,birdsareturds
ekpk8vh,Nixie9,ekpdb3d,ladyangua
ekpnfwr,ladyangua,ekpk8vh,Nixie9
ekpbdly,linusadler,ekp6amt,GiveMeCheesecake
ekpnfwr,ladyangua,ekpk8vh,Nixie9
ekozdco,trashman212,bc98o5,njoker555
ekpdnx1,SchnoodleDoodleDo,ekozdco,trashman212
ekpaab3,TalosGuide,ekozdco,trashman212
ekpbjp3,Akathikor,ekozdco,trashman212
ekpf0ar,other_usernames_gone,ekozdco,trashman212
ekpkdda,heckin_chill_4_a_sec,ekpdnx1,SchnoodleDoodleDo
ekpq185,Krinks1,ekpf0ar,other_usernames_gone
ekov1lh,beerandacurry,bc98o5,njoker555
ekovb37,njoker555,ekov1lh,beerandacurry
ekpa275,moomoosa,ekov1lh,beerandacurry
ekpeh12,SchnoodleDoodleDo,ekov1lh,beerandacurry
ekp4tgi,Genesis111112,ekov1lh,beerandacurry
ekp5hh5,Fenzke,ekovb37,njoker555
ekphxdf,S_words_for_100,ekpa275,moomoosa
ekowrvu,Taricool777,bc98o5,njoker555
ekp4ul7,-SoulFlower-,ekowrvu,Taricool777
ekpacbo,EmbarrassedLock,ekp4ul7,-SoulFlower-
ekoys94,Kytescall,bc98o5,njoker555
ekp8gau,NotMrMike,ekoys94,Kytescall
ekp4bs6,Olsky,ekoys94,Kytescall
ekpc3yl,birdsareturds,ekoys94,Kytescall
ekplzrp,HelmutHoffman,ekp8gau,NotMrMike
ekp6amt,GiveMeCheesecake,ekp4bs6,Olsky
ekpczx7,hal_potter_seven,ekpc3yl,birdsareturds
ekpbdly,linusadler,ekp6amt,GiveMeCheesecake
ekov0ef,memes_like_tendiesyt,bc98o5,njoker555
ekoye4x,chiemi02,bc98o5,njoker555
ekp7xpa,NotMrMike,ekoye4x,chiemi02
ekp9olf,R_i_o_m_a_a,ekoye4x,chiemi02
ekpdb3d,ladyangua,ekoye4x,chiemi02
ekpk8vh,Nixie9,ekpdb3d,ladyangua
ekpnfwr,ladyangua,ekpk8vh,Nixie9
ekp6bc9,Lostpurplepen,bc98o5,njoker555
ekoxw6n,Adamant_Narwhal,bc98o5,njoker555
ekp7mi5,jlt6666,ekoxw6n,Adamant_Narwhal
ekp1qsu,jaxolotle,ekoxw6n,Adamant_Narwhal
ekpcxxn,oopsiefoop,bc98o5,njoker555
ekpapa9,heyzeto,bc98o5,njoker555
ekpetyx,exhaustedpiglet,bc98o5,njoker555
ekpa986,darknightdaughter,bc98o5,njoker555
ekp0gkr,theoldmaid,bc98o5,njoker555
ekp27ws,DaDirewolf,bc98o5,njoker555
ekp4vap,astrL_,bc98o5,njoker555
ekp6yaj,CharlieQuest,bc98o5,njoker555
ekp74ik,etherealesoterica,bc98o5,njoker555
ekpb1kt,TNS72,bc98o5,njoker555
ekpbeqx,AnnaBortion26,bc98o5,njoker555
ekpbfgk,xplicit_mike,bc98o5,njoker555
ekpbpyz,Lavish_Parakeet,bc98o5,njoker555
ekpgcw3,NastyPeachofGermany,bc98o5,njoker555
ekpgfnt,evoc2911,bc98o5,njoker555
ekpjdq1,chicken_router,bc98o5,njoker555
ekpjzdd,Fraisinette74,bc98o5,njoker555
ekpkfna,Konvic21,bc98o5,njoker555
ekpkiko,ConkBepis,bc98o5,njoker555
ekpkzok,FATHER_OF_GIRTH,bc98o5,njoker555
ekplbll,entiretysa,bc98o5,njoker555
ekpml6z,zaggiethecat,bc98o5,njoker555
ekpmu75,TheLocalSlav,bc98o5,njoker555
ekpo0ss,k_spencer,bc98o5,njoker555
ekpo24h,Ody_Mandrell,bc98o5,njoker555
ekpqq9p,motherOfDovahs,bc98o5,njoker555
ekpr159,an0maly33,bc98o5,njoker555
ekpsdmn,GrouchyMeasurement,bc98o5,njoker555
ekp7m9e,the_okay,bc98o5,njoker555
ekpa9a9,EmbarrassedLock,bc98o5,njoker555
ekpdnx1,SchnoodleDoodleDo,ekozdco,trashman212
ekpkdda,heckin_chill_4_a_sec,ekpdnx1,SchnoodleDoodleDo
ekpaab3,TalosGuide,ekozdco,trashman212
ekpbjp3,Akathikor,ekozdco,trashman212
ekpf0ar,other_usernames_gone,ekozdco,trashman212
ekpq185,Krinks1,ekpf0ar,other_usernames_gone
ekovb37,njoker555,ekov1lh,beerandacurry
ekp5hh5,Fenzke,ekovb37,njoker555
ekpa275,moomoosa,ekov1lh,beerandacurry
ekphxdf,S_words_for_100,ekpa275,moomoosa
ekpeh12,SchnoodleDoodleDo,ekov1lh,beerandacurry
ekp4tgi,Genesis111112,ekov1lh,beerandacurry
ekp4ul7,-SoulFlower-,ekowrvu,Taricool777
ekpacbo,EmbarrassedLock,ekp4ul7,-SoulFlower-
ekp8gau,NotMrMike,ekoys94,Kytescall
ekplzrp,HelmutHoffman,ekp8gau,NotMrMike
ekp4bs6,Olsky,ekoys94,Kytescall
ekp6amt,GiveMeCheesecake,ekp4bs6,Olsky
ekpbdly,linusadler,ekp6amt,GiveMeCheesecake
ekpc3yl,birdsareturds,ekoys94,Kytescall
ekpczx7,hal_potter_seven,ekpc3yl,birdsareturds
ekp7xpa,NotMrMike,ekoye4x,chiemi02
ekp9olf,R_i_o_m_a_a,ekoye4x,chiemi02
ekpdb3d,ladyangua,ekoye4x,chiemi02
ekpk8vh,Nixie9,ekpdb3d,ladyangua
ekpnfwr,ladyangua,ekpk8vh,Nixie9
ekp7mi5,jlt6666,ekoxw6n,Adamant_Narwhal
ekp1qsu,jaxolotle,ekoxw6n,Adamant_Narwhal
ekpkdda,heckin_chill_4_a_sec,ekpdnx1,SchnoodleDoodleDo
ekpq185,Krinks1,ekpf0ar,other_usernames_gone
ekp5hh5,Fenzke,ekovb37,njoker555
ekphxdf,S_words_for_100,ekpa275,moomoosa
ekpacbo,EmbarrassedLock,ekp4ul7,-SoulFlower-
ekplzrp,HelmutHoffman,ekp8gau,NotMrMike
ekp6amt,GiveMeCheesecake,ekp4bs6,Olsky
ekpbdly,linusadler,ekp6amt,GiveMeCheesecake
ekpczx7,hal_potter_seven,ekpc3yl,birdsareturds
ekpk8vh,Nixie9,ekpdb3d,ladyangua
ekpnfwr,ladyangua,ekpk8vh,Nixie9
ekpbdly,linusadler,ekp6amt,GiveMeCheesecake
ekpnfwr,ladyangua,ekpk8vh,Nixie9
ekorrjk,mythoffire,bc96eb,PabloJensen
ekoufjc,Controlae,ekorrjk,mythoffire
ekp91ta,SchnoodleDoodleDo,ekorrjk,mythoffire
ekp1ymp,TheNamesEpic,ekorrjk,mythoffire
ekpd22c,alexadownload,ekorrjk,mythoffire
ekp793y,Nubsan,ekorrjk,mythoffire
ekp9aff,nessager,ekoufjc,Controlae
ekpl1k7,maredog4,ekoufjc,Controlae
ekpar19,hashtagsugary,ekoufjc,Controlae
ekpgf20,janlangdon362,ekoufjc,Controlae
ekpaej4,saturdaybloom,ekp9aff,nessager
ekpnso7,zzzizou,ekp9aff,nessager
ekpaef1,Djslender6,ekp9aff,nessager
ekpfr41,GenitalWizard,ekpaef1,Djslender6
ekpnos1,kobothedog,ekpaef1,Djslender6
ekov0wo,IndyIndy23,bc96eb,PabloJensen
ekp0lv3,caustic_kiwi,ekov0wo,IndyIndy23
ekp0tpa,cocaineluna,ekp0lv3,caustic_kiwi
ekpmbaj,IndyIndy23,ekp0lv3,caustic_kiwi
ekp0ven,caustic_kiwi,ekp0tpa,cocaineluna
ekovvpu,Excellerates,bc96eb,PabloJensen
ekot0i9,we_made,bc96eb,PabloJensen
ekoy9ru,burntbro420,bc96eb,PabloJensen
ekozpim,PabloJensen,ekoy9ru,burntbro420
ekpo4ke,stirling_s,ekozpim,PabloJensen
ekpbh4o,sjoy512,ekozpim,PabloJensen
ekpqhbd,PabloJensen,ekpo4ke,stirling_s
ekouoih,wealllickbootyholes,bc96eb,PabloJensen
ekoy2bp,whitlessness,ekouoih,wealllickbootyholes
ekoy4j8,wealllickbootyholes,ekoy2bp,whitlessness
ekoyy4s,whitlessness,ekoy4j8,wealllickbootyholes
ekp7d6g,wealllickbootyholes,ekoyy4s,whitlessness
ekora12,deepteabiscuit,bc96eb,PabloJensen
ekounsc,Technikal85,bc96eb,PabloJensen
ekovbbs,FlamingDragonQueen,bc96eb,PabloJensen
ekox8u5,ImperatorPeach,bc96eb,PabloJensen
ekoz566,nikilpatel94,bc96eb,PabloJensen
ekp2f17,MikuLaufeyson,bc96eb,PabloJensen
ekp4yb1,rubyrose44,bc96eb,PabloJensen
ekp73lj,EH0_0,ekp4yb1,rubyrose44
ekp6szk,Peppa_boar,bc96eb,PabloJensen
ekpbtql,MuEnad,bc96eb,PabloJensen
ekpftdt,oz_moses,bc96eb,PabloJensen
ekp75p6,sweetkatiecakes,bc96eb,PabloJensen
ekpg1o6,MereSecondsToLive,ekp75p6,sweetkatiecakes
ekpe95o,bipolar-noirefemme,ekp75p6,sweetkatiecakes
ekpg53w,sweetkatiecakes,ekpg1o6,MereSecondsToLive
ekou7aj,Simusrimuss,bc96eb,PabloJensen
ekoz0tf,albertz8,bc96eb,PabloJensen
ekozq11,PabloJensen,ekoz0tf,albertz8
ekpo5i0,stirling_s,ekozq11,PabloJensen
ekp1lqh,albertz8,ekozq11,PabloJensen
ekp3det,Sjloebel,bc96eb,PabloJensen
ekp40u6,exhaustedpiglet,bc96eb,PabloJensen
ekp5vlk,CharlotteNotPie,bc96eb,PabloJensen
ekp7dv3,Onyxeagle171,bc96eb,PabloJensen
ekp7lx0,DomDomW,bc96eb,PabloJensen
ekp8ptp,train_OfThought,bc96eb,PabloJensen
ekp8rff,nelsonvann1993,bc96eb,PabloJensen
ekp8rmq,dukemagnus,bc96eb,PabloJensen
ekpq598,PabloJensen,ekp8rmq,dukemagnus
ekp8t5p,I_am_not_kim_jung_un,bc96eb,PabloJensen
ekp91hz,Retro109,bc96eb,PabloJensen
ekp9ax8,23456lol,bc96eb,PabloJensen
ekp9rsy,Zillaplus2,bc96eb,PabloJensen
ekpa025,Hazys,bc96eb,PabloJensen
ekpalfv,Emergency_Sand,bc96eb,PabloJensen
ekpamsw,Juntti-Einari,bc96eb,PabloJensen
ekpau1t,ParanormalPurple,bc96eb,PabloJensen
ekpb8oj,neddity,bc96eb,PabloJensen
ekpc4rd,Coin360com,bc96eb,PabloJensen
ekpccvs,noelsmidgeon,bc96eb,PabloJensen
ekpcv0d,CathyKeas,bc96eb,PabloJensen
ekpey6w,KingChess83,bc96eb,PabloJensen
ekpezq1,plorre,bc96eb,PabloJensen
ekpf8g6,why_did_i_get_reddit,bc96eb,PabloJensen
ekpg105,MereSecondsToLive,bc96eb,PabloJensen
ekpgwme,legotechnic420,bc96eb,PabloJensen
ekphogs,Rehtori,bc96eb,PabloJensen
ekpq90c,PabloJensen,ekphogs,Rehtori
ekpi373,noa01101000,bc96eb,PabloJensen
ekpi927,,bc96eb,PabloJensen
ekpixzj,DulcidioCoelho,bc96eb,PabloJensen
ekpizl8,ActuallyInstaNormie,bc96eb,PabloJensen
ekpkrqk,MasterTvon,bc96eb,PabloJensen
ekplei3,RRonanz,bc96eb,PabloJensen
ekpm7hw,tharussianphil,bc96eb,PabloJensen
ekpmorn,johnDAGOAT721,bc96eb,PabloJensen
ekpms2n,VictorVaughnGogh,bc96eb,PabloJensen
ekpncaa,nathanaelmaalm,bc96eb,PabloJensen
ekpnlik,kobothedog,bc96eb,PabloJensen
ekpnpu0,Joelexion,bc96eb,PabloJensen
ekpocgh,stirling_s,bc96eb,PabloJensen
ekpokga,TheOneAndOnlySten,bc96eb,PabloJensen
ekpq406,EYEOFTHEBEHOLDER12,bc96eb,PabloJensen
ekprdw8,skootingdog56,bc96eb,PabloJensen
ekprndi,browsercurious,bc96eb,PabloJensen
ekprsz3,browsercurious,bc96eb,PabloJensen
ekoru3q,DownvoteMeaniePants,bc96eb,PabloJensen
ekotm4u,ObIivious,ekoru3q,DownvoteMeaniePants
ekousow,peanut-butter-18,ekoru3q,DownvoteMeaniePants
ekouw0m,peanut-butter-18,ekotm4u,ObIivious
ekozvre,WowWhatABeaut,ekousow,peanut-butter-18
ekoufjc,Controlae,ekorrjk,mythoffire
ekp9aff,nessager,ekoufjc,Controlae
ekpl1k7,maredog4,ekoufjc,Controlae
ekpar19,hashtagsugary,ekoufjc,Controlae
ekpgf20,janlangdon362,ekoufjc,Controlae
ekpaej4,saturdaybloom,ekp9aff,nessager
ekpnso7,zzzizou,ekp9aff,nessager
ekpaef1,Djslender6,ekp9aff,nessager
ekpfr41,GenitalWizard,ekpaef1,Djslender6
ekpnos1,kobothedog,ekpaef1,Djslender6
ekp91ta,SchnoodleDoodleDo,ekorrjk,mythoffire
ekp1ymp,TheNamesEpic,ekorrjk,mythoffire
ekpd22c,alexadownload,ekorrjk,mythoffire
ekp793y,Nubsan,ekorrjk,mythoffire
ekp0lv3,caustic_kiwi,ekov0wo,IndyIndy23
ekp0tpa,cocaineluna,ekp0lv3,caustic_kiwi
ekpmbaj,IndyIndy23,ekp0lv3,caustic_kiwi
ekp0ven,caustic_kiwi,ekp0tpa,cocaineluna
ekozpim,PabloJensen,ekoy9ru,burntbro420
ekpo4ke,stirling_s,ekozpim,PabloJensen
ekpbh4o,sjoy512,ekozpim,PabloJensen
ekpqhbd,PabloJensen,ekpo4ke,stirling_s
ekoy2bp,whitlessness,ekouoih,wealllickbootyholes
ekoy4j8,wealllickbootyholes,ekoy2bp,whitlessness
ekoyy4s,whitlessness,ekoy4j8,wealllickbootyholes
ekp7d6g,wealllickbootyholes,ekoyy4s,whitlessness
ekp73lj,EH0_0,ekp4yb1,rubyrose44
ekpg1o6,MereSecondsToLive,ekp75p6,sweetkatiecakes
ekpg53w,sweetkatiecakes,ekpg1o6,MereSecondsToLive
ekpe95o,bipolar-noirefemme,ekp75p6,sweetkatiecakes
ekozq11,PabloJensen,ekoz0tf,albertz8
ekpo5i0,stirling_s,ekozq11,PabloJensen
ekp1lqh,albertz8,ekozq11,PabloJensen
ekpq598,PabloJensen,ekp8rmq,dukemagnus
ekpq90c,PabloJensen,ekphogs,Rehtori
ekotm4u,ObIivious,ekoru3q,DownvoteMeaniePants
ekouw0m,peanut-butter-18,ekotm4u,ObIivious
ekousow,peanut-butter-18,ekoru3q,DownvoteMeaniePants
ekozvre,WowWhatABeaut,ekousow,peanut-butter-18
ekp9aff,nessager,ekoufjc,Controlae
ekpaej4,saturdaybloom,ekp9aff,nessager
ekpnso7,zzzizou,ekp9aff,nessager
ekpaef1,Djslender6,ekp9aff,nessager
ekpfr41,GenitalWizard,ekpaef1,Djslender6
ekpnos1,kobothedog,ekpaef1,Djslender6
ekpl1k7,maredog4,ekoufjc,Controlae
ekpar19,hashtagsugary,ekoufjc,Controlae
ekpgf20,janlangdon362,ekoufjc,Controlae
ekp0tpa,cocaineluna,ekp0lv3,caustic_kiwi
ekp0ven,caustic_kiwi,ekp0tpa,cocaineluna
ekpmbaj,IndyIndy23,ekp0lv3,caustic_kiwi
ekpo4ke,stirling_s,ekozpim,PabloJensen
ekpqhbd,PabloJensen,ekpo4ke,stirling_s
ekpbh4o,sjoy512,ekozpim,PabloJensen
ekoy4j8,wealllickbootyholes,ekoy2bp,whitlessness
ekoyy4s,whitlessness,ekoy4j8,wealllickbootyholes
ekp7d6g,wealllickbootyholes,ekoyy4s,whitlessness
ekpg53w,sweetkatiecakes,ekpg1o6,MereSecondsToLive
ekpo5i0,stirling_s,ekozq11,PabloJensen
ekp1lqh,albertz8,ekozq11,PabloJensen
ekouw0m,peanut-butter-18,ekotm4u,ObIivious
ekozvre,WowWhatABeaut,ekousow,peanut-butter-18
ekpaej4,saturdaybloom,ekp9aff,nessager
ekpnso7,zzzizou,ekp9aff,nessager
ekpaef1,Djslender6,ekp9aff,nessager
ekpfr41,GenitalWizard,ekpaef1,Djslender6
ekpnos1,kobothedog,ekpaef1,Djslender6
ekp0ven,caustic_kiwi,ekp0tpa,cocaineluna
ekpqhbd,PabloJensen,ekpo4ke,stirling_s
ekoyy4s,whitlessness,ekoy4j8,wealllickbootyholes
ekp7d6g,wealllickbootyholes,ekoyy4s,whitlessness
ekpfr41,GenitalWizard,ekpaef1,Djslender6
ekpnos1,kobothedog,ekpaef1,Djslender6
ekp7d6g,wealllickbootyholes,ekoyy4s,whitlessness
