ekeqp1n,AutoModerator,baxqte,Whisper
ekf241j,Auvergnat,baxqte,Whisper
ekf4jsz,Whisper,ekf241j,Auvergnat
ekgd9k1,EdmondDaunts,ekf241j,Auvergnat
ekf45bo,RightHandWolf,ekf241j,Auvergnat
eklzs9h,Mangasbzo7,ekf241j,Auvergnat
ekng961,Rimefang,ekf241j,Auvergnat
ekfvv0e,embracingtheredpill,ekf241j,Auvergnat
ekfylda,bnnmmh,ekf4jsz,Whisper
ekg1d7x,Whisper,ekfylda,bnnmmh
ekgw2ha,anti-hypergamist,ekfylda,bnnmmh
ekn9g2y,ArtDeve,ekfylda,bnnmmh
ekg4099,bnnmmh,ekg1d7x,Whisper
ekivp6b,Maith_fear,ekg1d7x,Whisper
eklvjdw,growingstronk,ekg1d7x,Whisper
ekiu1ox,dfgabc,ekg4099,bnnmmh
ekf4bl6,redpillcad,baxqte,Whisper
ekfdn8z,Patriot29,baxqte,Whisper
ekk4cm8,SexdictatorLucifer,ekfdn8z,Patriot29
eklzxi1,Mangasbzo7,ekfdn8z,Patriot29
ekfaof6,Popular-Culture,baxqte,Whisper
ekg9x1w,kenpachitz,ekfaof6,Popular-Culture
ekm0316,Mangasbzo7,ekfaof6,Popular-Culture
ekh7w2o,mental_models,ekg9x1w,kenpachitz
ekna4q3,ArtDeve,ekm0316,Mangasbzo7
ekfgl0x,TheRedPillRipper,baxqte,Whisper
ekeuzqa,Chadster113,baxqte,Whisper
ekexve8,adam-l,ekeuzqa,Chadster113
ekeysji,Whisper,ekeuzqa,Chadster113
ekez0by,mental_models,ekeuzqa,Chadster113
ekm09h3,Mangasbzo7,ekeuzqa,Chadster113
ekfhozu,INNASKILLZ2K18,ekexve8,adam-l
ekfp1vr,IAMB4TMAN,baxqte,Whisper
ekfkxjv,BlindingTwilight,baxqte,Whisper
ekgd571,DirtyPickleGuy,baxqte,Whisper
ekgr19u,adam-l,ekgd571,DirtyPickleGuy
ekm0g1b,Mangasbzo7,ekgr19u,adam-l
ekmsppw,RightHandWolf,ekm0g1b,Mangasbzo7
ekier4z,UnanimousInMyOpinion,baxqte,Whisper
ekiey5l,8380atgmaildotcom,baxqte,Whisper
ekfo5iv,DiSysmic,baxqte,Whisper
ekh95xa,mental_models,ekfo5iv,DiSysmic
ekiw0jf,Bear-With-Bit,baxqte,Whisper
ekf3x0o,Vikingcel,baxqte,Whisper
ekf9f62,mental_models,ekf3x0o,Vikingcel
ekfk0fx,SoulRedemption,ekf3x0o,Vikingcel
ekf78jn,tyronethejabrone,ekf3x0o,Vikingcel
ekg1ht0,TheRedPike,ekf9f62,mental_models
ekfc9vb,Vikingcel,ekf9f62,mental_models
ekfayfc,Vikingcel,ekf78jn,tyronethejabrone
ekfeq9r,mental_models,ekfc9vb,Vikingcel
ekfdm5y,tyronethejabrone,ekfayfc,Vikingcel
ekgwy1v,Vikingcel,ekfeq9r,mental_models
ekfe35h,Vikingcel,ekfdm5y,tyronethejabrone
ekhbpev,mental_models,ekgwy1v,Vikingcel
ekgyabv,tyronethejabrone,ekfe35h,Vikingcel
ekhxpqq,Vikingcel,ekhbpev,mental_models
ekjci1g,EkMard,ekhxpqq,Vikingcel
ekjommd,Vikingcel,ekjci1g,EkMard
ekjbi6c,ChrimsonChin988,baxqte,Whisper
ekjcupl,EkMard,ekjbi6c,ChrimsonChin988
ekkshtb,Loze1,baxqte,Whisper
eklzn4e,ThinSpiritual,baxqte,Whisper
eki5kui,bouncypoo,baxqte,Whisper
ekjff5k,McVaghunter,baxqte,Whisper
eknfi7f,UpperDeer,baxqte,Whisper
ekf4jsz,Whisper,ekf241j,Auvergnat
ekfylda,bnnmmh,ekf4jsz,Whisper
ekg1d7x,Whisper,ekfylda,bnnmmh
ekgw2ha,anti-hypergamist,ekfylda,bnnmmh
ekn9g2y,ArtDeve,ekfylda,bnnmmh
ekg4099,bnnmmh,ekg1d7x,Whisper
ekivp6b,Maith_fear,ekg1d7x,Whisper
eklvjdw,growingstronk,ekg1d7x,Whisper
ekiu1ox,dfgabc,ekg4099,bnnmmh
ekgd9k1,EdmondDaunts,ekf241j,Auvergnat
ekf45bo,RightHandWolf,ekf241j,Auvergnat
eklzs9h,Mangasbzo7,ekf241j,Auvergnat
ekng961,Rimefang,ekf241j,Auvergnat
ekfvv0e,embracingtheredpill,ekf241j,Auvergnat
ekk4cm8,SexdictatorLucifer,ekfdn8z,Patriot29
eklzxi1,Mangasbzo7,ekfdn8z,Patriot29
ekg9x1w,kenpachitz,ekfaof6,Popular-Culture
ekh7w2o,mental_models,ekg9x1w,kenpachitz
ekm0316,Mangasbzo7,ekfaof6,Popular-Culture
ekna4q3,ArtDeve,ekm0316,Mangasbzo7
ekexve8,adam-l,ekeuzqa,Chadster113
ekfhozu,INNASKILLZ2K18,ekexve8,adam-l
ekeysji,Whisper,ekeuzqa,Chadster113
ekez0by,mental_models,ekeuzqa,Chadster113
ekm09h3,Mangasbzo7,ekeuzqa,Chadster113
ekgr19u,adam-l,ekgd571,DirtyPickleGuy
ekm0g1b,Mangasbzo7,ekgr19u,adam-l
ekmsppw,RightHandWolf,ekm0g1b,Mangasbzo7
ekh95xa,mental_models,ekfo5iv,DiSysmic
ekf9f62,mental_models,ekf3x0o,Vikingcel
ekg1ht0,TheRedPike,ekf9f62,mental_models
ekfc9vb,Vikingcel,ekf9f62,mental_models
ekfeq9r,mental_models,ekfc9vb,Vikingcel
ekgwy1v,Vikingcel,ekfeq9r,mental_models
ekhbpev,mental_models,ekgwy1v,Vikingcel
ekhxpqq,Vikingcel,ekhbpev,mental_models
ekjci1g,EkMard,ekhxpqq,Vikingcel
ekjommd,Vikingcel,ekjci1g,EkMard
ekfk0fx,SoulRedemption,ekf3x0o,Vikingcel
ekf78jn,tyronethejabrone,ekf3x0o,Vikingcel
ekfayfc,Vikingcel,ekf78jn,tyronethejabrone
ekfdm5y,tyronethejabrone,ekfayfc,Vikingcel
ekfe35h,Vikingcel,ekfdm5y,tyronethejabrone
ekgyabv,tyronethejabrone,ekfe35h,Vikingcel
ekjcupl,EkMard,ekjbi6c,ChrimsonChin988
ekfylda,bnnmmh,ekf4jsz,Whisper
ekg1d7x,Whisper,ekfylda,bnnmmh
ekgw2ha,anti-hypergamist,ekfylda,bnnmmh
ekn9g2y,ArtDeve,ekfylda,bnnmmh
ekg4099,bnnmmh,ekg1d7x,Whisper
ekivp6b,Maith_fear,ekg1d7x,Whisper
eklvjdw,growingstronk,ekg1d7x,Whisper
ekiu1ox,dfgabc,ekg4099,bnnmmh
ekh7w2o,mental_models,ekg9x1w,kenpachitz
ekna4q3,ArtDeve,ekm0316,Mangasbzo7
ekfhozu,INNASKILLZ2K18,ekexve8,adam-l
ekm0g1b,Mangasbzo7,ekgr19u,adam-l
ekmsppw,RightHandWolf,ekm0g1b,Mangasbzo7
ekg1ht0,TheRedPike,ekf9f62,mental_models
ekfc9vb,Vikingcel,ekf9f62,mental_models
ekfeq9r,mental_models,ekfc9vb,Vikingcel
ekgwy1v,Vikingcel,ekfeq9r,mental_models
ekhbpev,mental_models,ekgwy1v,Vikingcel
ekhxpqq,Vikingcel,ekhbpev,mental_models
ekjci1g,EkMard,ekhxpqq,Vikingcel
ekjommd,Vikingcel,ekjci1g,EkMard
ekfayfc,Vikingcel,ekf78jn,tyronethejabrone
ekfdm5y,tyronethejabrone,ekfayfc,Vikingcel
ekfe35h,Vikingcel,ekfdm5y,tyronethejabrone
ekgyabv,tyronethejabrone,ekfe35h,Vikingcel
ekg1d7x,Whisper,ekfylda,bnnmmh
ekg4099,bnnmmh,ekg1d7x,Whisper
ekivp6b,Maith_fear,ekg1d7x,Whisper
eklvjdw,growingstronk,ekg1d7x,Whisper
ekiu1ox,dfgabc,ekg4099,bnnmmh
ekgw2ha,anti-hypergamist,ekfylda,bnnmmh
ekn9g2y,ArtDeve,ekfylda,bnnmmh
ekmsppw,RightHandWolf,ekm0g1b,Mangasbzo7
ekfeq9r,mental_models,ekfc9vb,Vikingcel
ekgwy1v,Vikingcel,ekfeq9r,mental_models
ekhbpev,mental_models,ekgwy1v,Vikingcel
ekhxpqq,Vikingcel,ekhbpev,mental_models
ekjci1g,EkMard,ekhxpqq,Vikingcel
ekjommd,Vikingcel,ekjci1g,EkMard
ekfdm5y,tyronethejabrone,ekfayfc,Vikingcel
ekfe35h,Vikingcel,ekfdm5y,tyronethejabrone
ekgyabv,tyronethejabrone,ekfe35h,Vikingcel
ekg4099,bnnmmh,ekg1d7x,Whisper
ekiu1ox,dfgabc,ekg4099,bnnmmh
ekivp6b,Maith_fear,ekg1d7x,Whisper
eklvjdw,growingstronk,ekg1d7x,Whisper
ekgwy1v,Vikingcel,ekfeq9r,mental_models
ekhbpev,mental_models,ekgwy1v,Vikingcel
ekhxpqq,Vikingcel,ekhbpev,mental_models
ekjci1g,EkMard,ekhxpqq,Vikingcel
ekjommd,Vikingcel,ekjci1g,EkMard
ekfe35h,Vikingcel,ekfdm5y,tyronethejabrone
ekgyabv,tyronethejabrone,ekfe35h,Vikingcel
ekiu1ox,dfgabc,ekg4099,bnnmmh
ekhbpev,mental_models,ekgwy1v,Vikingcel
ekhxpqq,Vikingcel,ekhbpev,mental_models
ekjci1g,EkMard,ekhxpqq,Vikingcel
ekjommd,Vikingcel,ekjci1g,EkMard
ekgyabv,tyronethejabrone,ekfe35h,Vikingcel
ekhxpqq,Vikingcel,ekhbpev,mental_models
ekjci1g,EkMard,ekhxpqq,Vikingcel
ekjommd,Vikingcel,ekjci1g,EkMard
ekjci1g,EkMard,ekhxpqq,Vikingcel
ekjommd,Vikingcel,ekjci1g,EkMard
ekjommd,Vikingcel,ekjci1g,EkMard
