ekordzg,MontanaLabrador,ekopg0h,championofobscurity
ekorhc1,championofobscurity,ekordzg,MontanaLabrador
ekr58b4,anonoman925,ekordzg,MontanaLabrador
ekory4m,MontanaLabrador,ekorhc1,championofobscurity
ekrjzjs,justtogetridoflater,ekory4m,MontanaLabrador
ekqsor4,ironcoldiron,ekopg0h,championofobscurity
ektp1pa,Slenderpman,ekopg0h,championofobscurity
ekoooyc,MontanaLabrador,ekoo4hk,TuskaTheDaemonKilla
ekoq4ke,TuskaTheDaemonKilla,ekoooyc,MontanaLabrador
ekorcrz,MontanaLabrador,ekoq4ke,TuskaTheDaemonKilla
ekq4xnu,CriticalCelebration,ekoq4ke,TuskaTheDaemonKilla
ekpq77g,UncleMeat11,ekorcrz,MontanaLabrador
ekpyel3,TuskaTheDaemonKilla,ekorcrz,MontanaLabrador
ekqy08w,TuskaTheDaemonKilla,ekq4xnu,CriticalCelebration
ekrd86n,CriticalCelebration,ekqy08w,TuskaTheDaemonKilla
ekptqrt,jbt2003,ekoo4hk,TuskaTheDaemonKilla
ekpyat1,TuskaTheDaemonKilla,ekptqrt,jbt2003
ekqktyf,jbt2003,ekpyat1,TuskaTheDaemonKilla
ekqx7om,TuskaTheDaemonKilla,ekqktyf,jbt2003
ekthz0r,jbt2003,ekqx7om,TuskaTheDaemonKilla
ekor2th,MontanaLabrador,ekopcmm,Slenderpman
ekoskwj,Slenderpman,ekor2th,MontanaLabrador
ekym2ml,cheertina,ekor2th,MontanaLabrador
ekotnwj,MontanaLabrador,ekoskwj,Slenderpman
ekov7sq,Slenderpman,ekotnwj,MontanaLabrador
ekox9sa,tablair,ekotnwj,MontanaLabrador
ekow6pz,MontanaLabrador,ekov7sq,Slenderpman
ekoxjwq,MontanaLabrador,ekox9sa,tablair
ekoy56f,Slenderpman,ekow6pz,MontanaLabrador
ekoyd64,tablair,ekoxjwq,MontanaLabrador
ekoyhg3,MontanaLabrador,ekoy56f,Slenderpman
ekp80nc,ZoeyBeschamel,ekoyd64,tablair
ekoyxpq,MontanaLabrador,ekoyd64,tablair
ekozhsj,Slenderpman,ekoyhg3,MontanaLabrador
ekp0a79,tablair,ekoyxpq,MontanaLabrador
ekp04yu,MontanaLabrador,ekozhsj,Slenderpman
ekp11n0,MontanaLabrador,ekp0a79,tablair
ektqsel,Slenderpman,ekp04yu,MontanaLabrador
ekp1khz,tablair,ekp11n0,MontanaLabrador
ekpmtss,MontanaLabrador,ekp1khz,tablair
ekq8v36,tablair,ekpmtss,MontanaLabrador
ekrm2hm,YoungSh0e,ekpawyu,FongDeng
ekqiub7,DBDude,ekpawyu,FongDeng
ekrbz9z,FongDeng,ekqiub7,DBDude
ekrln2l,YoungSh0e,ekpd7m9,PrayerAndAWhisper
ekrnc01,PrayerAndAWhisper,ekrln2l,YoungSh0e
ekrp6v9,YoungSh0e,ekrnc01,PrayerAndAWhisper
ekorjoc,MontanaLabrador,ekoqfmd,BeatriceBernardo
ekosdox,BeatriceBernardo,ekorjoc,MontanaLabrador
ekouabs,MontanaLabrador,ekosdox,BeatriceBernardo
ekoupaw,BeatriceBernardo,ekouabs,MontanaLabrador
ekouy5m,MontanaLabrador,ekoupaw,BeatriceBernardo
ekov3yv,BeatriceBernardo,ekouy5m,MontanaLabrador
ekova6o,MontanaLabrador,ekov3yv,BeatriceBernardo
ekovii2,BeatriceBernardo,ekova6o,MontanaLabrador
ekowrvo,MontanaLabrador,ekovii2,BeatriceBernardo
ekowsw9,BeatriceBernardo,ekowrvo,MontanaLabrador
ekowx0o,MontanaLabrador,ekowsw9,BeatriceBernardo
ekox3gr,BeatriceBernardo,ekowx0o,MontanaLabrador
ekoxc92,MontanaLabrador,ekox3gr,BeatriceBernardo
ekoxk5b,BeatriceBernardo,ekoxc92,MontanaLabrador
ekoya0g,MontanaLabrador,ekoxk5b,BeatriceBernardo
ekoym61,BeatriceBernardo,ekoya0g,MontanaLabrador
ekorhc1,championofobscurity,ekordzg,MontanaLabrador
ekory4m,MontanaLabrador,ekorhc1,championofobscurity
ekrjzjs,justtogetridoflater,ekory4m,MontanaLabrador
ekr58b4,anonoman925,ekordzg,MontanaLabrador
ekoq4ke,TuskaTheDaemonKilla,ekoooyc,MontanaLabrador
ekorcrz,MontanaLabrador,ekoq4ke,TuskaTheDaemonKilla
ekq4xnu,CriticalCelebration,ekoq4ke,TuskaTheDaemonKilla
ekpq77g,UncleMeat11,ekorcrz,MontanaLabrador
ekpyel3,TuskaTheDaemonKilla,ekorcrz,MontanaLabrador
ekqy08w,TuskaTheDaemonKilla,ekq4xnu,CriticalCelebration
ekrd86n,CriticalCelebration,ekqy08w,TuskaTheDaemonKilla
ekpyat1,TuskaTheDaemonKilla,ekptqrt,jbt2003
ekqktyf,jbt2003,ekpyat1,TuskaTheDaemonKilla
ekqx7om,TuskaTheDaemonKilla,ekqktyf,jbt2003
ekthz0r,jbt2003,ekqx7om,TuskaTheDaemonKilla
ekoskwj,Slenderpman,ekor2th,MontanaLabrador
ekotnwj,MontanaLabrador,ekoskwj,Slenderpman
ekov7sq,Slenderpman,ekotnwj,MontanaLabrador
ekox9sa,tablair,ekotnwj,MontanaLabrador
ekow6pz,MontanaLabrador,ekov7sq,Slenderpman
ekoxjwq,MontanaLabrador,ekox9sa,tablair
ekoy56f,Slenderpman,ekow6pz,MontanaLabrador
ekoyd64,tablair,ekoxjwq,MontanaLabrador
ekoyhg3,MontanaLabrador,ekoy56f,Slenderpman
ekp80nc,ZoeyBeschamel,ekoyd64,tablair
ekoyxpq,MontanaLabrador,ekoyd64,tablair
ekozhsj,Slenderpman,ekoyhg3,MontanaLabrador
ekp0a79,tablair,ekoyxpq,MontanaLabrador
ekp04yu,MontanaLabrador,ekozhsj,Slenderpman
ekp11n0,MontanaLabrador,ekp0a79,tablair
ektqsel,Slenderpman,ekp04yu,MontanaLabrador
ekp1khz,tablair,ekp11n0,MontanaLabrador
ekpmtss,MontanaLabrador,ekp1khz,tablair
ekq8v36,tablair,ekpmtss,MontanaLabrador
ekym2ml,cheertina,ekor2th,MontanaLabrador
ekrbz9z,FongDeng,ekqiub7,DBDude
ekrnc01,PrayerAndAWhisper,ekrln2l,YoungSh0e
ekrp6v9,YoungSh0e,ekrnc01,PrayerAndAWhisper
ekosdox,BeatriceBernardo,ekorjoc,MontanaLabrador
ekouabs,MontanaLabrador,ekosdox,BeatriceBernardo
ekoupaw,BeatriceBernardo,ekouabs,MontanaLabrador
ekouy5m,MontanaLabrador,ekoupaw,BeatriceBernardo
ekov3yv,BeatriceBernardo,ekouy5m,MontanaLabrador
ekova6o,MontanaLabrador,ekov3yv,BeatriceBernardo
ekovii2,BeatriceBernardo,ekova6o,MontanaLabrador
ekowrvo,MontanaLabrador,ekovii2,BeatriceBernardo
ekowsw9,BeatriceBernardo,ekowrvo,MontanaLabrador
ekowx0o,MontanaLabrador,ekowsw9,BeatriceBernardo
ekox3gr,BeatriceBernardo,ekowx0o,MontanaLabrador
ekoxc92,MontanaLabrador,ekox3gr,BeatriceBernardo
ekoxk5b,BeatriceBernardo,ekoxc92,MontanaLabrador
ekoya0g,MontanaLabrador,ekoxk5b,BeatriceBernardo
ekoym61,BeatriceBernardo,ekoya0g,MontanaLabrador
ekory4m,MontanaLabrador,ekorhc1,championofobscurity
ekrjzjs,justtogetridoflater,ekory4m,MontanaLabrador
ekorcrz,MontanaLabrador,ekoq4ke,TuskaTheDaemonKilla
ekpq77g,UncleMeat11,ekorcrz,MontanaLabrador
ekpyel3,TuskaTheDaemonKilla,ekorcrz,MontanaLabrador
ekq4xnu,CriticalCelebration,ekoq4ke,TuskaTheDaemonKilla
ekqy08w,TuskaTheDaemonKilla,ekq4xnu,CriticalCelebration
ekrd86n,CriticalCelebration,ekqy08w,TuskaTheDaemonKilla
ekqktyf,jbt2003,ekpyat1,TuskaTheDaemonKilla
ekqx7om,TuskaTheDaemonKilla,ekqktyf,jbt2003
ekthz0r,jbt2003,ekqx7om,TuskaTheDaemonKilla
ekotnwj,MontanaLabrador,ekoskwj,Slenderpman
ekov7sq,Slenderpman,ekotnwj,MontanaLabrador
ekox9sa,tablair,ekotnwj,MontanaLabrador
ekow6pz,MontanaLabrador,ekov7sq,Slenderpman
ekoxjwq,MontanaLabrador,ekox9sa,tablair
ekoy56f,Slenderpman,ekow6pz,MontanaLabrador
ekoyd64,tablair,ekoxjwq,MontanaLabrador
ekoyhg3,MontanaLabrador,ekoy56f,Slenderpman
ekp80nc,ZoeyBeschamel,ekoyd64,tablair
ekoyxpq,MontanaLabrador,ekoyd64,tablair
ekozhsj,Slenderpman,ekoyhg3,MontanaLabrador
ekp0a79,tablair,ekoyxpq,MontanaLabrador
ekp04yu,MontanaLabrador,ekozhsj,Slenderpman
ekp11n0,MontanaLabrador,ekp0a79,tablair
ektqsel,Slenderpman,ekp04yu,MontanaLabrador
ekp1khz,tablair,ekp11n0,MontanaLabrador
ekpmtss,MontanaLabrador,ekp1khz,tablair
ekq8v36,tablair,ekpmtss,MontanaLabrador
ekrp6v9,YoungSh0e,ekrnc01,PrayerAndAWhisper
ekouabs,MontanaLabrador,ekosdox,BeatriceBernardo
ekoupaw,BeatriceBernardo,ekouabs,MontanaLabrador
ekouy5m,MontanaLabrador,ekoupaw,BeatriceBernardo
ekov3yv,BeatriceBernardo,ekouy5m,MontanaLabrador
ekova6o,MontanaLabrador,ekov3yv,BeatriceBernardo
ekovii2,BeatriceBernardo,ekova6o,MontanaLabrador
ekowrvo,MontanaLabrador,ekovii2,BeatriceBernardo
ekowsw9,BeatriceBernardo,ekowrvo,MontanaLabrador
ekowx0o,MontanaLabrador,ekowsw9,BeatriceBernardo
ekox3gr,BeatriceBernardo,ekowx0o,MontanaLabrador
ekoxc92,MontanaLabrador,ekox3gr,BeatriceBernardo
ekoxk5b,BeatriceBernardo,ekoxc92,MontanaLabrador
ekoya0g,MontanaLabrador,ekoxk5b,BeatriceBernardo
ekoym61,BeatriceBernardo,ekoya0g,MontanaLabrador
ekrjzjs,justtogetridoflater,ekory4m,MontanaLabrador
ekpq77g,UncleMeat11,ekorcrz,MontanaLabrador
ekpyel3,TuskaTheDaemonKilla,ekorcrz,MontanaLabrador
ekqy08w,TuskaTheDaemonKilla,ekq4xnu,CriticalCelebration
ekrd86n,CriticalCelebration,ekqy08w,TuskaTheDaemonKilla
ekqx7om,TuskaTheDaemonKilla,ekqktyf,jbt2003
ekthz0r,jbt2003,ekqx7om,TuskaTheDaemonKilla
ekov7sq,Slenderpman,ekotnwj,MontanaLabrador
ekow6pz,MontanaLabrador,ekov7sq,Slenderpman
ekoy56f,Slenderpman,ekow6pz,MontanaLabrador
ekoyhg3,MontanaLabrador,ekoy56f,Slenderpman
ekozhsj,Slenderpman,ekoyhg3,MontanaLabrador
ekp04yu,MontanaLabrador,ekozhsj,Slenderpman
ektqsel,Slenderpman,ekp04yu,MontanaLabrador
ekox9sa,tablair,ekotnwj,MontanaLabrador
ekoxjwq,MontanaLabrador,ekox9sa,tablair
ekoyd64,tablair,ekoxjwq,MontanaLabrador
ekp80nc,ZoeyBeschamel,ekoyd64,tablair
ekoyxpq,MontanaLabrador,ekoyd64,tablair
ekp0a79,tablair,ekoyxpq,MontanaLabrador
ekp11n0,MontanaLabrador,ekp0a79,tablair
ekp1khz,tablair,ekp11n0,MontanaLabrador
ekpmtss,MontanaLabrador,ekp1khz,tablair
ekq8v36,tablair,ekpmtss,MontanaLabrador
ekoupaw,BeatriceBernardo,ekouabs,MontanaLabrador
ekouy5m,MontanaLabrador,ekoupaw,BeatriceBernardo
ekov3yv,BeatriceBernardo,ekouy5m,MontanaLabrador
ekova6o,MontanaLabrador,ekov3yv,BeatriceBernardo
ekovii2,BeatriceBernardo,ekova6o,MontanaLabrador
ekowrvo,MontanaLabrador,ekovii2,BeatriceBernardo
ekowsw9,BeatriceBernardo,ekowrvo,MontanaLabrador
ekowx0o,MontanaLabrador,ekowsw9,BeatriceBernardo
ekox3gr,BeatriceBernardo,ekowx0o,MontanaLabrador
ekoxc92,MontanaLabrador,ekox3gr,BeatriceBernardo
ekoxk5b,BeatriceBernardo,ekoxc92,MontanaLabrador
ekoya0g,MontanaLabrador,ekoxk5b,BeatriceBernardo
ekoym61,BeatriceBernardo,ekoya0g,MontanaLabrador
ekrd86n,CriticalCelebration,ekqy08w,TuskaTheDaemonKilla
ekthz0r,jbt2003,ekqx7om,TuskaTheDaemonKilla
ekow6pz,MontanaLabrador,ekov7sq,Slenderpman
ekoy56f,Slenderpman,ekow6pz,MontanaLabrador
ekoyhg3,MontanaLabrador,ekoy56f,Slenderpman
ekozhsj,Slenderpman,ekoyhg3,MontanaLabrador
ekp04yu,MontanaLabrador,ekozhsj,Slenderpman
ektqsel,Slenderpman,ekp04yu,MontanaLabrador
ekoxjwq,MontanaLabrador,ekox9sa,tablair
ekoyd64,tablair,ekoxjwq,MontanaLabrador
ekp80nc,ZoeyBeschamel,ekoyd64,tablair
ekoyxpq,MontanaLabrador,ekoyd64,tablair
ekp0a79,tablair,ekoyxpq,MontanaLabrador
ekp11n0,MontanaLabrador,ekp0a79,tablair
ekp1khz,tablair,ekp11n0,MontanaLabrador
ekpmtss,MontanaLabrador,ekp1khz,tablair
ekq8v36,tablair,ekpmtss,MontanaLabrador
ekouy5m,MontanaLabrador,ekoupaw,BeatriceBernardo
ekov3yv,BeatriceBernardo,ekouy5m,MontanaLabrador
ekova6o,MontanaLabrador,ekov3yv,BeatriceBernardo
ekovii2,BeatriceBernardo,ekova6o,MontanaLabrador
ekowrvo,MontanaLabrador,ekovii2,BeatriceBernardo
ekowsw9,BeatriceBernardo,ekowrvo,MontanaLabrador
ekowx0o,MontanaLabrador,ekowsw9,BeatriceBernardo
ekox3gr,BeatriceBernardo,ekowx0o,MontanaLabrador
ekoxc92,MontanaLabrador,ekox3gr,BeatriceBernardo
ekoxk5b,BeatriceBernardo,ekoxc92,MontanaLabrador
ekoya0g,MontanaLabrador,ekoxk5b,BeatriceBernardo
ekoym61,BeatriceBernardo,ekoya0g,MontanaLabrador
ekoy56f,Slenderpman,ekow6pz,MontanaLabrador
ekoyhg3,MontanaLabrador,ekoy56f,Slenderpman
ekozhsj,Slenderpman,ekoyhg3,MontanaLabrador
ekp04yu,MontanaLabrador,ekozhsj,Slenderpman
ektqsel,Slenderpman,ekp04yu,MontanaLabrador
ekoyd64,tablair,ekoxjwq,MontanaLabrador
ekp80nc,ZoeyBeschamel,ekoyd64,tablair
ekoyxpq,MontanaLabrador,ekoyd64,tablair
ekp0a79,tablair,ekoyxpq,MontanaLabrador
ekp11n0,MontanaLabrador,ekp0a79,tablair
ekp1khz,tablair,ekp11n0,MontanaLabrador
ekpmtss,MontanaLabrador,ekp1khz,tablair
ekq8v36,tablair,ekpmtss,MontanaLabrador
ekov3yv,BeatriceBernardo,ekouy5m,MontanaLabrador
ekova6o,MontanaLabrador,ekov3yv,BeatriceBernardo
ekovii2,BeatriceBernardo,ekova6o,MontanaLabrador
ekowrvo,MontanaLabrador,ekovii2,BeatriceBernardo
ekowsw9,BeatriceBernardo,ekowrvo,MontanaLabrador
ekowx0o,MontanaLabrador,ekowsw9,BeatriceBernardo
ekox3gr,BeatriceBernardo,ekowx0o,MontanaLabrador
ekoxc92,MontanaLabrador,ekox3gr,BeatriceBernardo
ekoxk5b,BeatriceBernardo,ekoxc92,MontanaLabrador
ekoya0g,MontanaLabrador,ekoxk5b,BeatriceBernardo
ekoym61,BeatriceBernardo,ekoya0g,MontanaLabrador
ekoyhg3,MontanaLabrador,ekoy56f,Slenderpman
ekozhsj,Slenderpman,ekoyhg3,MontanaLabrador
ekp04yu,MontanaLabrador,ekozhsj,Slenderpman
ektqsel,Slenderpman,ekp04yu,MontanaLabrador
ekp80nc,ZoeyBeschamel,ekoyd64,tablair
ekoyxpq,MontanaLabrador,ekoyd64,tablair
ekp0a79,tablair,ekoyxpq,MontanaLabrador
ekp11n0,MontanaLabrador,ekp0a79,tablair
ekp1khz,tablair,ekp11n0,MontanaLabrador
ekpmtss,MontanaLabrador,ekp1khz,tablair
ekq8v36,tablair,ekpmtss,MontanaLabrador
ekova6o,MontanaLabrador,ekov3yv,BeatriceBernardo
ekovii2,BeatriceBernardo,ekova6o,MontanaLabrador
ekowrvo,MontanaLabrador,ekovii2,BeatriceBernardo
ekowsw9,BeatriceBernardo,ekowrvo,MontanaLabrador
ekowx0o,MontanaLabrador,ekowsw9,BeatriceBernardo
ekox3gr,BeatriceBernardo,ekowx0o,MontanaLabrador
ekoxc92,MontanaLabrador,ekox3gr,BeatriceBernardo
ekoxk5b,BeatriceBernardo,ekoxc92,MontanaLabrador
ekoya0g,MontanaLabrador,ekoxk5b,BeatriceBernardo
ekoym61,BeatriceBernardo,ekoya0g,MontanaLabrador
ekozhsj,Slenderpman,ekoyhg3,MontanaLabrador
ekp04yu,MontanaLabrador,ekozhsj,Slenderpman
ektqsel,Slenderpman,ekp04yu,MontanaLabrador
ekp0a79,tablair,ekoyxpq,MontanaLabrador
ekp11n0,MontanaLabrador,ekp0a79,tablair
ekp1khz,tablair,ekp11n0,MontanaLabrador
ekpmtss,MontanaLabrador,ekp1khz,tablair
ekq8v36,tablair,ekpmtss,MontanaLabrador
ekovii2,BeatriceBernardo,ekova6o,MontanaLabrador
ekowrvo,MontanaLabrador,ekovii2,BeatriceBernardo
ekowsw9,BeatriceBernardo,ekowrvo,MontanaLabrador
ekowx0o,MontanaLabrador,ekowsw9,BeatriceBernardo
ekox3gr,BeatriceBernardo,ekowx0o,MontanaLabrador
ekoxc92,MontanaLabrador,ekox3gr,BeatriceBernardo
ekoxk5b,BeatriceBernardo,ekoxc92,MontanaLabrador
ekoya0g,MontanaLabrador,ekoxk5b,BeatriceBernardo
ekoym61,BeatriceBernardo,ekoya0g,MontanaLabrador
ekp04yu,MontanaLabrador,ekozhsj,Slenderpman
ektqsel,Slenderpman,ekp04yu,MontanaLabrador
ekp11n0,MontanaLabrador,ekp0a79,tablair
ekp1khz,tablair,ekp11n0,MontanaLabrador
ekpmtss,MontanaLabrador,ekp1khz,tablair
ekq8v36,tablair,ekpmtss,MontanaLabrador
ekowrvo,MontanaLabrador,ekovii2,BeatriceBernardo
ekowsw9,BeatriceBernardo,ekowrvo,MontanaLabrador
ekowx0o,MontanaLabrador,ekowsw9,BeatriceBernardo
ekox3gr,BeatriceBernardo,ekowx0o,MontanaLabrador
ekoxc92,MontanaLabrador,ekox3gr,BeatriceBernardo
ekoxk5b,BeatriceBernardo,ekoxc92,MontanaLabrador
ekoya0g,MontanaLabrador,ekoxk5b,BeatriceBernardo
ekoym61,BeatriceBernardo,ekoya0g,MontanaLabrador
ektqsel,Slenderpman,ekp04yu,MontanaLabrador
ekp1khz,tablair,ekp11n0,MontanaLabrador
ekpmtss,MontanaLabrador,ekp1khz,tablair
ekq8v36,tablair,ekpmtss,MontanaLabrador
ekowsw9,BeatriceBernardo,ekowrvo,MontanaLabrador
ekowx0o,MontanaLabrador,ekowsw9,BeatriceBernardo
ekox3gr,BeatriceBernardo,ekowx0o,MontanaLabrador
ekoxc92,MontanaLabrador,ekox3gr,BeatriceBernardo
ekoxk5b,BeatriceBernardo,ekoxc92,MontanaLabrador
ekoya0g,MontanaLabrador,ekoxk5b,BeatriceBernardo
ekoym61,BeatriceBernardo,ekoya0g,MontanaLabrador
ekpmtss,MontanaLabrador,ekp1khz,tablair
ekq8v36,tablair,ekpmtss,MontanaLabrador
ekowx0o,MontanaLabrador,ekowsw9,BeatriceBernardo
ekox3gr,BeatriceBernardo,ekowx0o,MontanaLabrador
ekoxc92,MontanaLabrador,ekox3gr,BeatriceBernardo
ekoxk5b,BeatriceBernardo,ekoxc92,MontanaLabrador
ekoya0g,MontanaLabrador,ekoxk5b,BeatriceBernardo
ekoym61,BeatriceBernardo,ekoya0g,MontanaLabrador
ekq8v36,tablair,ekpmtss,MontanaLabrador
ekox3gr,BeatriceBernardo,ekowx0o,MontanaLabrador
ekoxc92,MontanaLabrador,ekox3gr,BeatriceBernardo
ekoxk5b,BeatriceBernardo,ekoxc92,MontanaLabrador
ekoya0g,MontanaLabrador,ekoxk5b,BeatriceBernardo
ekoym61,BeatriceBernardo,ekoya0g,MontanaLabrador
ekoxc92,MontanaLabrador,ekox3gr,BeatriceBernardo
ekoxk5b,BeatriceBernardo,ekoxc92,MontanaLabrador
ekoya0g,MontanaLabrador,ekoxk5b,BeatriceBernardo
ekoym61,BeatriceBernardo,ekoya0g,MontanaLabrador
ekoxk5b,BeatriceBernardo,ekoxc92,MontanaLabrador
ekoya0g,MontanaLabrador,ekoxk5b,BeatriceBernardo
ekoym61,BeatriceBernardo,ekoya0g,MontanaLabrador
ekoya0g,MontanaLabrador,ekoxk5b,BeatriceBernardo
ekoym61,BeatriceBernardo,ekoya0g,MontanaLabrador
ekoym61,BeatriceBernardo,ekoya0g,MontanaLabrador
