ekobnrg,truthwink,bc730b,Fluid_Vehicle
ekocip5,Fluid_Vehicle,ekobnrg,truthwink
ekof090,truthwink,ekocip5,Fluid_Vehicle
ekp0hjf,HerbertWigglesworth,ekof090,truthwink
ekp0q66,truthwink,ekp0hjf,HerbertWigglesworth
ekp0xe5,HerbertWigglesworth,ekp0q66,truthwink
ekp1mup,truthwink,ekp0xe5,HerbertWigglesworth
ekp30g5,HerbertWigglesworth,ekp1mup,truthwink
ekob2nu,fox-mcleod,bc730b,Fluid_Vehicle
ekochv1,Fluid_Vehicle,ekob2nu,fox-mcleod
ekobxxu,FuttBucker27,bc730b,Fluid_Vehicle
ekoclbp,Fluid_Vehicle,ekobxxu,FuttBucker27
ekomlbz,stink3rbelle,bc730b,Fluid_Vehicle
ekobfmd,GnosticGnome,bc730b,Fluid_Vehicle
ekogwww,waistlinepants,ekobfmd,GnosticGnome
ekohkiy,GnosticGnome,ekogwww,waistlinepants
ekojtda,Fresher2070,ekogwww,waistlinepants
ekoike3,liberal_texan,ekohkiy,GnosticGnome
ekp29v8,waistlinepants,ekojtda,Fresher2070
ekok32k,GnosticGnome,ekoike3,liberal_texan
ekonrm2,Sililex,ekok32k,GnosticGnome
ekofa54,rainsford21,bc730b,Fluid_Vehicle
ekoiu84,fireshadowlemon,bc730b,Fluid_Vehicle
ekojqxv,sflage2k19,bc730b,Fluid_Vehicle
ekoh84p,denimcondoms,bc730b,Fluid_Vehicle
ekoh9ke,Fluid_Vehicle,ekoh84p,denimcondoms
ekohcb4,denimcondoms,ekoh9ke,Fluid_Vehicle
ekok3pv,Fresher2070,bc730b,Fluid_Vehicle
ekolc12,doctorralph,bc730b,Fluid_Vehicle
ekom7h4,jt4,bc730b,Fluid_Vehicle
ekoamzu,UNRThrowAway,bc730b,Fluid_Vehicle
ekobag0,imnothotbutimnotcool,ekoamzu,UNRThrowAway
ekobj5l,UNRThrowAway,ekobag0,imnothotbutimnotcool
ekobuc5,SwivelSeats,ekobag0,imnothotbutimnotcool
ekodszx,imnothotbutimnotcool,ekobj5l,UNRThrowAway
ekodpxm,imnothotbutimnotcool,ekobuc5,SwivelSeats
ekofq3j,finzipasca,ekodpxm,imnothotbutimnotcool
ekogfdd,imnothotbutimnotcool,ekofq3j,finzipasca
ekogmia,finzipasca,ekogfdd,imnothotbutimnotcool
ekojnjc,,ekogmia,finzipasca
ekom15k,garnteller,ekojnjc,
ekoj9qy,PreacherJudge,bc730b,Fluid_Vehicle
ekocip5,Fluid_Vehicle,ekobnrg,truthwink
ekof090,truthwink,ekocip5,Fluid_Vehicle
ekp0hjf,HerbertWigglesworth,ekof090,truthwink
ekp0q66,truthwink,ekp0hjf,HerbertWigglesworth
ekp0xe5,HerbertWigglesworth,ekp0q66,truthwink
ekp1mup,truthwink,ekp0xe5,HerbertWigglesworth
ekp30g5,HerbertWigglesworth,ekp1mup,truthwink
ekochv1,Fluid_Vehicle,ekob2nu,fox-mcleod
ekoclbp,Fluid_Vehicle,ekobxxu,FuttBucker27
ekogwww,waistlinepants,ekobfmd,GnosticGnome
ekohkiy,GnosticGnome,ekogwww,waistlinepants
ekojtda,Fresher2070,ekogwww,waistlinepants
ekoike3,liberal_texan,ekohkiy,GnosticGnome
ekp29v8,waistlinepants,ekojtda,Fresher2070
ekok32k,GnosticGnome,ekoike3,liberal_texan
ekonrm2,Sililex,ekok32k,GnosticGnome
ekoh9ke,Fluid_Vehicle,ekoh84p,denimcondoms
ekohcb4,denimcondoms,ekoh9ke,Fluid_Vehicle
ekobag0,imnothotbutimnotcool,ekoamzu,UNRThrowAway
ekobj5l,UNRThrowAway,ekobag0,imnothotbutimnotcool
ekobuc5,SwivelSeats,ekobag0,imnothotbutimnotcool
ekodszx,imnothotbutimnotcool,ekobj5l,UNRThrowAway
ekodpxm,imnothotbutimnotcool,ekobuc5,SwivelSeats
ekofq3j,finzipasca,ekodpxm,imnothotbutimnotcool
ekogfdd,imnothotbutimnotcool,ekofq3j,finzipasca
ekogmia,finzipasca,ekogfdd,imnothotbutimnotcool
ekojnjc,,ekogmia,finzipasca
ekom15k,garnteller,ekojnjc,
ekof090,truthwink,ekocip5,Fluid_Vehicle
ekp0hjf,HerbertWigglesworth,ekof090,truthwink
ekp0q66,truthwink,ekp0hjf,HerbertWigglesworth
ekp0xe5,HerbertWigglesworth,ekp0q66,truthwink
ekp1mup,truthwink,ekp0xe5,HerbertWigglesworth
ekp30g5,HerbertWigglesworth,ekp1mup,truthwink
ekohkiy,GnosticGnome,ekogwww,waistlinepants
ekoike3,liberal_texan,ekohkiy,GnosticGnome
ekok32k,GnosticGnome,ekoike3,liberal_texan
ekonrm2,Sililex,ekok32k,GnosticGnome
ekojtda,Fresher2070,ekogwww,waistlinepants
ekp29v8,waistlinepants,ekojtda,Fresher2070
ekohcb4,denimcondoms,ekoh9ke,Fluid_Vehicle
ekobj5l,UNRThrowAway,ekobag0,imnothotbutimnotcool
ekodszx,imnothotbutimnotcool,ekobj5l,UNRThrowAway
ekobuc5,SwivelSeats,ekobag0,imnothotbutimnotcool
ekodpxm,imnothotbutimnotcool,ekobuc5,SwivelSeats
ekofq3j,finzipasca,ekodpxm,imnothotbutimnotcool
ekogfdd,imnothotbutimnotcool,ekofq3j,finzipasca
ekogmia,finzipasca,ekogfdd,imnothotbutimnotcool
ekojnjc,,ekogmia,finzipasca
ekom15k,garnteller,ekojnjc,
ekp0hjf,HerbertWigglesworth,ekof090,truthwink
ekp0q66,truthwink,ekp0hjf,HerbertWigglesworth
ekp0xe5,HerbertWigglesworth,ekp0q66,truthwink
ekp1mup,truthwink,ekp0xe5,HerbertWigglesworth
ekp30g5,HerbertWigglesworth,ekp1mup,truthwink
ekoike3,liberal_texan,ekohkiy,GnosticGnome
ekok32k,GnosticGnome,ekoike3,liberal_texan
ekonrm2,Sililex,ekok32k,GnosticGnome
ekp29v8,waistlinepants,ekojtda,Fresher2070
ekodszx,imnothotbutimnotcool,ekobj5l,UNRThrowAway
ekodpxm,imnothotbutimnotcool,ekobuc5,SwivelSeats
ekofq3j,finzipasca,ekodpxm,imnothotbutimnotcool
ekogfdd,imnothotbutimnotcool,ekofq3j,finzipasca
ekogmia,finzipasca,ekogfdd,imnothotbutimnotcool
ekojnjc,,ekogmia,finzipasca
ekom15k,garnteller,ekojnjc,
ekp0q66,truthwink,ekp0hjf,HerbertWigglesworth
ekp0xe5,HerbertWigglesworth,ekp0q66,truthwink
ekp1mup,truthwink,ekp0xe5,HerbertWigglesworth
ekp30g5,HerbertWigglesworth,ekp1mup,truthwink
ekok32k,GnosticGnome,ekoike3,liberal_texan
ekonrm2,Sililex,ekok32k,GnosticGnome
ekofq3j,finzipasca,ekodpxm,imnothotbutimnotcool
ekogfdd,imnothotbutimnotcool,ekofq3j,finzipasca
ekogmia,finzipasca,ekogfdd,imnothotbutimnotcool
ekojnjc,,ekogmia,finzipasca
ekom15k,garnteller,ekojnjc,
ekp0xe5,HerbertWigglesworth,ekp0q66,truthwink
ekp1mup,truthwink,ekp0xe5,HerbertWigglesworth
ekp30g5,HerbertWigglesworth,ekp1mup,truthwink
ekonrm2,Sililex,ekok32k,GnosticGnome
ekogfdd,imnothotbutimnotcool,ekofq3j,finzipasca
ekogmia,finzipasca,ekogfdd,imnothotbutimnotcool
ekojnjc,,ekogmia,finzipasca
ekom15k,garnteller,ekojnjc,
ekp1mup,truthwink,ekp0xe5,HerbertWigglesworth
ekp30g5,HerbertWigglesworth,ekp1mup,truthwink
ekogmia,finzipasca,ekogfdd,imnothotbutimnotcool
ekojnjc,,ekogmia,finzipasca
ekom15k,garnteller,ekojnjc,
ekp30g5,HerbertWigglesworth,ekp1mup,truthwink
ekojnjc,,ekogmia,finzipasca
ekom15k,garnteller,ekojnjc,
ekom15k,garnteller,ekojnjc,
