ekozdco,trashman212,bc98o5,njoker555
ekpdnx1,SchnoodleDoodleDo,ekozdco,trashman212
ekpaab3,TalosGuide,ekozdco,trashman212
ekpbjp3,Akathikor,ekozdco,trashman212
ekpf0ar,other_usernames_gone,ekozdco,trashman212
ekpkdda,heckin_chill_4_a_sec,ekpdnx1,SchnoodleDoodleDo
ekpq185,Krinks1,ekpf0ar,other_usernames_gone
ekov1lh,beerandacurry,bc98o5,njoker555
ekovb37,njoker555,ekov1lh,beerandacurry
ekpa275,moomoosa,ekov1lh,beerandacurry
ekpeh12,SchnoodleDoodleDo,ekov1lh,beerandacurry
ekp4tgi,Genesis111112,ekov1lh,beerandacurry
ekp5hh5,Fenzke,ekovb37,njoker555
ekphxdf,S_words_for_100,ekpa275,moomoosa
ekowrvu,Taricool777,bc98o5,njoker555
ekp4ul7,-SoulFlower-,ekowrvu,Taricool777
ekpacbo,EmbarrassedLock,ekp4ul7,-SoulFlower-
ekoys94,Kytescall,bc98o5,njoker555
ekp8gau,NotMrMike,ekoys94,Kytescall
ekp4bs6,Olsky,ekoys94,Kytescall
ekpc3yl,birdsareturds,ekoys94,Kytescall
ekplzrp,HelmutHoffman,ekp8gau,NotMrMike
ekp6amt,GiveMeCheesecake,ekp4bs6,Olsky
ekpczx7,hal_potter_seven,ekpc3yl,birdsareturds
ekpbdly,linusadler,ekp6amt,GiveMeCheesecake
ekov0ef,memes_like_tendiesyt,bc98o5,njoker555
ekoye4x,chiemi02,bc98o5,njoker555
ekp7xpa,NotMrMike,ekoye4x,chiemi02
ekp9olf,R_i_o_m_a_a,ekoye4x,chiemi02
ekpdb3d,ladyangua,ekoye4x,chiemi02
ekpk8vh,Nixie9,ekpdb3d,ladyangua
ekpnfwr,ladyangua,ekpk8vh,Nixie9
ekp6bc9,Lostpurplepen,bc98o5,njoker555
ekoxw6n,Adamant_Narwhal,bc98o5,njoker555
ekp7mi5,jlt6666,ekoxw6n,Adamant_Narwhal
ekp1qsu,jaxolotle,ekoxw6n,Adamant_Narwhal
ekpcxxn,oopsiefoop,bc98o5,njoker555
ekpapa9,heyzeto,bc98o5,njoker555
ekpetyx,exhaustedpiglet,bc98o5,njoker555
ekpa986,darknightdaughter,bc98o5,njoker555
ekp0gkr,theoldmaid,bc98o5,njoker555
ekp27ws,DaDirewolf,bc98o5,njoker555
ekp4vap,astrL_,bc98o5,njoker555
ekp6yaj,CharlieQuest,bc98o5,njoker555
ekp74ik,etherealesoterica,bc98o5,njoker555
ekpb1kt,TNS72,bc98o5,njoker555
ekpbeqx,AnnaBortion26,bc98o5,njoker555
ekpbfgk,xplicit_mike,bc98o5,njoker555
ekpbpyz,Lavish_Parakeet,bc98o5,njoker555
ekpgcw3,NastyPeachofGermany,bc98o5,njoker555
ekpgfnt,evoc2911,bc98o5,njoker555
ekpjdq1,chicken_router,bc98o5,njoker555
ekpjzdd,Fraisinette74,bc98o5,njoker555
ekpkfna,Konvic21,bc98o5,njoker555
ekpkiko,ConkBepis,bc98o5,njoker555
ekpkzok,FATHER_OF_GIRTH,bc98o5,njoker555
ekplbll,entiretysa,bc98o5,njoker555
ekpml6z,zaggiethecat,bc98o5,njoker555
ekpmu75,TheLocalSlav,bc98o5,njoker555
ekpo0ss,k_spencer,bc98o5,njoker555
ekpo24h,Ody_Mandrell,bc98o5,njoker555
ekpqq9p,motherOfDovahs,bc98o5,njoker555
ekpr159,an0maly33,bc98o5,njoker555
ekp7m9e,the_okay,bc98o5,njoker555
ekpa9a9,EmbarrassedLock,bc98o5,njoker555
ekpdnx1,SchnoodleDoodleDo,ekozdco,trashman212
ekpkdda,heckin_chill_4_a_sec,ekpdnx1,SchnoodleDoodleDo
ekpaab3,TalosGuide,ekozdco,trashman212
ekpbjp3,Akathikor,ekozdco,trashman212
ekpf0ar,other_usernames_gone,ekozdco,trashman212
ekpq185,Krinks1,ekpf0ar,other_usernames_gone
ekovb37,njoker555,ekov1lh,beerandacurry
ekp5hh5,Fenzke,ekovb37,njoker555
ekpa275,moomoosa,ekov1lh,beerandacurry
ekphxdf,S_words_for_100,ekpa275,moomoosa
ekpeh12,SchnoodleDoodleDo,ekov1lh,beerandacurry
ekp4tgi,Genesis111112,ekov1lh,beerandacurry
ekp4ul7,-SoulFlower-,ekowrvu,Taricool777
ekpacbo,EmbarrassedLock,ekp4ul7,-SoulFlower-
ekp8gau,NotMrMike,ekoys94,Kytescall
ekplzrp,HelmutHoffman,ekp8gau,NotMrMike
ekp4bs6,Olsky,ekoys94,Kytescall
ekp6amt,GiveMeCheesecake,ekp4bs6,Olsky
ekpbdly,linusadler,ekp6amt,GiveMeCheesecake
ekpc3yl,birdsareturds,ekoys94,Kytescall
ekpczx7,hal_potter_seven,ekpc3yl,birdsareturds
ekp7xpa,NotMrMike,ekoye4x,chiemi02
ekp9olf,R_i_o_m_a_a,ekoye4x,chiemi02
ekpdb3d,ladyangua,ekoye4x,chiemi02
ekpk8vh,Nixie9,ekpdb3d,ladyangua
ekpnfwr,ladyangua,ekpk8vh,Nixie9
ekp7mi5,jlt6666,ekoxw6n,Adamant_Narwhal
ekp1qsu,jaxolotle,ekoxw6n,Adamant_Narwhal
ekpkdda,heckin_chill_4_a_sec,ekpdnx1,SchnoodleDoodleDo
ekpq185,Krinks1,ekpf0ar,other_usernames_gone
ekp5hh5,Fenzke,ekovb37,njoker555
ekphxdf,S_words_for_100,ekpa275,moomoosa
ekpacbo,EmbarrassedLock,ekp4ul7,-SoulFlower-
ekplzrp,HelmutHoffman,ekp8gau,NotMrMike
ekp6amt,GiveMeCheesecake,ekp4bs6,Olsky
ekpbdly,linusadler,ekp6amt,GiveMeCheesecake
ekpczx7,hal_potter_seven,ekpc3yl,birdsareturds
ekpk8vh,Nixie9,ekpdb3d,ladyangua
ekpnfwr,ladyangua,ekpk8vh,Nixie9
ekpbdly,linusadler,ekp6amt,GiveMeCheesecake
ekpnfwr,ladyangua,ekpk8vh,Nixie9
ekorrjk,mythoffire,bc96eb,PabloJensen
ekoufjc,Controlae,ekorrjk,mythoffire
ekp91ta,SchnoodleDoodleDo,ekorrjk,mythoffire
ekp1ymp,TheNamesEpic,ekorrjk,mythoffire
ekpd22c,alexadownload,ekorrjk,mythoffire
ekp793y,Nubsan,ekorrjk,mythoffire
ekp9aff,nessager,ekoufjc,Controlae
ekpl1k7,maredog4,ekoufjc,Controlae
ekpar19,hashtagsugary,ekoufjc,Controlae
ekpgf20,janlangdon362,ekoufjc,Controlae
ekqjnx5,gh0stfac3killah007,ekoufjc,Controlae
ekpvl3d,blithetorrent,ekpd22c,alexadownload
ekpaej4,saturdaybloom,ekp9aff,nessager
ekq427r,SeOliVahinko,ekp9aff,nessager
ekpaef1,Djslender6,ekp9aff,nessager
ekpnso7,zzzizou,ekp9aff,nessager
ekr99ej,claycam5,ekpvl3d,blithetorrent
ekpfr41,GenitalWizard,ekpaef1,Djslender6
ekpnos1,kobothedog,ekpaef1,Djslender6
ekov0wo,IndyIndy23,bc96eb,PabloJensen
ekp0lv3,caustic_kiwi,ekov0wo,IndyIndy23
ekp0tpa,cocaineluna,ekp0lv3,caustic_kiwi
ekpmbaj,IndyIndy23,ekp0lv3,caustic_kiwi
ekqx3ft,,ekp0lv3,caustic_kiwi
ekp0ven,caustic_kiwi,ekp0tpa,cocaineluna
ekovvpu,Excellerates,bc96eb,PabloJensen
ekot0i9,we_made,bc96eb,PabloJensen
ekoy9ru,burntbro420,bc96eb,PabloJensen
ekozpim,PabloJensen,ekoy9ru,burntbro420
ekpo4ke,stirling_s,ekozpim,PabloJensen
ekpbh4o,sjoy512,ekozpim,PabloJensen
ekpqhbd,PabloJensen,ekpo4ke,stirling_s
ekpwk9z,D1a1s1,ekpqhbd,PabloJensen
ekpwm8j,PabloJensen,ekpwk9z,D1a1s1
ekouoih,wealllickbootyholes,bc96eb,PabloJensen
ekoy2bp,whitlessness,ekouoih,wealllickbootyholes
ekoy4j8,wealllickbootyholes,ekoy2bp,whitlessness
ekoyy4s,whitlessness,ekoy4j8,wealllickbootyholes
ekp7d6g,wealllickbootyholes,ekoyy4s,whitlessness
ekora12,deepteabiscuit,bc96eb,PabloJensen
ekounsc,Technikal85,bc96eb,PabloJensen
ekqk5ry,alex3omg,ekounsc,Technikal85
ekp6szk,Peppa_boar,bc96eb,PabloJensen
ekovbbs,FlamingDragonQueen,bc96eb,PabloJensen
ekox8u5,ImperatorPeach,bc96eb,PabloJensen
ekp2f17,MikuLaufeyson,bc96eb,PabloJensen
ekp75p6,sweetkatiecakes,bc96eb,PabloJensen
ekpg1o6,MereSecondsToLive,ekp75p6,sweetkatiecakes
ekpe95o,bipolar-noirefemme,ekp75p6,sweetkatiecakes
ekpg53w,sweetkatiecakes,ekpg1o6,MereSecondsToLive
ekoz566,nikilpatel94,bc96eb,PabloJensen
ekp4yb1,rubyrose44,bc96eb,PabloJensen
ekp73lj,EH0_0,ekp4yb1,rubyrose44
ekp8rmq,dukemagnus,bc96eb,PabloJensen
ekpq598,PabloJensen,ekp8rmq,dukemagnus
ekp8t5p,I_am_not_kim_jung_un,bc96eb,PabloJensen
ekpbtql,MuEnad,bc96eb,PabloJensen
ekpftdt,oz_moses,bc96eb,PabloJensen
ekpocgh,stirling_s,bc96eb,PabloJensen
ekq19y0,ProTrashKid,bc96eb,PabloJensen
ekq1jv8,MagsToTheRescue,bc96eb,PabloJensen
ekou7aj,Simusrimuss,bc96eb,PabloJensen
ekoz0tf,albertz8,bc96eb,PabloJensen
ekozq11,PabloJensen,ekoz0tf,albertz8
ekpo5i0,stirling_s,ekozq11,PabloJensen
ekp1lqh,albertz8,ekozq11,PabloJensen
ekp3det,Sjloebel,bc96eb,PabloJensen
ekp40u6,exhaustedpiglet,bc96eb,PabloJensen
ekp5vlk,CharlotteNotPie,bc96eb,PabloJensen
ekp7dv3,Onyxeagle171,bc96eb,PabloJensen
ekp7lx0,DomDomW,bc96eb,PabloJensen
ekp8ptp,train_OfThought,bc96eb,PabloJensen
ekp8rff,nelsonvann1993,bc96eb,PabloJensen
ekp91hz,Retro109,bc96eb,PabloJensen
ekp9ax8,23456lol,bc96eb,PabloJensen
ekp9rsy,Zillaplus2,bc96eb,PabloJensen
ekpa025,Hazys,bc96eb,PabloJensen
ekpalfv,Emergency_Sand,bc96eb,PabloJensen
ekpamsw,Juntti-Einari,bc96eb,PabloJensen
ekpau1t,ParanormalPurple,bc96eb,PabloJensen
ekpb8oj,neddity,bc96eb,PabloJensen
ekpccvs,noelsmidgeon,bc96eb,PabloJensen
ekpcv0d,CathyKeas,bc96eb,PabloJensen
ekpey6w,KingChess83,bc96eb,PabloJensen
ekpezq1,plorre,bc96eb,PabloJensen
ekpf8g6,why_did_i_get_reddit,bc96eb,PabloJensen
ekpg105,MereSecondsToLive,bc96eb,PabloJensen
ekpgwme,legotechnic420,bc96eb,PabloJensen
ekphogs,Rehtori,bc96eb,PabloJensen
ekpq90c,PabloJensen,ekphogs,Rehtori
ekpi373,noa01101000,bc96eb,PabloJensen
ekpi927,,bc96eb,PabloJensen
ekpixzj,DulcidioCoelho,bc96eb,PabloJensen
ekpizl8,ActuallyInstaNormie,bc96eb,PabloJensen
ekpkrqk,MasterTvon,bc96eb,PabloJensen
ekplei3,RRonanz,bc96eb,PabloJensen
ekpm7hw,tharussianphil,bc96eb,PabloJensen
ekpmorn,johnDAGOAT721,bc96eb,PabloJensen
ekpms2n,VictorVaughnGogh,bc96eb,PabloJensen
ekpncaa,nathanaelmaalm,bc96eb,PabloJensen
ekpnlik,kobothedog,bc96eb,PabloJensen
ekpnpu0,Joelexion,bc96eb,PabloJensen
ekpokga,TheOneAndOnlySten,bc96eb,PabloJensen
ekpq406,EYEOFTHEBEHOLDER12,bc96eb,PabloJensen
ekprdw8,skootingdog56,bc96eb,PabloJensen
ekprndi,browsercurious,bc96eb,PabloJensen
ekprsz3,browsercurious,bc96eb,PabloJensen
ekptqf6,okcboomer87,bc96eb,PabloJensen
ekpue0s,Gilmenator,bc96eb,PabloJensen
ekpujfn,RawCarver,bc96eb,PabloJensen
ekq3mlp,WingsuitGuy,bc96eb,PabloJensen
ekq7yyh,MoltenCorgi,bc96eb,PabloJensen
ekqbiwh,mudblood89,bc96eb,PabloJensen
ekqbtby,DuhitzLena,bc96eb,PabloJensen
ekqdnps,benv138,bc96eb,PabloJensen
ekqgou0,oDiscordia19,bc96eb,PabloJensen
ekqlb76,anonmymouse,bc96eb,PabloJensen
ekqmzgs,Random-Rambling,bc96eb,PabloJensen
ekr36e2,-StarlightGlimmer-,bc96eb,PabloJensen
ekr6xwu,rrrozema,bc96eb,PabloJensen
ekr8baj,claycam5,bc96eb,PabloJensen
ekrogbi,Clover1975,bc96eb,PabloJensen
ekoru3q,DownvoteMeaniePants,bc96eb,PabloJensen
ekotm4u,ObIivious,ekoru3q,DownvoteMeaniePants
ekousow,,ekoru3q,DownvoteMeaniePants
ekouw0m,,ekotm4u,ObIivious
ekozvre,WowWhatABeaut,ekousow,
ekoufjc,Controlae,ekorrjk,mythoffire
ekp9aff,nessager,ekoufjc,Controlae
ekpl1k7,maredog4,ekoufjc,Controlae
ekpar19,hashtagsugary,ekoufjc,Controlae
ekpgf20,janlangdon362,ekoufjc,Controlae
ekqjnx5,gh0stfac3killah007,ekoufjc,Controlae
ekpaej4,saturdaybloom,ekp9aff,nessager
ekq427r,SeOliVahinko,ekp9aff,nessager
ekpaef1,Djslender6,ekp9aff,nessager
ekpnso7,zzzizou,ekp9aff,nessager
ekpfr41,GenitalWizard,ekpaef1,Djslender6
ekpnos1,kobothedog,ekpaef1,Djslender6
ekp91ta,SchnoodleDoodleDo,ekorrjk,mythoffire
ekp1ymp,TheNamesEpic,ekorrjk,mythoffire
ekpd22c,alexadownload,ekorrjk,mythoffire
ekpvl3d,blithetorrent,ekpd22c,alexadownload
ekr99ej,claycam5,ekpvl3d,blithetorrent
ekp793y,Nubsan,ekorrjk,mythoffire
ekp0lv3,caustic_kiwi,ekov0wo,IndyIndy23
ekp0tpa,cocaineluna,ekp0lv3,caustic_kiwi
ekpmbaj,IndyIndy23,ekp0lv3,caustic_kiwi
ekqx3ft,,ekp0lv3,caustic_kiwi
ekp0ven,caustic_kiwi,ekp0tpa,cocaineluna
ekozpim,PabloJensen,ekoy9ru,burntbro420
ekpo4ke,stirling_s,ekozpim,PabloJensen
ekpbh4o,sjoy512,ekozpim,PabloJensen
ekpqhbd,PabloJensen,ekpo4ke,stirling_s
ekpwk9z,D1a1s1,ekpqhbd,PabloJensen
ekpwm8j,PabloJensen,ekpwk9z,D1a1s1
ekoy2bp,whitlessness,ekouoih,wealllickbootyholes
ekoy4j8,wealllickbootyholes,ekoy2bp,whitlessness
ekoyy4s,whitlessness,ekoy4j8,wealllickbootyholes
ekp7d6g,wealllickbootyholes,ekoyy4s,whitlessness
ekqk5ry,alex3omg,ekounsc,Technikal85
ekpg1o6,MereSecondsToLive,ekp75p6,sweetkatiecakes
ekpg53w,sweetkatiecakes,ekpg1o6,MereSecondsToLive
ekpe95o,bipolar-noirefemme,ekp75p6,sweetkatiecakes
ekp73lj,EH0_0,ekp4yb1,rubyrose44
ekpq598,PabloJensen,ekp8rmq,dukemagnus
ekozq11,PabloJensen,ekoz0tf,albertz8
ekpo5i0,stirling_s,ekozq11,PabloJensen
ekp1lqh,albertz8,ekozq11,PabloJensen
ekpq90c,PabloJensen,ekphogs,Rehtori
ekotm4u,ObIivious,ekoru3q,DownvoteMeaniePants
ekouw0m,,ekotm4u,ObIivious
ekousow,,ekoru3q,DownvoteMeaniePants
ekozvre,WowWhatABeaut,ekousow,
ekp9aff,nessager,ekoufjc,Controlae
ekpaej4,saturdaybloom,ekp9aff,nessager
ekq427r,SeOliVahinko,ekp9aff,nessager
ekpaef1,Djslender6,ekp9aff,nessager
ekpnso7,zzzizou,ekp9aff,nessager
ekpfr41,GenitalWizard,ekpaef1,Djslender6
ekpnos1,kobothedog,ekpaef1,Djslender6
ekpl1k7,maredog4,ekoufjc,Controlae
ekpar19,hashtagsugary,ekoufjc,Controlae
ekpgf20,janlangdon362,ekoufjc,Controlae
ekqjnx5,gh0stfac3killah007,ekoufjc,Controlae
ekpvl3d,blithetorrent,ekpd22c,alexadownload
ekr99ej,claycam5,ekpvl3d,blithetorrent
ekp0tpa,cocaineluna,ekp0lv3,caustic_kiwi
ekp0ven,caustic_kiwi,ekp0tpa,cocaineluna
ekpmbaj,IndyIndy23,ekp0lv3,caustic_kiwi
ekqx3ft,,ekp0lv3,caustic_kiwi
ekpo4ke,stirling_s,ekozpim,PabloJensen
ekpqhbd,PabloJensen,ekpo4ke,stirling_s
ekpwk9z,D1a1s1,ekpqhbd,PabloJensen
ekpwm8j,PabloJensen,ekpwk9z,D1a1s1
ekpbh4o,sjoy512,ekozpim,PabloJensen
ekoy4j8,wealllickbootyholes,ekoy2bp,whitlessness
ekoyy4s,whitlessness,ekoy4j8,wealllickbootyholes
ekp7d6g,wealllickbootyholes,ekoyy4s,whitlessness
ekpg53w,sweetkatiecakes,ekpg1o6,MereSecondsToLive
ekpo5i0,stirling_s,ekozq11,PabloJensen
ekp1lqh,albertz8,ekozq11,PabloJensen
ekovg5k,Ladyballs004,bc9ewq,bmir88
ekovoy4,bmir88,ekovg5k,Ladyballs004
ekpklii,AltoRhombus,ekovg5k,Ladyballs004
ekpsuts,gonresthird,ekovg5k,Ladyballs004
ekqjgnp,AKBombtrack,ekovg5k,Ladyballs004
ekp8lu1,SBCrystal,ekovoy4,bmir88
ekovve4,Ladyballs004,ekovoy4,bmir88
ekpdx5s,newbris,ekovoy4,bmir88
ekp54cv,cuppyuppycake,ekovoy4,bmir88
ekpjic1,reddituserzerosix,ekovoy4,bmir88
ekp6jnn,8976r7,ekovoy4,bmir88
ekpar2i,kodobeast21,ekovoy4,bmir88
ekpo3oy,NumerousAd8,ekovoy4,bmir88
ekpui04,ocicataco,ekovoy4,bmir88
ekps468,BuddhaBizZ,ekovoy4,bmir88
ekpvk1n,thutruthissomewhere,ekovoy4,bmir88
ekq93pt,Feetsenpai,ekovoy4,bmir88
ekqm1zl,CanadianSorrySir,ekovoy4,bmir88
eksrmfn,running_toilet_bowl,ekovoy4,bmir88
eksshpq,Solid_Snake_021,ekovoy4,bmir88
ekstu3n,RedFireAlert,ekovoy4,bmir88
ekpop2g,EmberHands,ekpklii,AltoRhombus
ekpo1ry,AylaKittyCat,ekpklii,AltoRhombus
ekpmkgg,FracturedAnt1,ekpklii,AltoRhombus
ekpi5m4,TubbyMarmot,ekp8lu1,SBCrystal
ektvk4u,,ekp8lu1,SBCrystal
ekq6d0e,IncendiaryIdea,ekpjic1,reddituserzerosix
ekpcvg0,susono,ekp6jnn,8976r7
ekteqi5,bmir88,ekstu3n,RedFireAlert
ekpz6wh,Hate_is_Heavy,ekpop2g,EmberHands
ekpq30l,MamaBear4485,ekpo1ry,AylaKittyCat
ekr4ejv,AltoRhombus,ekpo1ry,AylaKittyCat
ekr4fsp,AltoRhombus,ekpmkgg,FracturedAnt1
ekpxpxi,InkSymptoms,ekpi5m4,TubbyMarmot
ektaepw,GoodAtExplaining,ekpi5m4,TubbyMarmot
ekr850r,CaktusJacklynn,ekpi5m4,TubbyMarmot
eks1i30,Colonel-Yash,ekpi5m4,TubbyMarmot
ekuylkk,SBCrystal,ektvk4u,
ekr2es8,Sweetwill62,ekq6d0e,IncendiaryIdea
ekpuh5i,AylaKittyCat,ekpq30l,MamaBear4485
ekqenis,Kameski,ekpxpxi,InkSymptoms
ektpuwz,fatcatsinhats,ektaepw,GoodAtExplaining
ekr618f,IncendiaryIdea,ekr2es8,Sweetwill62
ekpw85j,MamaBear4485,ekpuh5i,AylaKittyCat
ekr6wv6,Sweetwill62,ekr618f,IncendiaryIdea
ekq3cus,AylaKittyCat,ekpw85j,MamaBear4485
ekr8elu,IncendiaryIdea,ekr6wv6,Sweetwill62
ekqiknp,DJTen,ekq3cus,AylaKittyCat
ekr8uyy,Sweetwill62,ekr8elu,IncendiaryIdea
ekqmbzx,AylaKittyCat,ekqiknp,DJTen
ekr9ljs,DJTen,ekqmbzx,AylaKittyCat
eksamb9,AylaKittyCat,ekr9ljs,DJTen
ekotnj5,d06h0201,bc9ewq,bmir88
ekotskp,bmir88,ekotnj5,d06h0201
ekpnjxa,joleme,ekotnj5,d06h0201
ekou5xd,d06h0201,ekotskp,bmir88
ekq9x0e,d06h0201,ekpnjxa,joleme
ekovsar,bmir88,ekou5xd,d06h0201
ekq6cza,gizmodriver,ekou5xd,d06h0201
ekqrnqo,Undercover_Chimp,ekovsar,bmir88
ekqsp3m,bmir88,ekqrnqo,Undercover_Chimp
ekssyv8,superluminal,ekqsp3m,bmir88
ekp6xft,pekaxing94,bc9ewq,bmir88
ekpdluq,blakmizuri,ekp6xft,pekaxing94
ekot0uk,Spellbindehr,bc9ewq,bmir88
ekow37u,Whiskey_Before_Noon,bc9ewq,bmir88
ekowxum,,ekow37u,Whiskey_Before_Noon
ekow98n,Impairedmilkman13,ekow37u,Whiskey_Before_Noon
ekp7k1m,TwiceWritten,ekowxum,
ekpsddb,_alelia_,ekow98n,Impairedmilkman13
ekp7uyj,peabutjam,ekp7k1m,TwiceWritten
ekpwlkx,Digaddog,ekp7k1m,TwiceWritten
ekp7ps8,Chakz,ekp7k1m,TwiceWritten
ekq2v3d,iwantto-be-leave,ekp7k1m,TwiceWritten
ekq9s7r,ClimbAndMaintain0116,ekp7k1m,TwiceWritten
ekpw0s6,Tylerjb4,ekp7k1m,TwiceWritten
ekqvhs4,kosmotologist,ekp7k1m,TwiceWritten
ekpvu9t,pudinnhead,ekpsddb,_alelia_
ekpxifc,SleetyCross,ekpsddb,_alelia_
ekp7y7h,TwiceWritten,ekp7uyj,peabutjam
ekp7uvq,TwiceWritten,ekp7ps8,Chakz
ekqbk4q,TwiceWritten,ekq9s7r,ClimbAndMaintain0116
ekpx1va,TwiceWritten,ekpw0s6,Tylerjb4
eksudll,sarabjorks,ekpvu9t,pudinnhead
ekpyw1j,_alelia_,ekpxifc,SleetyCross
ekr5b11,trolloc1,ekp7y7h,TwiceWritten
ekpn1le,mjmjuh,ekp7uvq,TwiceWritten
ekp7x0o,Chakz,ekp7uvq,TwiceWritten
ekr004d,Sloppiestpusheen,ekpx1va,TwiceWritten
ekq7jwv,minigunman123,ekpx1va,TwiceWritten
ekqev2g,,ekpx1va,TwiceWritten
ekpr31c,rapaxus,ekpn1le,mjmjuh
ekrb9ku,odajoana,ekr004d,Sloppiestpusheen
ekq7uyl,TwiceWritten,ekq7jwv,minigunman123
ekqfrf8,TwiceWritten,ekqev2g,
ekp57ia,NezuminoraQ,bc9ewq,bmir88
ekpw1e5,yellow-hamster,ekp57ia,NezuminoraQ
ekowpgl,pkkitty67,bc9ewq,bmir88
ekp6k6j,bluevsred415,ekowpgl,pkkitty67
ekpa4ms,AtheistAustralis,ekp6k6j,bluevsred415
ekpkr83,Upuaut_III,ekp6k6j,bluevsred415
ekpl7i5,LOUD-AF,ekp6k6j,bluevsred415
ekt62lj,ladylikely,ekp6k6j,bluevsred415
ekpubly,Koenigspiel,ekp6k6j,bluevsred415
ekppebz,TheQuietManUpNorth,bc9ewq,bmir88
ekpsvri,bmir88,ekppebz,TheQuietManUpNorth
ekqzaml,RaggamuffinTW8,ekppebz,TheQuietManUpNorth
ekq234p,TheQuietManUpNorth,ekpsvri,bmir88
ekrha9f,Dragonic_Prime,ekpsvri,bmir88
eksmswz,37home_,ekq234p,TheQuietManUpNorth
eksropf,superluminal,ekq234p,TheQuietManUpNorth
ekspyyw,smackfairy,ekrha9f,Dragonic_Prime
eksuawr,ManaSyn,eksropf,superluminal
ekst302,lxpnh98_2,ekspyyw,smackfairy
eksyqj7,smackfairy,ekst302,lxpnh98_2
ekpgo4l,toolateforRE,bc9ewq,bmir88
ekqgl9g,bmir88,ekpgo4l,toolateforRE
eku7rba,kingsOTHERjester,ekqgl9g,bmir88
ekp9z06,Dance4Bees,bc9ewq,bmir88
ekpq6ie,mybootylikestotooty,ekp9z06,Dance4Bees
ekq2qg3,10FightingMayors,ekp9z06,Dance4Bees
ekq6two,Spinnakerr,ekq2qg3,10FightingMayors
ekq7l3i,10FightingMayors,ekq6two,Spinnakerr
ekq7q5n,Spinnakerr,ekq7l3i,10FightingMayors
ekq7w5i,10FightingMayors,ekq7q5n,Spinnakerr
ekpq952,MamaBear4485,bc9ewq,bmir88
ekpybmb,bmir88,ekpq952,MamaBear4485
ekp9ewx,David_51,bc9ewq,bmir88
ekpgaat,TJ_McWeaksauce,ekp9ewx,David_51
ekpdq0q,timotioman,ekp9ewx,David_51
ekprgsr,suzannealamo,ekp9ewx,David_51
ekpxetk,Firhel,ekpgaat,TJ_McWeaksauce
ekq4g3u,TobylovesPam,ekpxetk,Firhel
ekqatye,Firhel,ekq4g3u,TobylovesPam
ekp2n56,joblagz2,bc9ewq,bmir88
ekps3vb,jacobsever,ekp2n56,joblagz2
ekptb7r,crakotta,ekp2n56,joblagz2
ekq0ptj,CockAssaurus-Sex,ekps3vb,jacobsever
ekriza1,daxforsnax,ekq0ptj,CockAssaurus-Sex
ekrk2a7,CockAssaurus-Sex,ekriza1,daxforsnax
ektsjwl,bmir88,ekrk2a7,CockAssaurus-Sex
ekp2021,tippsy_mcstagger,bc9ewq,bmir88
ekp4ee0,krex10_,bc9ewq,bmir88
ekp7eh8,congealedplatypus,bc9ewq,bmir88
ekpeaqu,complexcompoundword,bc9ewq,bmir88
ekpn8ar,re_nonsequiturs,ekpeaqu,complexcompoundword
ekpxniy,complexcompoundword,ekpn8ar,re_nonsequiturs
ekp8jvf,metaphoris,bc9ewq,bmir88
ekp8mku,oliveiraexp,ekp8jvf,metaphoris
ekprv6j,UberUSB,ekp8jvf,metaphoris
ekpoa1h,ng300,ekp8jvf,metaphoris
ekps5cb,AssMustard,ekprv6j,UberUSB
ekpxeui,tagerR,ekps5cb,AssMustard
ekq3n8n,BernardoFerreira00,ekpxeui,tagerR
ekqnfgp,helenarosario,ekq3n8n,BernardoFerreira00
ekr4yxd,jpgquaresma,ekqnfgp,helenarosario
ekqn6es,helenarosario,bc9ewq,bmir88
ekotvzo,ExtraGingerSpice,bc9ewq,bmir88
ekp7ofp,sulestrange,bc9ewq,bmir88
ekpmn8v,pilot_error,bc9ewq,bmir88
ekpbod2,TheGunslingerRechena,bc9ewq,bmir88
ekppbp5,hmgoody,bc9ewq,bmir88
ekpsnnf,Snow_Raptor,bc9ewq,bmir88
ekpceo9,NewLeaseOnLine,bc9ewq,bmir88
ekpl7x1,HelmutHoffman,ekpceo9,NewLeaseOnLine
ekq6e1e,odajoana,ekpl7x1,HelmutHoffman
ekpg99q,arfyarfington,bc9ewq,bmir88
ekpn8xh,dlourenco182,bc9ewq,bmir88
ekpngz7,linemonster,bc9ewq,bmir88
ekp7lse,calicali3,bc9ewq,bmir88
ekp7hpc,leesun7,bc9ewq,bmir88
ekpa037,shipboatx,bc9ewq,bmir88
ekpd3bs,OmegaWard,bc9ewq,bmir88
ekpg4kt,cowscantgodownstairs,bc9ewq,bmir88
ekpug5o,minniemoomoo,bc9ewq,bmir88
ekpxl1m,aidanfoolio,bc9ewq,bmir88
ekq2632,Obvious_Moose,bc9ewq,bmir88
ekq3w1k,didsomebodysaymeow,bc9ewq,bmir88
ekpoxlv,asshandsintheair,bc9ewq,bmir88
ekpscb6,UberUSB,ekpoxlv,asshandsintheair
ekq6xoc,odajoana,ekpoxlv,asshandsintheair
ekr1kdn,kindrudekid,ekpscb6,UberUSB
eksxkkk,iChugVodka,ekr1kdn,kindrudekid
ekpno51,LeSeraphim,bc9ewq,bmir88
ekp81zf,uk_in_ca,bc9ewq,bmir88
ekpaqv3,FantasticBlood0,bc9ewq,bmir88
ekpbice,errjelly,bc9ewq,bmir88
ektn0fc,0MY,ekpbice,errjelly
ekpbjcw,MattMythic,bc9ewq,bmir88
ekpcb19,TheGunslingerRechena,ekpbjcw,MattMythic
ekpsqgp,MattMythic,ekpcb19,TheGunslingerRechena
ekpd9vy,Sloredama,bc9ewq,bmir88
ekpei78,WarmCookiesAndCream,bc9ewq,bmir88
ekpekcv,Letitbemesickgirl,bc9ewq,bmir88
ekpfw86,Kulfyr3,bc9ewq,bmir88
ekph7ey,wallynext,bc9ewq,bmir88
ekpjr8e,1_1_3_4,bc9ewq,bmir88
ektsqk0,bmir88,ekpjr8e,1_1_3_4
ekploc1,The_Mechanist24,bc9ewq,bmir88
ekpmvu2,TerraFlareKSFL,bc9ewq,bmir88
ekpu412,adams_laura,bc9ewq,bmir88
ekpu6wg,flowerfaery34,bc9ewq,bmir88
ekpvgq2,hatepopcorn,bc9ewq,bmir88
ekpw731,0piate_taylor,bc9ewq,bmir88
ekpwvm6,YayBooYay,bc9ewq,bmir88
ekpxh8p,Raphaella123,bc9ewq,bmir88
ekpxvm3,angry_pecan,bc9ewq,bmir88
ekpy6pq,youcantrytothink,bc9ewq,bmir88
ekq1th1,__amy,bc9ewq,bmir88
ekqccrj,billyray13,bc9ewq,bmir88
ekr09pa,absloan12,bc9ewq,bmir88
eksn30d,nonpromqueen,bc9ewq,bmir88
ekp7152,mideastmidwest,bc9ewq,bmir88
ekpqk74,russianvoodoo,ekp7152,mideastmidwest
ekq1df7,mideastmidwest,ekpqk74,russianvoodoo
ekqd7mx,russianvoodoo,ekq1df7,mideastmidwest
ekr8b8t,deedeemckee,ekqd7mx,russianvoodoo
ekqh45v,mideastmidwest,ekqd7mx,russianvoodoo
ekp7zxe,hippieshaken,bc9ewq,bmir88
ekp88pm,filofil,bc9ewq,bmir88
ekp6ltf,mikehipp,bc9ewq,bmir88
ekp6ruy,snickersmum,bc9ewq,bmir88
ekpasxz,brosendaal,bc9ewq,bmir88
ekpdk1p,wolf090909,bc9ewq,bmir88
ekpe7an,AmnesiaSock,bc9ewq,bmir88
ekpe9zb,Fairuse,bc9ewq,bmir88
ekph3yu,Happinessrules,bc9ewq,bmir88
ekpizaf,jeffuhwee,bc9ewq,bmir88
ekpnicy,Reddnekkid,bc9ewq,bmir88
ekppx3a,dcoble,bc9ewq,bmir88
ekprfsi,Bronxieb,bc9ewq,bmir88
ekpshdj,Tjbhr,bc9ewq,bmir88
ekpu09o,notyourmom22,bc9ewq,bmir88
ekpw9qa,usychan,bc9ewq,bmir88
ekpyau3,gnetic,bc9ewq,bmir88
ekpzq6i,Treehuggeralways,bc9ewq,bmir88
ekqamgs,cahewa,bc9ewq,bmir88
ekqcona,EDDIE_BR0CK,bc9ewq,bmir88
ekufswo,Kayababalu,ekqcona,EDDIE_BR0CK
ekqhqcc,viperswhip,bc9ewq,bmir88
ekqj537,Jgflight86,bc9ewq,bmir88
ekqj724,Ballymeeney,bc9ewq,bmir88
ekqp2u6,mesoharney11,bc9ewq,bmir88
ekr8bpb,CaktusJacklynn,bc9ewq,bmir88
ektwf0q,whiteyardie,bc9ewq,bmir88
ekow0wd,skylinker,bc9ewq,bmir88
ekq1pjw,Suavementeeee,bc9ewq,bmir88
ekqijzl,Bakugan2556,ekq1pjw,Suavementeeee
ekp65c7,BarmpotP3psi,bc9ewq,bmir88
ekp9xgy,logicaleak,bc9ewq,bmir88
ekpehyb,Eskimosubmarine,bc9ewq,bmir88
ekpf6v0,curzedd,bc9ewq,bmir88
ekpf8th,call_madz,bc9ewq,bmir88
ekpfkgi,Dhaem17,bc9ewq,bmir88
ekpgh96,roxrae,bc9ewq,bmir88
ekpgqk0,caesarrock,bc9ewq,bmir88
ekph4ev,Hammom8,bc9ewq,bmir88
ekpjk6y,SCViper,bc9ewq,bmir88
ekpjshk,Seven_Veils,bc9ewq,bmir88
ekpk90r,ricardomcm,bc9ewq,bmir88
ekplh1a,cherushii_,bc9ewq,bmir88
ekpmm74,Vanquisher-mm,bc9ewq,bmir88
ekpmpn8,Sankdamoney,bc9ewq,bmir88
ekpnfop,turtletyler,bc9ewq,bmir88
ekpnkmr,Yusi-D-Jordan,bc9ewq,bmir88
ekpnnyl,mysagacontinues,bc9ewq,bmir88
ekpnupb,isthatsoreddit,bc9ewq,bmir88
ekppidn,purpbydapound18,bc9ewq,bmir88
ekppoa9,42Navigator,bc9ewq,bmir88
ekpq6t3,black_khobz,bc9ewq,bmir88
ekpr774,killerjags,bc9ewq,bmir88
ekpr7d4,The-Worst-Bot,ekpr774,killerjags
ekpreu0,Juliana125,bc9ewq,bmir88
ekprewl,aletamale,bc9ewq,bmir88
ekps2rs,thealternateopinion,bc9ewq,bmir88
ekpsnr7,Jackertime,bc9ewq,bmir88
ekpszs5,troubledtimez,bc9ewq,bmir88
ekpttnq,TheEightDoctor,bc9ewq,bmir88
ekpuvfl,jowilbanks,bc9ewq,bmir88
ekpvkkt,krojo,bc9ewq,bmir88
ekpw4mq,MovieFreak78,bc9ewq,bmir88
ekpx17s,MindMyChange,bc9ewq,bmir88
ekpxd07,ST0NEY_L0NES0ME,bc9ewq,bmir88
ekpxvmb,Pizzlefank,bc9ewq,bmir88
ekpy7za,DirtyProjector,bc9ewq,bmir88
ekq0cxy,SketchtheHunter,bc9ewq,bmir88
ekq0f82,Sinbound86,bc9ewq,bmir88
ekq0tct,diegof09,bc9ewq,bmir88
ekq16tv,Kapp_E_Tan,bc9ewq,bmir88
ekq4zh4,fairwhale,bc9ewq,bmir88
ekq52fj,goRic1955,bc9ewq,bmir88
ekq8s4p,TomoyaOkazaki13,bc9ewq,bmir88
ekq8tfv,MechanicalPotato,bc9ewq,bmir88
ekqb5uh,ArtGal94,bc9ewq,bmir88
ekqbqky,iwantasammich,bc9ewq,bmir88
ekqbr30,Mmusic91,bc9ewq,bmir88
ekqbwev,Biffingston,bc9ewq,bmir88
ekqccn7,yamez420,bc9ewq,bmir88
ekqctb4,firstjib,bc9ewq,bmir88
ekqe2rc,SarcasmCupcakes,bc9ewq,bmir88
ekqg6l6,sayidOH,bc9ewq,bmir88
ekqia7r,chriseo22,bc9ewq,bmir88
ekqk9x2,dps15,bc9ewq,bmir88
ekqkrnb,floriele,bc9ewq,bmir88
ekqllav,onemorecoffeeplease,bc9ewq,bmir88
ektr9x2,bmir88,ekqllav,onemorecoffeeplease
el2an1a,onemorecoffeeplease,ektr9x2,bmir88
ekqmnst,arrav21,bc9ewq,bmir88
ekqsauo,Swankfeet,bc9ewq,bmir88
ekss2ad,GeishaB,bc9ewq,bmir88
ekstb48,MaDdDoG11,bc9ewq,bmir88
ekt1a9u,Ayatollah_Bahloni,bc9ewq,bmir88
ektv67q,wonderland01,bc9ewq,bmir88
ektw91o,santlaurentdon,bc9ewq,bmir88
ekpjy31,Cows-go-moo-,bc9ewq,bmir88
ekp56lw,Supersymm3try,bc9ewq,bmir88
ekpej2l,Vivianne_Vulve,ekp56lw,Supersymm3try
ekpayf4,StevenTM,bc9ewq,bmir88
ekpxi59,bhp126,bc9ewq,bmir88
ekqobdz,JeffZorzz,bc9ewq,bmir88
ekqcrnd,silverX11,bc9ewq,bmir88
ekr6c8d,CockAssaurus-Sex,ekqcrnd,silverX11
ektrj47,bmir88,ekqcrnd,silverX11
ekpbfm8,,bc9ewq,bmir88
ekqa3j3,ClimbAndMaintain0116,ekpbfm8,
ekqr05z,,ekpbfm8,
ekpcd5r,BuffaloCrocodile,bc9ewq,bmir88
ekp7uct,nazipunchingcommie,bc9ewq,bmir88
ekpel5t,ben-utzmich,bc9ewq,bmir88
ekpl55t,LandingSupport,bc9ewq,bmir88
ekpwgrr,,ekpl55t,LandingSupport
ekpxl5e,LandingSupport,ekpwgrr,
el6rz2o,foozballer,ekpxl5e,LandingSupport
ekp97gp,true_DNA,bc9ewq,bmir88
ekt2hte,BeachinBeatle,ekp97gp,true_DNA
ekp9kmi,GhostWolfBeth,bc9ewq,bmir88
ekpt460,,bc9ewq,bmir88
ekqfyr3,bmir88,ekpt460,
ekpmbjg,RogueSpartan,bc9ewq,bmir88
ekpsqjb,Bardimir,ekpmbjg,RogueSpartan
ekpvayj,RogueSpartan,ekpsqjb,Bardimir
ekpwuia,Bardimir,ekpvayj,RogueSpartan
ekppyzd,desivaperUSA,bc9ewq,bmir88
ekovoy4,bmir88,ekovg5k,Ladyballs004
ekp8lu1,SBCrystal,ekovoy4,bmir88
ekovve4,Ladyballs004,ekovoy4,bmir88
ekpdx5s,newbris,ekovoy4,bmir88
ekp54cv,cuppyuppycake,ekovoy4,bmir88
ekpjic1,reddituserzerosix,ekovoy4,bmir88
ekp6jnn,8976r7,ekovoy4,bmir88
ekpar2i,kodobeast21,ekovoy4,bmir88
ekpo3oy,NumerousAd8,ekovoy4,bmir88
ekpui04,ocicataco,ekovoy4,bmir88
ekps468,BuddhaBizZ,ekovoy4,bmir88
ekpvk1n,thutruthissomewhere,ekovoy4,bmir88
ekq93pt,Feetsenpai,ekovoy4,bmir88
ekqm1zl,CanadianSorrySir,ekovoy4,bmir88
eksrmfn,running_toilet_bowl,ekovoy4,bmir88
eksshpq,Solid_Snake_021,ekovoy4,bmir88
ekstu3n,RedFireAlert,ekovoy4,bmir88
ekpi5m4,TubbyMarmot,ekp8lu1,SBCrystal
ektvk4u,,ekp8lu1,SBCrystal
ekq6d0e,IncendiaryIdea,ekpjic1,reddituserzerosix
ekpcvg0,susono,ekp6jnn,8976r7
ekteqi5,bmir88,ekstu3n,RedFireAlert
ekpxpxi,InkSymptoms,ekpi5m4,TubbyMarmot
ektaepw,GoodAtExplaining,ekpi5m4,TubbyMarmot
ekr850r,CaktusJacklynn,ekpi5m4,TubbyMarmot
eks1i30,Colonel-Yash,ekpi5m4,TubbyMarmot
ekuylkk,SBCrystal,ektvk4u,
ekr2es8,Sweetwill62,ekq6d0e,IncendiaryIdea
ekqenis,Kameski,ekpxpxi,InkSymptoms
ektpuwz,fatcatsinhats,ektaepw,GoodAtExplaining
ekr618f,IncendiaryIdea,ekr2es8,Sweetwill62
ekr6wv6,Sweetwill62,ekr618f,IncendiaryIdea
ekr8elu,IncendiaryIdea,ekr6wv6,Sweetwill62
ekr8uyy,Sweetwill62,ekr8elu,IncendiaryIdea
ekpklii,AltoRhombus,ekovg5k,Ladyballs004
ekpop2g,EmberHands,ekpklii,AltoRhombus
ekpo1ry,AylaKittyCat,ekpklii,AltoRhombus
ekpmkgg,FracturedAnt1,ekpklii,AltoRhombus
ekpz6wh,Hate_is_Heavy,ekpop2g,EmberHands
ekpq30l,MamaBear4485,ekpo1ry,AylaKittyCat
ekr4ejv,AltoRhombus,ekpo1ry,AylaKittyCat
ekr4fsp,AltoRhombus,ekpmkgg,FracturedAnt1
ekpuh5i,AylaKittyCat,ekpq30l,MamaBear4485
ekpw85j,MamaBear4485,ekpuh5i,AylaKittyCat
ekq3cus,AylaKittyCat,ekpw85j,MamaBear4485
ekqiknp,DJTen,ekq3cus,AylaKittyCat
ekqmbzx,AylaKittyCat,ekqiknp,DJTen
ekr9ljs,DJTen,ekqmbzx,AylaKittyCat
eksamb9,AylaKittyCat,ekr9ljs,DJTen
ekpsuts,gonresthird,ekovg5k,Ladyballs004
ekqjgnp,AKBombtrack,ekovg5k,Ladyballs004
ekotskp,bmir88,ekotnj5,d06h0201
ekou5xd,d06h0201,ekotskp,bmir88
ekovsar,bmir88,ekou5xd,d06h0201
ekq6cza,gizmodriver,ekou5xd,d06h0201
ekqrnqo,Undercover_Chimp,ekovsar,bmir88
ekqsp3m,bmir88,ekqrnqo,Undercover_Chimp
ekssyv8,superluminal,ekqsp3m,bmir88
ekpnjxa,joleme,ekotnj5,d06h0201
ekq9x0e,d06h0201,ekpnjxa,joleme
ekpdluq,blakmizuri,ekp6xft,pekaxing94
ekowxum,,ekow37u,Whiskey_Before_Noon
ekp7k1m,TwiceWritten,ekowxum,
ekp7uyj,peabutjam,ekp7k1m,TwiceWritten
ekpwlkx,Digaddog,ekp7k1m,TwiceWritten
ekp7ps8,Chakz,ekp7k1m,TwiceWritten
ekq2v3d,iwantto-be-leave,ekp7k1m,TwiceWritten
ekq9s7r,ClimbAndMaintain0116,ekp7k1m,TwiceWritten
ekpw0s6,Tylerjb4,ekp7k1m,TwiceWritten
ekqvhs4,kosmotologist,ekp7k1m,TwiceWritten
ekp7y7h,TwiceWritten,ekp7uyj,peabutjam
ekp7uvq,TwiceWritten,ekp7ps8,Chakz
ekqbk4q,TwiceWritten,ekq9s7r,ClimbAndMaintain0116
ekpx1va,TwiceWritten,ekpw0s6,Tylerjb4
ekr5b11,trolloc1,ekp7y7h,TwiceWritten
ekpn1le,mjmjuh,ekp7uvq,TwiceWritten
ekp7x0o,Chakz,ekp7uvq,TwiceWritten
ekr004d,Sloppiestpusheen,ekpx1va,TwiceWritten
ekq7jwv,minigunman123,ekpx1va,TwiceWritten
ekqev2g,,ekpx1va,TwiceWritten
ekpr31c,rapaxus,ekpn1le,mjmjuh
ekrb9ku,odajoana,ekr004d,Sloppiestpusheen
ekq7uyl,TwiceWritten,ekq7jwv,minigunman123
ekqfrf8,TwiceWritten,ekqev2g,
ekow98n,Impairedmilkman13,ekow37u,Whiskey_Before_Noon
ekpsddb,_alelia_,ekow98n,Impairedmilkman13
ekpvu9t,pudinnhead,ekpsddb,_alelia_
ekpxifc,SleetyCross,ekpsddb,_alelia_
eksudll,sarabjorks,ekpvu9t,pudinnhead
ekpyw1j,_alelia_,ekpxifc,SleetyCross
ekpw1e5,yellow-hamster,ekp57ia,NezuminoraQ
ekp6k6j,bluevsred415,ekowpgl,pkkitty67
ekpa4ms,AtheistAustralis,ekp6k6j,bluevsred415
ekpkr83,Upuaut_III,ekp6k6j,bluevsred415
ekpl7i5,LOUD-AF,ekp6k6j,bluevsred415
ekt62lj,ladylikely,ekp6k6j,bluevsred415
ekpubly,Koenigspiel,ekp6k6j,bluevsred415
ekpsvri,bmir88,ekppebz,TheQuietManUpNorth
ekq234p,TheQuietManUpNorth,ekpsvri,bmir88
ekrha9f,Dragonic_Prime,ekpsvri,bmir88
eksmswz,37home_,ekq234p,TheQuietManUpNorth
eksropf,superluminal,ekq234p,TheQuietManUpNorth
ekspyyw,smackfairy,ekrha9f,Dragonic_Prime
eksuawr,ManaSyn,eksropf,superluminal
ekst302,lxpnh98_2,ekspyyw,smackfairy
eksyqj7,smackfairy,ekst302,lxpnh98_2
ekqzaml,RaggamuffinTW8,ekppebz,TheQuietManUpNorth
ekqgl9g,bmir88,ekpgo4l,toolateforRE
eku7rba,kingsOTHERjester,ekqgl9g,bmir88
ekpq6ie,mybootylikestotooty,ekp9z06,Dance4Bees
ekq2qg3,10FightingMayors,ekp9z06,Dance4Bees
ekq6two,Spinnakerr,ekq2qg3,10FightingMayors
ekq7l3i,10FightingMayors,ekq6two,Spinnakerr
ekq7q5n,Spinnakerr,ekq7l3i,10FightingMayors
ekq7w5i,10FightingMayors,ekq7q5n,Spinnakerr
ekpybmb,bmir88,ekpq952,MamaBear4485
ekpgaat,TJ_McWeaksauce,ekp9ewx,David_51
ekpxetk,Firhel,ekpgaat,TJ_McWeaksauce
ekq4g3u,TobylovesPam,ekpxetk,Firhel
ekqatye,Firhel,ekq4g3u,TobylovesPam
ekpdq0q,timotioman,ekp9ewx,David_51
ekprgsr,suzannealamo,ekp9ewx,David_51
ekps3vb,jacobsever,ekp2n56,joblagz2
ekq0ptj,CockAssaurus-Sex,ekps3vb,jacobsever
ekriza1,daxforsnax,ekq0ptj,CockAssaurus-Sex
ekrk2a7,CockAssaurus-Sex,ekriza1,daxforsnax
ektsjwl,bmir88,ekrk2a7,CockAssaurus-Sex
ekptb7r,crakotta,ekp2n56,joblagz2
ekpn8ar,re_nonsequiturs,ekpeaqu,complexcompoundword
ekpxniy,complexcompoundword,ekpn8ar,re_nonsequiturs
ekp8mku,oliveiraexp,ekp8jvf,metaphoris
ekprv6j,UberUSB,ekp8jvf,metaphoris
ekps5cb,AssMustard,ekprv6j,UberUSB
ekpxeui,tagerR,ekps5cb,AssMustard
ekq3n8n,BernardoFerreira00,ekpxeui,tagerR
ekqnfgp,helenarosario,ekq3n8n,BernardoFerreira00
ekr4yxd,jpgquaresma,ekqnfgp,helenarosario
ekpoa1h,ng300,ekp8jvf,metaphoris
ekpl7x1,HelmutHoffman,ekpceo9,NewLeaseOnLine
ekq6e1e,odajoana,ekpl7x1,HelmutHoffman
ekpscb6,UberUSB,ekpoxlv,asshandsintheair
ekr1kdn,kindrudekid,ekpscb6,UberUSB
eksxkkk,iChugVodka,ekr1kdn,kindrudekid
ekq6xoc,odajoana,ekpoxlv,asshandsintheair
ektn0fc,0MY,ekpbice,errjelly
ekpcb19,TheGunslingerRechena,ekpbjcw,MattMythic
ekpsqgp,MattMythic,ekpcb19,TheGunslingerRechena
ektsqk0,bmir88,ekpjr8e,1_1_3_4
ekpqk74,russianvoodoo,ekp7152,mideastmidwest
ekq1df7,mideastmidwest,ekpqk74,russianvoodoo
ekqd7mx,russianvoodoo,ekq1df7,mideastmidwest
ekr8b8t,deedeemckee,ekqd7mx,russianvoodoo
ekqh45v,mideastmidwest,ekqd7mx,russianvoodoo
ekufswo,Kayababalu,ekqcona,EDDIE_BR0CK
ekqijzl,Bakugan2556,ekq1pjw,Suavementeeee
ekpr7d4,The-Worst-Bot,ekpr774,killerjags
ektr9x2,bmir88,ekqllav,onemorecoffeeplease
el2an1a,onemorecoffeeplease,ektr9x2,bmir88
ekpej2l,Vivianne_Vulve,ekp56lw,Supersymm3try
ekr6c8d,CockAssaurus-Sex,ekqcrnd,silverX11
ektrj47,bmir88,ekqcrnd,silverX11
ekqa3j3,ClimbAndMaintain0116,ekpbfm8,
ekqr05z,,ekpbfm8,
ekpwgrr,,ekpl55t,LandingSupport
ekpxl5e,LandingSupport,ekpwgrr,
el6rz2o,foozballer,ekpxl5e,LandingSupport
ekt2hte,BeachinBeatle,ekp97gp,true_DNA
ekqfyr3,bmir88,ekpt460,
ekpsqjb,Bardimir,ekpmbjg,RogueSpartan
ekpvayj,RogueSpartan,ekpsqjb,Bardimir
ekpwuia,Bardimir,ekpvayj,RogueSpartan
ekp8lu1,SBCrystal,ekovoy4,bmir88
ekpi5m4,TubbyMarmot,ekp8lu1,SBCrystal
ektvk4u,,ekp8lu1,SBCrystal
ekpxpxi,InkSymptoms,ekpi5m4,TubbyMarmot
ektaepw,GoodAtExplaining,ekpi5m4,TubbyMarmot
ekr850r,CaktusJacklynn,ekpi5m4,TubbyMarmot
eks1i30,Colonel-Yash,ekpi5m4,TubbyMarmot
ekuylkk,SBCrystal,ektvk4u,
ekqenis,Kameski,ekpxpxi,InkSymptoms
ektpuwz,fatcatsinhats,ektaepw,GoodAtExplaining
ekovve4,Ladyballs004,ekovoy4,bmir88
ekpdx5s,newbris,ekovoy4,bmir88
ekp54cv,cuppyuppycake,ekovoy4,bmir88
ekpjic1,reddituserzerosix,ekovoy4,bmir88
ekq6d0e,IncendiaryIdea,ekpjic1,reddituserzerosix
ekr2es8,Sweetwill62,ekq6d0e,IncendiaryIdea
ekr618f,IncendiaryIdea,ekr2es8,Sweetwill62
ekr6wv6,Sweetwill62,ekr618f,IncendiaryIdea
ekr8elu,IncendiaryIdea,ekr6wv6,Sweetwill62
ekr8uyy,Sweetwill62,ekr8elu,IncendiaryIdea
ekp6jnn,8976r7,ekovoy4,bmir88
ekpcvg0,susono,ekp6jnn,8976r7
ekpar2i,kodobeast21,ekovoy4,bmir88
ekpo3oy,NumerousAd8,ekovoy4,bmir88
ekpui04,ocicataco,ekovoy4,bmir88
ekps468,BuddhaBizZ,ekovoy4,bmir88
ekpvk1n,thutruthissomewhere,ekovoy4,bmir88
ekq93pt,Feetsenpai,ekovoy4,bmir88
ekqm1zl,CanadianSorrySir,ekovoy4,bmir88
eksrmfn,running_toilet_bowl,ekovoy4,bmir88
eksshpq,Solid_Snake_021,ekovoy4,bmir88
ekstu3n,RedFireAlert,ekovoy4,bmir88
ekteqi5,bmir88,ekstu3n,RedFireAlert
ekpop2g,EmberHands,ekpklii,AltoRhombus
ekpz6wh,Hate_is_Heavy,ekpop2g,EmberHands
ekpo1ry,AylaKittyCat,ekpklii,AltoRhombus
ekpq30l,MamaBear4485,ekpo1ry,AylaKittyCat
ekr4ejv,AltoRhombus,ekpo1ry,AylaKittyCat
ekpuh5i,AylaKittyCat,ekpq30l,MamaBear4485
ekpw85j,MamaBear4485,ekpuh5i,AylaKittyCat
ekq3cus,AylaKittyCat,ekpw85j,MamaBear4485
ekqiknp,DJTen,ekq3cus,AylaKittyCat
ekqmbzx,AylaKittyCat,ekqiknp,DJTen
ekr9ljs,DJTen,ekqmbzx,AylaKittyCat
eksamb9,AylaKittyCat,ekr9ljs,DJTen
ekpmkgg,FracturedAnt1,ekpklii,AltoRhombus
ekr4fsp,AltoRhombus,ekpmkgg,FracturedAnt1
ekou5xd,d06h0201,ekotskp,bmir88
ekovsar,bmir88,ekou5xd,d06h0201
ekq6cza,gizmodriver,ekou5xd,d06h0201
ekqrnqo,Undercover_Chimp,ekovsar,bmir88
ekqsp3m,bmir88,ekqrnqo,Undercover_Chimp
ekssyv8,superluminal,ekqsp3m,bmir88
ekq9x0e,d06h0201,ekpnjxa,joleme
ekp7k1m,TwiceWritten,ekowxum,
ekp7uyj,peabutjam,ekp7k1m,TwiceWritten
ekpwlkx,Digaddog,ekp7k1m,TwiceWritten
ekp7ps8,Chakz,ekp7k1m,TwiceWritten
ekq2v3d,iwantto-be-leave,ekp7k1m,TwiceWritten
ekq9s7r,ClimbAndMaintain0116,ekp7k1m,TwiceWritten
ekpw0s6,Tylerjb4,ekp7k1m,TwiceWritten
ekqvhs4,kosmotologist,ekp7k1m,TwiceWritten
ekp7y7h,TwiceWritten,ekp7uyj,peabutjam
ekp7uvq,TwiceWritten,ekp7ps8,Chakz
ekqbk4q,TwiceWritten,ekq9s7r,ClimbAndMaintain0116
ekpx1va,TwiceWritten,ekpw0s6,Tylerjb4
ekr5b11,trolloc1,ekp7y7h,TwiceWritten
ekpn1le,mjmjuh,ekp7uvq,TwiceWritten
ekp7x0o,Chakz,ekp7uvq,TwiceWritten
ekr004d,Sloppiestpusheen,ekpx1va,TwiceWritten
ekq7jwv,minigunman123,ekpx1va,TwiceWritten
ekqev2g,,ekpx1va,TwiceWritten
ekpr31c,rapaxus,ekpn1le,mjmjuh
ekrb9ku,odajoana,ekr004d,Sloppiestpusheen
ekq7uyl,TwiceWritten,ekq7jwv,minigunman123
ekqfrf8,TwiceWritten,ekqev2g,
ekpsddb,_alelia_,ekow98n,Impairedmilkman13
ekpvu9t,pudinnhead,ekpsddb,_alelia_
ekpxifc,SleetyCross,ekpsddb,_alelia_
eksudll,sarabjorks,ekpvu9t,pudinnhead
ekpyw1j,_alelia_,ekpxifc,SleetyCross
ekpa4ms,AtheistAustralis,ekp6k6j,bluevsred415
ekpkr83,Upuaut_III,ekp6k6j,bluevsred415
ekpl7i5,LOUD-AF,ekp6k6j,bluevsred415
ekt62lj,ladylikely,ekp6k6j,bluevsred415
ekpubly,Koenigspiel,ekp6k6j,bluevsred415
ekq234p,TheQuietManUpNorth,ekpsvri,bmir88
eksmswz,37home_,ekq234p,TheQuietManUpNorth
eksropf,superluminal,ekq234p,TheQuietManUpNorth
eksuawr,ManaSyn,eksropf,superluminal
ekrha9f,Dragonic_Prime,ekpsvri,bmir88
ekspyyw,smackfairy,ekrha9f,Dragonic_Prime
ekst302,lxpnh98_2,ekspyyw,smackfairy
eksyqj7,smackfairy,ekst302,lxpnh98_2
eku7rba,kingsOTHERjester,ekqgl9g,bmir88
ekq6two,Spinnakerr,ekq2qg3,10FightingMayors
ekq7l3i,10FightingMayors,ekq6two,Spinnakerr
ekq7q5n,Spinnakerr,ekq7l3i,10FightingMayors
ekq7w5i,10FightingMayors,ekq7q5n,Spinnakerr
ekpxetk,Firhel,ekpgaat,TJ_McWeaksauce
ekq4g3u,TobylovesPam,ekpxetk,Firhel
ekqatye,Firhel,ekq4g3u,TobylovesPam
ekq0ptj,CockAssaurus-Sex,ekps3vb,jacobsever
ekriza1,daxforsnax,ekq0ptj,CockAssaurus-Sex
ekrk2a7,CockAssaurus-Sex,ekriza1,daxforsnax
ektsjwl,bmir88,ekrk2a7,CockAssaurus-Sex
ekpxniy,complexcompoundword,ekpn8ar,re_nonsequiturs
ekps5cb,AssMustard,ekprv6j,UberUSB
ekpxeui,tagerR,ekps5cb,AssMustard
ekq3n8n,BernardoFerreira00,ekpxeui,tagerR
ekqnfgp,helenarosario,ekq3n8n,BernardoFerreira00
ekr4yxd,jpgquaresma,ekqnfgp,helenarosario
ekq6e1e,odajoana,ekpl7x1,HelmutHoffman
ekr1kdn,kindrudekid,ekpscb6,UberUSB
eksxkkk,iChugVodka,ekr1kdn,kindrudekid
ekpsqgp,MattMythic,ekpcb19,TheGunslingerRechena
ekq1df7,mideastmidwest,ekpqk74,russianvoodoo
ekqd7mx,russianvoodoo,ekq1df7,mideastmidwest
ekr8b8t,deedeemckee,ekqd7mx,russianvoodoo
ekqh45v,mideastmidwest,ekqd7mx,russianvoodoo
el2an1a,onemorecoffeeplease,ektr9x2,bmir88
ekpxl5e,LandingSupport,ekpwgrr,
el6rz2o,foozballer,ekpxl5e,LandingSupport
ekpvayj,RogueSpartan,ekpsqjb,Bardimir
ekpwuia,Bardimir,ekpvayj,RogueSpartan
ekpi5m4,TubbyMarmot,ekp8lu1,SBCrystal
ekpxpxi,InkSymptoms,ekpi5m4,TubbyMarmot
ektaepw,GoodAtExplaining,ekpi5m4,TubbyMarmot
ekr850r,CaktusJacklynn,ekpi5m4,TubbyMarmot
eks1i30,Colonel-Yash,ekpi5m4,TubbyMarmot
ekqenis,Kameski,ekpxpxi,InkSymptoms
ektpuwz,fatcatsinhats,ektaepw,GoodAtExplaining
ektvk4u,,ekp8lu1,SBCrystal
ekuylkk,SBCrystal,ektvk4u,
ekq6d0e,IncendiaryIdea,ekpjic1,reddituserzerosix
ekr2es8,Sweetwill62,ekq6d0e,IncendiaryIdea
ekr618f,IncendiaryIdea,ekr2es8,Sweetwill62
ekr6wv6,Sweetwill62,ekr618f,IncendiaryIdea
ekr8elu,IncendiaryIdea,ekr6wv6,Sweetwill62
ekr8uyy,Sweetwill62,ekr8elu,IncendiaryIdea
ekpcvg0,susono,ekp6jnn,8976r7
ekteqi5,bmir88,ekstu3n,RedFireAlert
ekpz6wh,Hate_is_Heavy,ekpop2g,EmberHands
ekpq30l,MamaBear4485,ekpo1ry,AylaKittyCat
ekpuh5i,AylaKittyCat,ekpq30l,MamaBear4485
ekpw85j,MamaBear4485,ekpuh5i,AylaKittyCat
ekq3cus,AylaKittyCat,ekpw85j,MamaBear4485
ekqiknp,DJTen,ekq3cus,AylaKittyCat
ekqmbzx,AylaKittyCat,ekqiknp,DJTen
ekr9ljs,DJTen,ekqmbzx,AylaKittyCat
eksamb9,AylaKittyCat,ekr9ljs,DJTen
ekr4ejv,AltoRhombus,ekpo1ry,AylaKittyCat
ekr4fsp,AltoRhombus,ekpmkgg,FracturedAnt1
ekovsar,bmir88,ekou5xd,d06h0201
ekqrnqo,Undercover_Chimp,ekovsar,bmir88
ekqsp3m,bmir88,ekqrnqo,Undercover_Chimp
ekssyv8,superluminal,ekqsp3m,bmir88
ekq6cza,gizmodriver,ekou5xd,d06h0201
ekp7uyj,peabutjam,ekp7k1m,TwiceWritten
ekp7y7h,TwiceWritten,ekp7uyj,peabutjam
ekr5b11,trolloc1,ekp7y7h,TwiceWritten
ekpwlkx,Digaddog,ekp7k1m,TwiceWritten
ekp7ps8,Chakz,ekp7k1m,TwiceWritten
ekp7uvq,TwiceWritten,ekp7ps8,Chakz
ekpn1le,mjmjuh,ekp7uvq,TwiceWritten
ekp7x0o,Chakz,ekp7uvq,TwiceWritten
ekpr31c,rapaxus,ekpn1le,mjmjuh
ekq2v3d,iwantto-be-leave,ekp7k1m,TwiceWritten
ekq9s7r,ClimbAndMaintain0116,ekp7k1m,TwiceWritten
ekqbk4q,TwiceWritten,ekq9s7r,ClimbAndMaintain0116
ekpw0s6,Tylerjb4,ekp7k1m,TwiceWritten
ekpx1va,TwiceWritten,ekpw0s6,Tylerjb4
ekr004d,Sloppiestpusheen,ekpx1va,TwiceWritten
ekq7jwv,minigunman123,ekpx1va,TwiceWritten
ekqev2g,,ekpx1va,TwiceWritten
ekrb9ku,odajoana,ekr004d,Sloppiestpusheen
ekq7uyl,TwiceWritten,ekq7jwv,minigunman123
ekqfrf8,TwiceWritten,ekqev2g,
ekqvhs4,kosmotologist,ekp7k1m,TwiceWritten
ekpvu9t,pudinnhead,ekpsddb,_alelia_
eksudll,sarabjorks,ekpvu9t,pudinnhead
ekpxifc,SleetyCross,ekpsddb,_alelia_
ekpyw1j,_alelia_,ekpxifc,SleetyCross
eksmswz,37home_,ekq234p,TheQuietManUpNorth
eksropf,superluminal,ekq234p,TheQuietManUpNorth
eksuawr,ManaSyn,eksropf,superluminal
ekspyyw,smackfairy,ekrha9f,Dragonic_Prime
ekst302,lxpnh98_2,ekspyyw,smackfairy
eksyqj7,smackfairy,ekst302,lxpnh98_2
ekq7l3i,10FightingMayors,ekq6two,Spinnakerr
ekq7q5n,Spinnakerr,ekq7l3i,10FightingMayors
ekq7w5i,10FightingMayors,ekq7q5n,Spinnakerr
ekq4g3u,TobylovesPam,ekpxetk,Firhel
ekqatye,Firhel,ekq4g3u,TobylovesPam
ekriza1,daxforsnax,ekq0ptj,CockAssaurus-Sex
ekrk2a7,CockAssaurus-Sex,ekriza1,daxforsnax
ektsjwl,bmir88,ekrk2a7,CockAssaurus-Sex
ekpxeui,tagerR,ekps5cb,AssMustard
ekq3n8n,BernardoFerreira00,ekpxeui,tagerR
ekqnfgp,helenarosario,ekq3n8n,BernardoFerreira00
ekr4yxd,jpgquaresma,ekqnfgp,helenarosario
eksxkkk,iChugVodka,ekr1kdn,kindrudekid
ekqd7mx,russianvoodoo,ekq1df7,mideastmidwest
ekr8b8t,deedeemckee,ekqd7mx,russianvoodoo
ekqh45v,mideastmidwest,ekqd7mx,russianvoodoo
el6rz2o,foozballer,ekpxl5e,LandingSupport
ekpwuia,Bardimir,ekpvayj,RogueSpartan
ekpxpxi,InkSymptoms,ekpi5m4,TubbyMarmot
ekqenis,Kameski,ekpxpxi,InkSymptoms
ektaepw,GoodAtExplaining,ekpi5m4,TubbyMarmot
ektpuwz,fatcatsinhats,ektaepw,GoodAtExplaining
ekr850r,CaktusJacklynn,ekpi5m4,TubbyMarmot
eks1i30,Colonel-Yash,ekpi5m4,TubbyMarmot
ekuylkk,SBCrystal,ektvk4u,
ekr2es8,Sweetwill62,ekq6d0e,IncendiaryIdea
ekr618f,IncendiaryIdea,ekr2es8,Sweetwill62
ekr6wv6,Sweetwill62,ekr618f,IncendiaryIdea
ekr8elu,IncendiaryIdea,ekr6wv6,Sweetwill62
ekr8uyy,Sweetwill62,ekr8elu,IncendiaryIdea
ekpuh5i,AylaKittyCat,ekpq30l,MamaBear4485
ekpw85j,MamaBear4485,ekpuh5i,AylaKittyCat
ekq3cus,AylaKittyCat,ekpw85j,MamaBear4485
ekqiknp,DJTen,ekq3cus,AylaKittyCat
ekqmbzx,AylaKittyCat,ekqiknp,DJTen
ekr9ljs,DJTen,ekqmbzx,AylaKittyCat
eksamb9,AylaKittyCat,ekr9ljs,DJTen
ekqrnqo,Undercover_Chimp,ekovsar,bmir88
ekqsp3m,bmir88,ekqrnqo,Undercover_Chimp
ekssyv8,superluminal,ekqsp3m,bmir88
ekp7y7h,TwiceWritten,ekp7uyj,peabutjam
ekr5b11,trolloc1,ekp7y7h,TwiceWritten
ekp7uvq,TwiceWritten,ekp7ps8,Chakz
ekpn1le,mjmjuh,ekp7uvq,TwiceWritten
ekp7x0o,Chakz,ekp7uvq,TwiceWritten
ekpr31c,rapaxus,ekpn1le,mjmjuh
ekqbk4q,TwiceWritten,ekq9s7r,ClimbAndMaintain0116
ekpx1va,TwiceWritten,ekpw0s6,Tylerjb4
ekr004d,Sloppiestpusheen,ekpx1va,TwiceWritten
ekq7jwv,minigunman123,ekpx1va,TwiceWritten
ekqev2g,,ekpx1va,TwiceWritten
ekrb9ku,odajoana,ekr004d,Sloppiestpusheen
ekq7uyl,TwiceWritten,ekq7jwv,minigunman123
ekqfrf8,TwiceWritten,ekqev2g,
eksudll,sarabjorks,ekpvu9t,pudinnhead
ekpyw1j,_alelia_,ekpxifc,SleetyCross
eksuawr,ManaSyn,eksropf,superluminal
ekst302,lxpnh98_2,ekspyyw,smackfairy
eksyqj7,smackfairy,ekst302,lxpnh98_2
ekq7q5n,Spinnakerr,ekq7l3i,10FightingMayors
ekq7w5i,10FightingMayors,ekq7q5n,Spinnakerr
ekqatye,Firhel,ekq4g3u,TobylovesPam
ekrk2a7,CockAssaurus-Sex,ekriza1,daxforsnax
ektsjwl,bmir88,ekrk2a7,CockAssaurus-Sex
ekq3n8n,BernardoFerreira00,ekpxeui,tagerR
ekqnfgp,helenarosario,ekq3n8n,BernardoFerreira00
ekr4yxd,jpgquaresma,ekqnfgp,helenarosario
ekr8b8t,deedeemckee,ekqd7mx,russianvoodoo
ekqh45v,mideastmidwest,ekqd7mx,russianvoodoo
ekqenis,Kameski,ekpxpxi,InkSymptoms
ektpuwz,fatcatsinhats,ektaepw,GoodAtExplaining
ekr618f,IncendiaryIdea,ekr2es8,Sweetwill62
ekr6wv6,Sweetwill62,ekr618f,IncendiaryIdea
ekr8elu,IncendiaryIdea,ekr6wv6,Sweetwill62
ekr8uyy,Sweetwill62,ekr8elu,IncendiaryIdea
ekpw85j,MamaBear4485,ekpuh5i,AylaKittyCat
ekq3cus,AylaKittyCat,ekpw85j,MamaBear4485
ekqiknp,DJTen,ekq3cus,AylaKittyCat
ekqmbzx,AylaKittyCat,ekqiknp,DJTen
ekr9ljs,DJTen,ekqmbzx,AylaKittyCat
eksamb9,AylaKittyCat,ekr9ljs,DJTen
ekqsp3m,bmir88,ekqrnqo,Undercover_Chimp
ekssyv8,superluminal,ekqsp3m,bmir88
ekr5b11,trolloc1,ekp7y7h,TwiceWritten
ekpn1le,mjmjuh,ekp7uvq,TwiceWritten
ekpr31c,rapaxus,ekpn1le,mjmjuh
ekp7x0o,Chakz,ekp7uvq,TwiceWritten
ekr004d,Sloppiestpusheen,ekpx1va,TwiceWritten
ekrb9ku,odajoana,ekr004d,Sloppiestpusheen
ekq7jwv,minigunman123,ekpx1va,TwiceWritten
ekq7uyl,TwiceWritten,ekq7jwv,minigunman123
ekqev2g,,ekpx1va,TwiceWritten
ekqfrf8,TwiceWritten,ekqev2g,
eksyqj7,smackfairy,ekst302,lxpnh98_2
ekq7w5i,10FightingMayors,ekq7q5n,Spinnakerr
ektsjwl,bmir88,ekrk2a7,CockAssaurus-Sex
ekqnfgp,helenarosario,ekq3n8n,BernardoFerreira00
ekr4yxd,jpgquaresma,ekqnfgp,helenarosario
ekr6wv6,Sweetwill62,ekr618f,IncendiaryIdea
ekr8elu,IncendiaryIdea,ekr6wv6,Sweetwill62
ekr8uyy,Sweetwill62,ekr8elu,IncendiaryIdea
ekq3cus,AylaKittyCat,ekpw85j,MamaBear4485
ekqiknp,DJTen,ekq3cus,AylaKittyCat
ekqmbzx,AylaKittyCat,ekqiknp,DJTen
ekr9ljs,DJTen,ekqmbzx,AylaKittyCat
eksamb9,AylaKittyCat,ekr9ljs,DJTen
ekssyv8,superluminal,ekqsp3m,bmir88
ekpr31c,rapaxus,ekpn1le,mjmjuh
ekrb9ku,odajoana,ekr004d,Sloppiestpusheen
ekq7uyl,TwiceWritten,ekq7jwv,minigunman123
ekqfrf8,TwiceWritten,ekqev2g,
ekr4yxd,jpgquaresma,ekqnfgp,helenarosario
ekr8elu,IncendiaryIdea,ekr6wv6,Sweetwill62
ekr8uyy,Sweetwill62,ekr8elu,IncendiaryIdea
ekqiknp,DJTen,ekq3cus,AylaKittyCat
ekqmbzx,AylaKittyCat,ekqiknp,DJTen
ekr9ljs,DJTen,ekqmbzx,AylaKittyCat
eksamb9,AylaKittyCat,ekr9ljs,DJTen
ekr8uyy,Sweetwill62,ekr8elu,IncendiaryIdea
ekqmbzx,AylaKittyCat,ekqiknp,DJTen
ekr9ljs,DJTen,ekqmbzx,AylaKittyCat
eksamb9,AylaKittyCat,ekr9ljs,DJTen
ekr9ljs,DJTen,ekqmbzx,AylaKittyCat
eksamb9,AylaKittyCat,ekr9ljs,DJTen
eksamb9,AylaKittyCat,ekr9ljs,DJTen
ekp5van,AusCan531,bc9i3h,edestron
ekqhuhp,happilyboppinalong,ekp5van,AusCan531
ekpby94,noobie2017,ekp5van,AusCan531
ekpqwur,thisdwarf1794,ekpby94,noobie2017
ekpuovd,totaloutbreak,ekpqwur,thisdwarf1794
ekpxepy,jigglywiggly15,ekpuovd,totaloutbreak
ekoyq1h,MissPredicament,bc9i3h,edestron
ekpdtrc,N00neUkn0w,ekoyq1h,MissPredicament
ekpfst8,pleasefeedthedino,ekoyq1h,MissPredicament
ekp7c0z,Nubsan,ekoyq1h,MissPredicament
ekpjzwx,allectohassten,ekoyq1h,MissPredicament
ekpmkxn,rautankankut,ekpdtrc,N00neUkn0w
ekql06e,DingusMcGeePhD,ekpdtrc,N00neUkn0w
ekr28f0,SindySinn,ekpdtrc,N00neUkn0w
ekpkmih,herpaderpadont,ekpfst8,pleasefeedthedino
ekpqy3l,marilyn_morose,ekpfst8,pleasefeedthedino
ekpna2y,socialgadfly420,ekpfst8,pleasefeedthedino
ekprhhw,lesbian_czar,ekpfst8,pleasefeedthedino
ekplsv7,accio_doggo,ekpfst8,pleasefeedthedino
ekpy890,Diane9779,ekpfst8,pleasefeedthedino
ekq8gw8,pelizred,ekpmkxn,rautankankut
ekpljl4,The_Mechanist24,ekpkmih,herpaderpadont
ekpue4k,karmahorse1,ekpkmih,herpaderpadont
ekqe6o0,JamesTrendall,ekpqy3l,marilyn_morose
ekpsbcm,tjreess,ekpljl4,The_Mechanist24
ekpyawl,Krescan,ekpljl4,The_Mechanist24
ekp9cbe,annnaaan,bc9i3h,edestron
ekpvyer,savagepandabear,ekp9cbe,annnaaan
ekpinud,decaffed,ekp9cbe,annnaaan
ekqg2hd,Kottbullen,ekpvyer,savagepandabear
ekpho1m,VoE_Monkey_Overlord,bc9i3h,edestron
ekpnclp,Reddnekkid,ekpho1m,VoE_Monkey_Overlord
ekpn6ze,weaslecookie7,ekpho1m,VoE_Monkey_Overlord
ekqtoqd,Whatwillwebe,ekpho1m,VoE_Monkey_Overlord
ekq1j4a,LeanderMillenium,ekpnclp,Reddnekkid
ekqf1l3,Playmakermike,ekpnclp,Reddnekkid
ekqutxv,_bufflehead,ekpnclp,Reddnekkid
ekqjy2j,Reddnekkid,ekqf1l3,Playmakermike
ekp3e7t,YonderToad,bc9i3h,edestron
ekpj6u1,KurtAngus,ekp3e7t,YonderToad
ekotony,Rudi26,bc9i3h,edestron
ekoylsn,thndrstrk,ekotony,Rudi26
ekpptlv,TurdQuadratic,ekotony,Rudi26
ekpbv1t,DIrtyVendetta80,ekoylsn,thndrstrk
ekqmiav,voodoo_u,ekpptlv,TurdQuadratic
ekq7lti,merp_alert,ekpptlv,TurdQuadratic
ekp4yyz,Rock3t_Ninja,bc9i3h,edestron
ekpdgmu,Ravaen769,bc9i3h,edestron
ekphqc3,Tutts,ekpdgmu,Ravaen769
ekpsijx,,ekpdgmu,Ravaen769
ekq9gyt,3riversfantasy,ekphqc3,Tutts
ekqorpo,robbdire,ekphqc3,Tutts
ekq2wow,Nimveruke,ekpsijx,
ekotsax,cOnSumTs,bc9i3h,edestron
ekpw4w3,Shirye,ekotsax,cOnSumTs
ekscrse,K_S_Nixon,ekpw4w3,Shirye
ekp5wf8,flaystus,bc9i3h,edestron
ekpkhyk,apocoluster,ekp5wf8,flaystus
ekqfrus,Not_Reverse_Flash_,ekp5wf8,flaystus
ekq35l6,Nimveruke,ekpkhyk,apocoluster
ekp8j01,triskelios369,bc9i3h,edestron
ekpa54a,dijitaq,bc9i3h,edestron
ekqaowv,MoltenCorgi,ekpa54a,dijitaq
ekpb9eo,mider-span,bc9i3h,edestron
ekpbtzz,ohheyitsMegan,ekpb9eo,mider-span
ekpcmvl,aegis41,ekpb9eo,mider-span
ekpg7gy,zfive,bc9i3h,edestron
ekpmhff,Takodanachoochoo,ekpg7gy,zfive
ekpne1z,Reddnekkid,ekpg7gy,zfive
ekpo9qf,nootnoottoottoot,ekpne1z,Reddnekkid
ekoyp1y,thndrstrk,bc9i3h,edestron
ekp8fq4,megaweb,bc9i3h,edestron
ekpldjh,Ghost-Of-Nappa,ekp8fq4,megaweb
ekpf4vs,thememelord12390,ekp8fq4,megaweb
ekp8yvb,din0spam0ni,bc9i3h,edestron
ekoy4ov,Cajahope,bc9i3h,edestron
ekozdnm,SC2sam,ekoy4ov,Cajahope
ekpi62y,olderaccount,ekoy4ov,Cajahope
ekoykbm,JustBW,ekoy4ov,Cajahope
ekpcnui,EmbarrassedLock,ekoy4ov,Cajahope
ekpz3mv,sprkng,ekpi62y,olderaccount
ekqwr7i,Lesty7,ekpi62y,olderaccount
ekq34fj,TheSkyAndTheCosmos,ekpz3mv,sprkng
ekpxsmo,emf3rd31495,bc9i3h,edestron
ekpg4n1,TJ_McWeaksauce,bc9i3h,edestron
ekpmjic,ShaneoMc1989,bc9i3h,edestron
ekovoy9,Xyz_32111elf,bc9i3h,edestron
ekpcxog,CathyKeas,bc9i3h,edestron
ekouftc,isit2020yet-,bc9i3h,edestron
ekph51y,Ghigneos,bc9i3h,edestron
ekpqcyx,Burnham113,bc9i3h,edestron
ekoy4y1,-Palzon-,bc9i3h,edestron
ekp1836,HorrorMoviesYEET,ekoy4y1,-Palzon-
ekp6b2w,hailcharlaria,ekp1836,HorrorMoviesYEET
ekp6wm4,SusanForeman,ekp1836,HorrorMoviesYEET
ekp1xls,TuhTodayJr,ekp1836,HorrorMoviesYEET
ekp8zia,JimLaheysGhost,ekp6b2w,hailcharlaria
ekp94m5,smol_lebowski,ekp6b2w,hailcharlaria
ekp3hix,MGEESMAMMA,bc9i3h,edestron
ekpmz9e,Ti7ANEUM,bc9i3h,edestron
ekpqitu,KingKreeper17,ekpmz9e,Ti7ANEUM
ekpqkji,Ti7ANEUM,ekpqitu,KingKreeper17
ekptp9r,RainmanCT,ekpqkji,Ti7ANEUM
ekpwiwz,Ti7ANEUM,ekptp9r,RainmanCT
ekpxyte,RainmanCT,ekpwiwz,Ti7ANEUM
ekpztri,Ti7ANEUM,ekpxyte,RainmanCT
ekqcg9f,RainmanCT,ekpztri,Ti7ANEUM
ekqdf5a,Ti7ANEUM,ekqcg9f,RainmanCT
ekqeuww,RainmanCT,ekqdf5a,Ti7ANEUM
ekpyfam,youcantrytothink,bc9i3h,edestron
ekp7wy0,Calypsoobrian,bc9i3h,edestron
ekowwfa,OriginalWaterChamp,bc9i3h,edestron
ekpf8qi,asleepinthetreestand,bc9i3h,edestron
ekpo1az,originalchaosinabox,bc9i3h,edestron
ekpbp1m,Diazepampoovey,bc9i3h,edestron
ekpfpal,Allydarvel,bc9i3h,edestron
ekpj502,2assassin_fdgod2,bc9i3h,edestron
ekrr7oq,525600Pepes,ekpj502,2assassin_fdgod2
ekpvmeh,dangotang,bc9i3h,edestron
ekqj6q8,Props_angel,bc9i3h,edestron
ekpaq1t,EmbarrassedLock,bc9i3h,edestron
ekpceid,SadlySofjo,ekpaq1t,EmbarrassedLock
ekpasdz,Bustucka,bc9i3h,edestron
ekpeeox,Zerathios,bc9i3h,edestron
ekpfvh4,Urgentsubset,bc9i3h,edestron
ekpkjpr,apocoluster,bc9i3h,edestron
ekplsei,manoverboard5702,bc9i3h,edestron
ekpmi0y,dockows412,bc9i3h,edestron
ekpppx6,Brewlay79,bc9i3h,edestron
ekppy3a,Irrelaphant,bc9i3h,edestron
ekpqdrf,chwisdeen,bc9i3h,edestron
ekpqi2v,sabret00the,ekpqdrf,chwisdeen
ekprc92,redoilokie,bc9i3h,edestron
ekpsvnt,Tar_Palantir,bc9i3h,edestron
ekpsys2,_Cchandler_,bc9i3h,edestron
ekpsz44,La2philly,bc9i3h,edestron
ekpt95w,RainmanCT,bc9i3h,edestron
ekptpl5,Generic_Pete,bc9i3h,edestron
ekptt09,anoymous-bitch2019,bc9i3h,edestron
ekptykr,Wisestfish,bc9i3h,edestron
ekpufwq,tylercreatesworlds,bc9i3h,edestron
ekpuikh,I_like_beans_42,bc9i3h,edestron
ekpv1g6,iFlyAllTheTime,bc9i3h,edestron
ekpvax0,JohnnyLoots,bc9i3h,edestron
ekpyilz,Sparkyonyachts,bc9i3h,edestron
ekq0b1y,beepboopbob5,bc9i3h,edestron
ekq18aq,sticklord12,bc9i3h,edestron
ekq2634,rellim1022,bc9i3h,edestron
ekq26co,payphoneontheside,bc9i3h,edestron
ekq87ag,puns-n-roses,bc9i3h,edestron
ekq8taw,Sweetanomaly12,bc9i3h,edestron
ekq94d6,CutLikeAPotato,bc9i3h,edestron
ekqgbn7,WeakM1nD,bc9i3h,edestron
ekqi2t5,keikei56,bc9i3h,edestron
ekqi82w,viperswhip,bc9i3h,edestron
ekqj2bu,Grumpy0gre,bc9i3h,edestron
ekqjxhw,Ngh21,bc9i3h,edestron
ekqm3df,Tog1e,bc9i3h,edestron
ekqo7ps,roblee3181,bc9i3h,edestron
ekqqyba,ld2gj,bc9i3h,edestron
ekqugvw,amItheLoon,bc9i3h,edestron
ekqweqq,cbunni666,bc9i3h,edestron
ekqwt5v,PotatoInYourRoom,bc9i3h,edestron
ekqwzt0,MisterTatoHead,bc9i3h,edestron
ekrb859,AbjectPandora,bc9i3h,edestron
ekrbrsf,Gremaldus,bc9i3h,edestron
ekrc7l7,SeSSioN117,bc9i3h,edestron
ekp89ck,edee160,bc9i3h,edestron
ekpa24y,Wutz_appenin,bc9i3h,edestron
ekpek17,HBCD215,bc9i3h,edestron
ekpezh1,whatsariho,bc9i3h,edestron
ekp3wnd,grapereader,bc9i3h,edestron
ekpajc6,,ekp3wnd,grapereader
ekpallz,ThisFatGirlRuns,bc9i3h,edestron
ekpcxvl,CathyKeas,bc9i3h,edestron
ekpdc4a,Aetrion,bc9i3h,edestron
ekpej16,Ozimandius,ekpdc4a,Aetrion
ekpdwbg,SludgeVohaul,ekpdc4a,Aetrion
ekpeiwo,eneeidiot,ekpdc4a,Aetrion
ekprfvb,KingKreeper17,ekpdc4a,Aetrion
ekqmfef,SternumofDoom,ekpdc4a,Aetrion
ekpeshp,Aetrion,ekpej16,Ozimandius
ekpefxe,Aetrion,ekpdwbg,SludgeVohaul
ekpev6c,Aetrion,ekpeiwo,eneeidiot
ekpjt9s,Ozimandius,ekpeshp,Aetrion
ekpfs13,eneeidiot,ekpev6c,Aetrion
ekqhaxy,Aetrion,ekpjt9s,Ozimandius
ekqhphz,Aetrion,ekpfs13,eneeidiot
ekqigtv,Ozimandius,ekqhaxy,Aetrion
ekql7f0,eneeidiot,ekqhphz,Aetrion
ekqobde,Aetrion,ekqigtv,Ozimandius
ekpminr,JustTellTheTruthDude,bc9i3h,edestron
ekpmzqi,whenthericeisready,ekpminr,JustTellTheTruthDude
ekpqjya,KingKreeper17,ekpminr,JustTellTheTruthDude
ekq9qt3,JustTellTheTruthDude,ekpmzqi,whenthericeisready
ekq93gm,JustTellTheTruthDude,ekpqjya,KingKreeper17
ekql35b,SternumofDoom,ekq93gm,JustTellTheTruthDude
ekpfqxk,MelonFag,bc9i3h,edestron
ekpqo87,KingKreeper17,ekpfqxk,MelonFag
ekqhuhp,happilyboppinalong,ekp5van,AusCan531
ekpby94,noobie2017,ekp5van,AusCan531
ekpqwur,thisdwarf1794,ekpby94,noobie2017
ekpuovd,totaloutbreak,ekpqwur,thisdwarf1794
ekpxepy,jigglywiggly15,ekpuovd,totaloutbreak
ekpdtrc,N00neUkn0w,ekoyq1h,MissPredicament
ekpmkxn,rautankankut,ekpdtrc,N00neUkn0w
ekql06e,DingusMcGeePhD,ekpdtrc,N00neUkn0w
ekr28f0,SindySinn,ekpdtrc,N00neUkn0w
ekq8gw8,pelizred,ekpmkxn,rautankankut
ekpfst8,pleasefeedthedino,ekoyq1h,MissPredicament
ekpkmih,herpaderpadont,ekpfst8,pleasefeedthedino
ekpqy3l,marilyn_morose,ekpfst8,pleasefeedthedino
ekpna2y,socialgadfly420,ekpfst8,pleasefeedthedino
ekprhhw,lesbian_czar,ekpfst8,pleasefeedthedino
ekplsv7,accio_doggo,ekpfst8,pleasefeedthedino
ekpy890,Diane9779,ekpfst8,pleasefeedthedino
ekpljl4,The_Mechanist24,ekpkmih,herpaderpadont
ekpue4k,karmahorse1,ekpkmih,herpaderpadont
ekqe6o0,JamesTrendall,ekpqy3l,marilyn_morose
ekpsbcm,tjreess,ekpljl4,The_Mechanist24
ekpyawl,Krescan,ekpljl4,The_Mechanist24
ekp7c0z,Nubsan,ekoyq1h,MissPredicament
ekpjzwx,allectohassten,ekoyq1h,MissPredicament
ekpvyer,savagepandabear,ekp9cbe,annnaaan
ekqg2hd,Kottbullen,ekpvyer,savagepandabear
ekpinud,decaffed,ekp9cbe,annnaaan
ekpnclp,Reddnekkid,ekpho1m,VoE_Monkey_Overlord
ekq1j4a,LeanderMillenium,ekpnclp,Reddnekkid
ekqf1l3,Playmakermike,ekpnclp,Reddnekkid
ekqutxv,_bufflehead,ekpnclp,Reddnekkid
ekqjy2j,Reddnekkid,ekqf1l3,Playmakermike
ekpn6ze,weaslecookie7,ekpho1m,VoE_Monkey_Overlord
ekqtoqd,Whatwillwebe,ekpho1m,VoE_Monkey_Overlord
ekpj6u1,KurtAngus,ekp3e7t,YonderToad
ekoylsn,thndrstrk,ekotony,Rudi26
ekpbv1t,DIrtyVendetta80,ekoylsn,thndrstrk
ekpptlv,TurdQuadratic,ekotony,Rudi26
ekqmiav,voodoo_u,ekpptlv,TurdQuadratic
ekq7lti,merp_alert,ekpptlv,TurdQuadratic
ekphqc3,Tutts,ekpdgmu,Ravaen769
ekq9gyt,3riversfantasy,ekphqc3,Tutts
ekqorpo,robbdire,ekphqc3,Tutts
ekpsijx,,ekpdgmu,Ravaen769
ekq2wow,Nimveruke,ekpsijx,
ekpw4w3,Shirye,ekotsax,cOnSumTs
ekscrse,K_S_Nixon,ekpw4w3,Shirye
ekpkhyk,apocoluster,ekp5wf8,flaystus
ekq35l6,Nimveruke,ekpkhyk,apocoluster
ekqfrus,Not_Reverse_Flash_,ekp5wf8,flaystus
ekqaowv,MoltenCorgi,ekpa54a,dijitaq
ekpbtzz,ohheyitsMegan,ekpb9eo,mider-span
ekpcmvl,aegis41,ekpb9eo,mider-span
ekpmhff,Takodanachoochoo,ekpg7gy,zfive
ekpne1z,Reddnekkid,ekpg7gy,zfive
ekpo9qf,nootnoottoottoot,ekpne1z,Reddnekkid
ekpldjh,Ghost-Of-Nappa,ekp8fq4,megaweb
ekpf4vs,thememelord12390,ekp8fq4,megaweb
ekozdnm,SC2sam,ekoy4ov,Cajahope
ekpi62y,olderaccount,ekoy4ov,Cajahope
ekpz3mv,sprkng,ekpi62y,olderaccount
ekqwr7i,Lesty7,ekpi62y,olderaccount
ekq34fj,TheSkyAndTheCosmos,ekpz3mv,sprkng
ekoykbm,JustBW,ekoy4ov,Cajahope
ekpcnui,EmbarrassedLock,ekoy4ov,Cajahope
ekp1836,HorrorMoviesYEET,ekoy4y1,-Palzon-
ekp6b2w,hailcharlaria,ekp1836,HorrorMoviesYEET
ekp6wm4,SusanForeman,ekp1836,HorrorMoviesYEET
ekp1xls,TuhTodayJr,ekp1836,HorrorMoviesYEET
ekp8zia,JimLaheysGhost,ekp6b2w,hailcharlaria
ekp94m5,smol_lebowski,ekp6b2w,hailcharlaria
ekpqitu,KingKreeper17,ekpmz9e,Ti7ANEUM
ekpqkji,Ti7ANEUM,ekpqitu,KingKreeper17
ekptp9r,RainmanCT,ekpqkji,Ti7ANEUM
ekpwiwz,Ti7ANEUM,ekptp9r,RainmanCT
ekpxyte,RainmanCT,ekpwiwz,Ti7ANEUM
ekpztri,Ti7ANEUM,ekpxyte,RainmanCT
ekqcg9f,RainmanCT,ekpztri,Ti7ANEUM
ekqdf5a,Ti7ANEUM,ekqcg9f,RainmanCT
ekqeuww,RainmanCT,ekqdf5a,Ti7ANEUM
ekrr7oq,525600Pepes,ekpj502,2assassin_fdgod2
ekpceid,SadlySofjo,ekpaq1t,EmbarrassedLock
ekpqi2v,sabret00the,ekpqdrf,chwisdeen
ekpajc6,,ekp3wnd,grapereader
ekpej16,Ozimandius,ekpdc4a,Aetrion
ekpeshp,Aetrion,ekpej16,Ozimandius
ekpjt9s,Ozimandius,ekpeshp,Aetrion
ekqhaxy,Aetrion,ekpjt9s,Ozimandius
ekqigtv,Ozimandius,ekqhaxy,Aetrion
ekqobde,Aetrion,ekqigtv,Ozimandius
ekpdwbg,SludgeVohaul,ekpdc4a,Aetrion
ekpefxe,Aetrion,ekpdwbg,SludgeVohaul
ekpeiwo,eneeidiot,ekpdc4a,Aetrion
ekpev6c,Aetrion,ekpeiwo,eneeidiot
ekpfs13,eneeidiot,ekpev6c,Aetrion
ekqhphz,Aetrion,ekpfs13,eneeidiot
ekql7f0,eneeidiot,ekqhphz,Aetrion
ekprfvb,KingKreeper17,ekpdc4a,Aetrion
ekqmfef,SternumofDoom,ekpdc4a,Aetrion
ekpmzqi,whenthericeisready,ekpminr,JustTellTheTruthDude
ekq9qt3,JustTellTheTruthDude,ekpmzqi,whenthericeisready
ekpqjya,KingKreeper17,ekpminr,JustTellTheTruthDude
ekq93gm,JustTellTheTruthDude,ekpqjya,KingKreeper17
ekql35b,SternumofDoom,ekq93gm,JustTellTheTruthDude
ekpqo87,KingKreeper17,ekpfqxk,MelonFag
ekpqwur,thisdwarf1794,ekpby94,noobie2017
ekpuovd,totaloutbreak,ekpqwur,thisdwarf1794
ekpxepy,jigglywiggly15,ekpuovd,totaloutbreak
ekpmkxn,rautankankut,ekpdtrc,N00neUkn0w
ekq8gw8,pelizred,ekpmkxn,rautankankut
ekql06e,DingusMcGeePhD,ekpdtrc,N00neUkn0w
ekr28f0,SindySinn,ekpdtrc,N00neUkn0w
ekpkmih,herpaderpadont,ekpfst8,pleasefeedthedino
ekpljl4,The_Mechanist24,ekpkmih,herpaderpadont
ekpue4k,karmahorse1,ekpkmih,herpaderpadont
ekpsbcm,tjreess,ekpljl4,The_Mechanist24
ekpyawl,Krescan,ekpljl4,The_Mechanist24
ekpqy3l,marilyn_morose,ekpfst8,pleasefeedthedino
ekqe6o0,JamesTrendall,ekpqy3l,marilyn_morose
ekpna2y,socialgadfly420,ekpfst8,pleasefeedthedino
ekprhhw,lesbian_czar,ekpfst8,pleasefeedthedino
ekplsv7,accio_doggo,ekpfst8,pleasefeedthedino
ekpy890,Diane9779,ekpfst8,pleasefeedthedino
ekqg2hd,Kottbullen,ekpvyer,savagepandabear
ekq1j4a,LeanderMillenium,ekpnclp,Reddnekkid
ekqf1l3,Playmakermike,ekpnclp,Reddnekkid
ekqjy2j,Reddnekkid,ekqf1l3,Playmakermike
ekqutxv,_bufflehead,ekpnclp,Reddnekkid
ekpbv1t,DIrtyVendetta80,ekoylsn,thndrstrk
ekqmiav,voodoo_u,ekpptlv,TurdQuadratic
ekq7lti,merp_alert,ekpptlv,TurdQuadratic
ekq9gyt,3riversfantasy,ekphqc3,Tutts
ekqorpo,robbdire,ekphqc3,Tutts
ekq2wow,Nimveruke,ekpsijx,
ekscrse,K_S_Nixon,ekpw4w3,Shirye
ekq35l6,Nimveruke,ekpkhyk,apocoluster
ekpo9qf,nootnoottoottoot,ekpne1z,Reddnekkid
ekpz3mv,sprkng,ekpi62y,olderaccount
ekq34fj,TheSkyAndTheCosmos,ekpz3mv,sprkng
ekqwr7i,Lesty7,ekpi62y,olderaccount
ekp6b2w,hailcharlaria,ekp1836,HorrorMoviesYEET
ekp8zia,JimLaheysGhost,ekp6b2w,hailcharlaria
ekp94m5,smol_lebowski,ekp6b2w,hailcharlaria
ekp6wm4,SusanForeman,ekp1836,HorrorMoviesYEET
ekp1xls,TuhTodayJr,ekp1836,HorrorMoviesYEET
ekpqkji,Ti7ANEUM,ekpqitu,KingKreeper17
ekptp9r,RainmanCT,ekpqkji,Ti7ANEUM
ekpwiwz,Ti7ANEUM,ekptp9r,RainmanCT
ekpxyte,RainmanCT,ekpwiwz,Ti7ANEUM
ekpztri,Ti7ANEUM,ekpxyte,RainmanCT
ekqcg9f,RainmanCT,ekpztri,Ti7ANEUM
ekqdf5a,Ti7ANEUM,ekqcg9f,RainmanCT
ekqeuww,RainmanCT,ekqdf5a,Ti7ANEUM
ekpeshp,Aetrion,ekpej16,Ozimandius
ekpjt9s,Ozimandius,ekpeshp,Aetrion
ekqhaxy,Aetrion,ekpjt9s,Ozimandius
ekqigtv,Ozimandius,ekqhaxy,Aetrion
ekqobde,Aetrion,ekqigtv,Ozimandius
ekpefxe,Aetrion,ekpdwbg,SludgeVohaul
ekpev6c,Aetrion,ekpeiwo,eneeidiot
ekpfs13,eneeidiot,ekpev6c,Aetrion
ekqhphz,Aetrion,ekpfs13,eneeidiot
ekql7f0,eneeidiot,ekqhphz,Aetrion
ekq9qt3,JustTellTheTruthDude,ekpmzqi,whenthericeisready
ekq93gm,JustTellTheTruthDude,ekpqjya,KingKreeper17
ekql35b,SternumofDoom,ekq93gm,JustTellTheTruthDude
ekpuovd,totaloutbreak,ekpqwur,thisdwarf1794
ekpxepy,jigglywiggly15,ekpuovd,totaloutbreak
ekq8gw8,pelizred,ekpmkxn,rautankankut
ekpljl4,The_Mechanist24,ekpkmih,herpaderpadont
ekpsbcm,tjreess,ekpljl4,The_Mechanist24
ekpyawl,Krescan,ekpljl4,The_Mechanist24
ekpue4k,karmahorse1,ekpkmih,herpaderpadont
ekqe6o0,JamesTrendall,ekpqy3l,marilyn_morose
ekqjy2j,Reddnekkid,ekqf1l3,Playmakermike
ekq34fj,TheSkyAndTheCosmos,ekpz3mv,sprkng
ekp8zia,JimLaheysGhost,ekp6b2w,hailcharlaria
ekp94m5,smol_lebowski,ekp6b2w,hailcharlaria
ekptp9r,RainmanCT,ekpqkji,Ti7ANEUM
ekpwiwz,Ti7ANEUM,ekptp9r,RainmanCT
ekpxyte,RainmanCT,ekpwiwz,Ti7ANEUM
ekpztri,Ti7ANEUM,ekpxyte,RainmanCT
ekqcg9f,RainmanCT,ekpztri,Ti7ANEUM
ekqdf5a,Ti7ANEUM,ekqcg9f,RainmanCT
ekqeuww,RainmanCT,ekqdf5a,Ti7ANEUM
ekpjt9s,Ozimandius,ekpeshp,Aetrion
ekqhaxy,Aetrion,ekpjt9s,Ozimandius
ekqigtv,Ozimandius,ekqhaxy,Aetrion
ekqobde,Aetrion,ekqigtv,Ozimandius
ekpfs13,eneeidiot,ekpev6c,Aetrion
ekqhphz,Aetrion,ekpfs13,eneeidiot
ekql7f0,eneeidiot,ekqhphz,Aetrion
ekql35b,SternumofDoom,ekq93gm,JustTellTheTruthDude
ekpxepy,jigglywiggly15,ekpuovd,totaloutbreak
ekpsbcm,tjreess,ekpljl4,The_Mechanist24
ekpyawl,Krescan,ekpljl4,The_Mechanist24
ekpwiwz,Ti7ANEUM,ekptp9r,RainmanCT
ekpxyte,RainmanCT,ekpwiwz,Ti7ANEUM
ekpztri,Ti7ANEUM,ekpxyte,RainmanCT
ekqcg9f,RainmanCT,ekpztri,Ti7ANEUM
ekqdf5a,Ti7ANEUM,ekqcg9f,RainmanCT
ekqeuww,RainmanCT,ekqdf5a,Ti7ANEUM
ekqhaxy,Aetrion,ekpjt9s,Ozimandius
ekqigtv,Ozimandius,ekqhaxy,Aetrion
ekqobde,Aetrion,ekqigtv,Ozimandius
ekqhphz,Aetrion,ekpfs13,eneeidiot
ekql7f0,eneeidiot,ekqhphz,Aetrion
ekpxyte,RainmanCT,ekpwiwz,Ti7ANEUM
ekpztri,Ti7ANEUM,ekpxyte,RainmanCT
ekqcg9f,RainmanCT,ekpztri,Ti7ANEUM
ekqdf5a,Ti7ANEUM,ekqcg9f,RainmanCT
ekqeuww,RainmanCT,ekqdf5a,Ti7ANEUM
ekqigtv,Ozimandius,ekqhaxy,Aetrion
ekqobde,Aetrion,ekqigtv,Ozimandius
ekql7f0,eneeidiot,ekqhphz,Aetrion
ekpztri,Ti7ANEUM,ekpxyte,RainmanCT
ekqcg9f,RainmanCT,ekpztri,Ti7ANEUM
ekqdf5a,Ti7ANEUM,ekqcg9f,RainmanCT
ekqeuww,RainmanCT,ekqdf5a,Ti7ANEUM
ekqobde,Aetrion,ekqigtv,Ozimandius
ekqcg9f,RainmanCT,ekpztri,Ti7ANEUM
ekqdf5a,Ti7ANEUM,ekqcg9f,RainmanCT
ekqeuww,RainmanCT,ekqdf5a,Ti7ANEUM
ekqdf5a,Ti7ANEUM,ekqcg9f,RainmanCT
ekqeuww,RainmanCT,ekqdf5a,Ti7ANEUM
ekqeuww,RainmanCT,ekqdf5a,Ti7ANEUM
ekozdco,trashman212,bc98o5,njoker555
ekpdnx1,SchnoodleDoodleDo,ekozdco,trashman212
ekpaab3,TalosGuide,ekozdco,trashman212
ekpbjp3,Akathikor,ekozdco,trashman212
ekr15ib,barry922,ekozdco,trashman212
ekpf0ar,other_usernames_gone,ekozdco,trashman212
ekpkdda,heckin_chill_4_a_sec,ekpdnx1,SchnoodleDoodleDo
ekpq185,Krinks1,ekpf0ar,other_usernames_gone
ekov1lh,beerandacurry,bc98o5,njoker555
ekovb37,njoker555,ekov1lh,beerandacurry
ekpa275,moomoosa,ekov1lh,beerandacurry
ekpeh12,SchnoodleDoodleDo,ekov1lh,beerandacurry
ekp4tgi,Genesis111112,ekov1lh,beerandacurry
ekqf89m,Beeralwayslies,ekov1lh,beerandacurry
ekp5hh5,Fenzke,ekovb37,njoker555
ekq8778,huskerphresh,ekovb37,njoker555
ekphxdf,S_words_for_100,ekpa275,moomoosa
ekpwp1i,njoker555,ekpeh12,SchnoodleDoodleDo
ekq2pfe,njoker555,ekp5hh5,Fenzke
ekoys94,Kytescall,bc98o5,njoker555
ekp8gau,NotMrMike,ekoys94,Kytescall
ekp4bs6,Olsky,ekoys94,Kytescall
ekpc3yl,birdsareturds,ekoys94,Kytescall
ekplzrp,HelmutHoffman,ekp8gau,NotMrMike
ekp6amt,GiveMeCheesecake,ekp4bs6,Olsky
ekqmwt2,masarose,ekp4bs6,Olsky
ekpczx7,hal_potter_seven,ekpc3yl,birdsareturds
ekpbdly,linusadler,ekp6amt,GiveMeCheesecake
ekowrvu,Taricool777,bc98o5,njoker555
ekp4ul7,-SoulFlower-,ekowrvu,Taricool777
ekpacbo,EmbarrassedLock,ekp4ul7,-SoulFlower-
ekpsvso,dodoroach,ekpacbo,EmbarrassedLock
ekov0ef,memes_like_tendiesyt,bc98o5,njoker555
ekp6bc9,Lostpurplepen,bc98o5,njoker555
ekoye4x,chiemi02,bc98o5,njoker555
ekp7xpa,NotMrMike,ekoye4x,chiemi02
ekp9olf,R_i_o_m_a_a,ekoye4x,chiemi02
ekpdb3d,ladyangua,ekoye4x,chiemi02
ekq7qc8,Mr_Elroy_Jetson,ekp7xpa,NotMrMike
ekpk8vh,Nixie9,ekpdb3d,ladyangua
ekpnfwr,ladyangua,ekpk8vh,Nixie9
ekpcxxn,oopsiefoop,bc98o5,njoker555
ekpapa9,heyzeto,bc98o5,njoker555
ekq3u0e,njoker555,ekpapa9,heyzeto
ekoxw6n,Adamant_Narwhal,bc98o5,njoker555
ekp7mi5,jlt6666,ekoxw6n,Adamant_Narwhal
ekp1qsu,jaxolotle,ekoxw6n,Adamant_Narwhal
ekpetyx,exhaustedpiglet,bc98o5,njoker555
ekpwo8u,Mort_Twain,bc98o5,njoker555
ekq2tvk,njoker555,ekpwo8u,Mort_Twain
ekpa986,darknightdaughter,bc98o5,njoker555
ekp4vap,astrL_,bc98o5,njoker555
ekp0gkr,theoldmaid,bc98o5,njoker555
ekp74ik,etherealesoterica,bc98o5,njoker555
ekpgfnt,evoc2911,bc98o5,njoker555
ekp6yaj,CharlieQuest,bc98o5,njoker555
ekpb1kt,TNS72,bc98o5,njoker555
ekpbeqx,AnnaBortion26,bc98o5,njoker555
ekpbfgk,xplicit_mike,bc98o5,njoker555
ekpbpyz,Lavish_Parakeet,bc98o5,njoker555
ekpgcw3,NastyPeachofGermany,bc98o5,njoker555
ekpjdq1,chicken_router,bc98o5,njoker555
ekpjzdd,Fraisinette74,bc98o5,njoker555
ekpkfna,Konvic21,bc98o5,njoker555
ekpkiko,ConkBepis,bc98o5,njoker555
ekpkzok,FATHER_OF_GIRTH,bc98o5,njoker555
ekplbll,entiretysa,bc98o5,njoker555
ekr8cdy,njoker555,ekplbll,entiretysa
ekpml6z,zaggiethecat,bc98o5,njoker555
ekr73zw,njoker555,ekpml6z,zaggiethecat
ekpmu75,TheLocalSlav,bc98o5,njoker555
ekpo0ss,k_spencer,bc98o5,njoker555
ekpo24h,Ody_Mandrell,bc98o5,njoker555
elxb4u6,Perthy25,ekpo24h,Ody_Mandrell
elxd1kg,Ody_Mandrell,elxb4u6,Perthy25
elxs2ua,Perthy25,elxd1kg,Ody_Mandrell
ekpqq9p,motherOfDovahs,bc98o5,njoker555
ekr8ar2,njoker555,ekpqq9p,motherOfDovahs
eksjjpv,motherOfDovahs,ekr8ar2,njoker555
eksnhia,njoker555,eksjjpv,motherOfDovahs
ekpr159,an0maly33,bc98o5,njoker555
ekpsdmn,GrouchyMeasurement,bc98o5,njoker555
ekptjx4,faster_leonard_cohen,bc98o5,njoker555
ekpw366,Gardwan,bc98o5,njoker555
ekq0zin,Bummel1996,bc98o5,njoker555
ekq7jys,Ivy-Toadfoot,bc98o5,njoker555
ekq7y3j,OrionFineArt,bc98o5,njoker555
ekr83lo,njoker555,ekq7y3j,OrionFineArt
ekqhca6,theJacken,bc98o5,njoker555
ekr81zp,njoker555,ekqhca6,theJacken
ekqk9fy,Ploobul,bc98o5,njoker555
ekqlyr3,stormwillow,bc98o5,njoker555
ekqmcv0,Sapphaholic,bc98o5,njoker555
ekr7x0j,njoker555,ekqmcv0,Sapphaholic
ekqoh0l,AkumaKura,bc98o5,njoker555
ekr7tuj,njoker555,ekqoh0l,AkumaKura
ekrn8vv,AkumaKura,ekr7tuj,njoker555
ekr336z,MrsHoran0516,bc98o5,njoker555
ekr47ma,KitKeating,bc98o5,njoker555
ekrb0a1,Psychological2267,bc98o5,njoker555
ekrucuj,solidsnack5,bc98o5,njoker555
ekrv2ge,njoker555,ekrucuj,solidsnack5
ekp27ws,DaDirewolf,bc98o5,njoker555
ekpx42k,valjean94,bc98o5,njoker555
ekpxbno,Glide08,bc98o5,njoker555
ekpxe90,lantern_apocalypse,bc98o5,njoker555
ekpdnx1,SchnoodleDoodleDo,ekozdco,trashman212
ekpkdda,heckin_chill_4_a_sec,ekpdnx1,SchnoodleDoodleDo
ekpaab3,TalosGuide,ekozdco,trashman212
ekpbjp3,Akathikor,ekozdco,trashman212
ekr15ib,barry922,ekozdco,trashman212
ekpf0ar,other_usernames_gone,ekozdco,trashman212
ekpq185,Krinks1,ekpf0ar,other_usernames_gone
ekovb37,njoker555,ekov1lh,beerandacurry
ekp5hh5,Fenzke,ekovb37,njoker555
ekq8778,huskerphresh,ekovb37,njoker555
ekq2pfe,njoker555,ekp5hh5,Fenzke
ekpa275,moomoosa,ekov1lh,beerandacurry
ekphxdf,S_words_for_100,ekpa275,moomoosa
ekpeh12,SchnoodleDoodleDo,ekov1lh,beerandacurry
ekpwp1i,njoker555,ekpeh12,SchnoodleDoodleDo
ekp4tgi,Genesis111112,ekov1lh,beerandacurry
ekqf89m,Beeralwayslies,ekov1lh,beerandacurry
ekp8gau,NotMrMike,ekoys94,Kytescall
ekplzrp,HelmutHoffman,ekp8gau,NotMrMike
ekp4bs6,Olsky,ekoys94,Kytescall
ekp6amt,GiveMeCheesecake,ekp4bs6,Olsky
ekqmwt2,masarose,ekp4bs6,Olsky
ekpbdly,linusadler,ekp6amt,GiveMeCheesecake
ekpc3yl,birdsareturds,ekoys94,Kytescall
ekpczx7,hal_potter_seven,ekpc3yl,birdsareturds
ekp4ul7,-SoulFlower-,ekowrvu,Taricool777
ekpacbo,EmbarrassedLock,ekp4ul7,-SoulFlower-
ekpsvso,dodoroach,ekpacbo,EmbarrassedLock
ekp7xpa,NotMrMike,ekoye4x,chiemi02
ekq7qc8,Mr_Elroy_Jetson,ekp7xpa,NotMrMike
ekp9olf,R_i_o_m_a_a,ekoye4x,chiemi02
ekpdb3d,ladyangua,ekoye4x,chiemi02
ekpk8vh,Nixie9,ekpdb3d,ladyangua
ekpnfwr,ladyangua,ekpk8vh,Nixie9
ekq3u0e,njoker555,ekpapa9,heyzeto
ekp7mi5,jlt6666,ekoxw6n,Adamant_Narwhal
ekp1qsu,jaxolotle,ekoxw6n,Adamant_Narwhal
ekq2tvk,njoker555,ekpwo8u,Mort_Twain
ekr8cdy,njoker555,ekplbll,entiretysa
ekr73zw,njoker555,ekpml6z,zaggiethecat
elxb4u6,Perthy25,ekpo24h,Ody_Mandrell
elxd1kg,Ody_Mandrell,elxb4u6,Perthy25
elxs2ua,Perthy25,elxd1kg,Ody_Mandrell
ekr8ar2,njoker555,ekpqq9p,motherOfDovahs
eksjjpv,motherOfDovahs,ekr8ar2,njoker555
eksnhia,njoker555,eksjjpv,motherOfDovahs
ekr83lo,njoker555,ekq7y3j,OrionFineArt
ekr81zp,njoker555,ekqhca6,theJacken
ekr7x0j,njoker555,ekqmcv0,Sapphaholic
ekr7tuj,njoker555,ekqoh0l,AkumaKura
ekrn8vv,AkumaKura,ekr7tuj,njoker555
ekrv2ge,njoker555,ekrucuj,solidsnack5
ekpkdda,heckin_chill_4_a_sec,ekpdnx1,SchnoodleDoodleDo
ekpq185,Krinks1,ekpf0ar,other_usernames_gone
ekp5hh5,Fenzke,ekovb37,njoker555
ekq2pfe,njoker555,ekp5hh5,Fenzke
ekq8778,huskerphresh,ekovb37,njoker555
ekphxdf,S_words_for_100,ekpa275,moomoosa
ekpwp1i,njoker555,ekpeh12,SchnoodleDoodleDo
ekplzrp,HelmutHoffman,ekp8gau,NotMrMike
ekp6amt,GiveMeCheesecake,ekp4bs6,Olsky
ekpbdly,linusadler,ekp6amt,GiveMeCheesecake
ekqmwt2,masarose,ekp4bs6,Olsky
ekpczx7,hal_potter_seven,ekpc3yl,birdsareturds
ekpacbo,EmbarrassedLock,ekp4ul7,-SoulFlower-
ekpsvso,dodoroach,ekpacbo,EmbarrassedLock
ekq7qc8,Mr_Elroy_Jetson,ekp7xpa,NotMrMike
ekpk8vh,Nixie9,ekpdb3d,ladyangua
ekpnfwr,ladyangua,ekpk8vh,Nixie9
elxd1kg,Ody_Mandrell,elxb4u6,Perthy25
elxs2ua,Perthy25,elxd1kg,Ody_Mandrell
eksjjpv,motherOfDovahs,ekr8ar2,njoker555
eksnhia,njoker555,eksjjpv,motherOfDovahs
ekrn8vv,AkumaKura,ekr7tuj,njoker555
ekq2pfe,njoker555,ekp5hh5,Fenzke
ekpbdly,linusadler,ekp6amt,GiveMeCheesecake
ekpsvso,dodoroach,ekpacbo,EmbarrassedLock
ekpnfwr,ladyangua,ekpk8vh,Nixie9
elxs2ua,Perthy25,elxd1kg,Ody_Mandrell
eksnhia,njoker555,eksjjpv,motherOfDovahs
ekozdco,trashman212,bc98o5,njoker555
ekpdnx1,SchnoodleDoodleDo,ekozdco,trashman212
ekpaab3,TalosGuide,ekozdco,trashman212
ekpbjp3,Akathikor,ekozdco,trashman212
ekr15ib,barry922,ekozdco,trashman212
ekpf0ar,other_usernames_gone,ekozdco,trashman212
ekpkdda,heckin_chill_4_a_sec,ekpdnx1,SchnoodleDoodleDo
ekpq185,Krinks1,ekpf0ar,other_usernames_gone
ekov1lh,beerandacurry,bc98o5,njoker555
ekovb37,njoker555,ekov1lh,beerandacurry
ekpa275,moomoosa,ekov1lh,beerandacurry
ekpeh12,SchnoodleDoodleDo,ekov1lh,beerandacurry
ekp4tgi,Genesis111112,ekov1lh,beerandacurry
ekqf89m,Beeralwayslies,ekov1lh,beerandacurry
ekp5hh5,Fenzke,ekovb37,njoker555
ekq8778,huskerphresh,ekovb37,njoker555
ekphxdf,S_words_for_100,ekpa275,moomoosa
ekpwp1i,njoker555,ekpeh12,SchnoodleDoodleDo
ekq2pfe,njoker555,ekp5hh5,Fenzke
ekoys94,Kytescall,bc98o5,njoker555
ekp8gau,NotMrMike,ekoys94,Kytescall
ekp4bs6,Olsky,ekoys94,Kytescall
ekpc3yl,birdsareturds,ekoys94,Kytescall
ekplzrp,HelmutHoffman,ekp8gau,NotMrMike
ekp6amt,GiveMeCheesecake,ekp4bs6,Olsky
ekqmwt2,masarose,ekp4bs6,Olsky
ekpczx7,hal_potter_seven,ekpc3yl,birdsareturds
ekpbdly,linusadler,ekp6amt,GiveMeCheesecake
ekowrvu,Taricool777,bc98o5,njoker555
ekp4ul7,-SoulFlower-,ekowrvu,Taricool777
ekpacbo,EmbarrassedLock,ekp4ul7,-SoulFlower-
ekpsvso,dodoroach,ekpacbo,EmbarrassedLock
ekov0ef,memes_like_tendiesyt,bc98o5,njoker555
ekp6bc9,Lostpurplepen,bc98o5,njoker555
ekoye4x,chiemi02,bc98o5,njoker555
ekp7xpa,NotMrMike,ekoye4x,chiemi02
ekp9olf,R_i_o_m_a_a,ekoye4x,chiemi02
ekpdb3d,ladyangua,ekoye4x,chiemi02
ekq7qc8,Mr_Elroy_Jetson,ekp7xpa,NotMrMike
ekpk8vh,Nixie9,ekpdb3d,ladyangua
ekpnfwr,ladyangua,ekpk8vh,Nixie9
ekpcxxn,oopsiefoop,bc98o5,njoker555
ekpapa9,heyzeto,bc98o5,njoker555
ekq3u0e,njoker555,ekpapa9,heyzeto
ekoxw6n,Adamant_Narwhal,bc98o5,njoker555
ekp7mi5,jlt6666,ekoxw6n,Adamant_Narwhal
ekp1qsu,jaxolotle,ekoxw6n,Adamant_Narwhal
ekpetyx,exhaustedpiglet,bc98o5,njoker555
ekpwo8u,Mort_Twain,bc98o5,njoker555
ekq2tvk,njoker555,ekpwo8u,Mort_Twain
ekpa986,darknightdaughter,bc98o5,njoker555
ekp4vap,astrL_,bc98o5,njoker555
ekp0gkr,theoldmaid,bc98o5,njoker555
ekp74ik,etherealesoterica,bc98o5,njoker555
ekpgfnt,evoc2911,bc98o5,njoker555
ekp6yaj,CharlieQuest,bc98o5,njoker555
ekpb1kt,TNS72,bc98o5,njoker555
ekpbeqx,AnnaBortion26,bc98o5,njoker555
ekpbfgk,xplicit_mike,bc98o5,njoker555
ekpbpyz,Lavish_Parakeet,bc98o5,njoker555
ekpgcw3,NastyPeachofGermany,bc98o5,njoker555
ekpjdq1,chicken_router,bc98o5,njoker555
ekpjzdd,Fraisinette74,bc98o5,njoker555
ekpkfna,Konvic21,bc98o5,njoker555
ekpkiko,ConkBepis,bc98o5,njoker555
ekpkzok,FATHER_OF_GIRTH,bc98o5,njoker555
ekplbll,entiretysa,bc98o5,njoker555
ekr8cdy,njoker555,ekplbll,entiretysa
ekpml6z,zaggiethecat,bc98o5,njoker555
ekr73zw,njoker555,ekpml6z,zaggiethecat
ekpmu75,TheLocalSlav,bc98o5,njoker555
ekpo0ss,k_spencer,bc98o5,njoker555
ekpo24h,Ody_Mandrell,bc98o5,njoker555
elxb4u6,Perthy25,ekpo24h,Ody_Mandrell
elxd1kg,Ody_Mandrell,elxb4u6,Perthy25
elxs2ua,Perthy25,elxd1kg,Ody_Mandrell
ekpqq9p,motherOfDovahs,bc98o5,njoker555
ekr8ar2,njoker555,ekpqq9p,motherOfDovahs
eksjjpv,motherOfDovahs,ekr8ar2,njoker555
eksnhia,njoker555,eksjjpv,motherOfDovahs
ekpr159,an0maly33,bc98o5,njoker555
ekpsdmn,GrouchyMeasurement,bc98o5,njoker555
ekptjx4,faster_leonard_cohen,bc98o5,njoker555
ekpw366,Gardwan,bc98o5,njoker555
ekq0zin,Bummel1996,bc98o5,njoker555
ekq7jys,Ivy-Toadfoot,bc98o5,njoker555
ekq7y3j,OrionFineArt,bc98o5,njoker555
ekr83lo,njoker555,ekq7y3j,OrionFineArt
ekqhca6,theJacken,bc98o5,njoker555
ekr81zp,njoker555,ekqhca6,theJacken
ekqk9fy,Ploobul,bc98o5,njoker555
ekqlyr3,stormwillow,bc98o5,njoker555
ekqmcv0,Sapphaholic,bc98o5,njoker555
ekr7x0j,njoker555,ekqmcv0,Sapphaholic
ekqoh0l,AkumaKura,bc98o5,njoker555
ekr7tuj,njoker555,ekqoh0l,AkumaKura
ekrn8vv,AkumaKura,ekr7tuj,njoker555
ekr336z,MrsHoran0516,bc98o5,njoker555
ekr47ma,KitKeating,bc98o5,njoker555
ekrb0a1,Psychological2267,bc98o5,njoker555
ekrucuj,solidsnack5,bc98o5,njoker555
ekrv2ge,njoker555,ekrucuj,solidsnack5
ekp27ws,DaDirewolf,bc98o5,njoker555
ekpx42k,valjean94,bc98o5,njoker555
ekpxbno,Glide08,bc98o5,njoker555
ekpxe90,lantern_apocalypse,bc98o5,njoker555
ekpdnx1,SchnoodleDoodleDo,ekozdco,trashman212
ekpkdda,heckin_chill_4_a_sec,ekpdnx1,SchnoodleDoodleDo
ekpaab3,TalosGuide,ekozdco,trashman212
ekpbjp3,Akathikor,ekozdco,trashman212
ekr15ib,barry922,ekozdco,trashman212
ekpf0ar,other_usernames_gone,ekozdco,trashman212
ekpq185,Krinks1,ekpf0ar,other_usernames_gone
ekovb37,njoker555,ekov1lh,beerandacurry
ekp5hh5,Fenzke,ekovb37,njoker555
ekq8778,huskerphresh,ekovb37,njoker555
ekq2pfe,njoker555,ekp5hh5,Fenzke
ekpa275,moomoosa,ekov1lh,beerandacurry
ekphxdf,S_words_for_100,ekpa275,moomoosa
ekpeh12,SchnoodleDoodleDo,ekov1lh,beerandacurry
ekpwp1i,njoker555,ekpeh12,SchnoodleDoodleDo
ekp4tgi,Genesis111112,ekov1lh,beerandacurry
ekqf89m,Beeralwayslies,ekov1lh,beerandacurry
ekp8gau,NotMrMike,ekoys94,Kytescall
ekplzrp,HelmutHoffman,ekp8gau,NotMrMike
ekp4bs6,Olsky,ekoys94,Kytescall
ekp6amt,GiveMeCheesecake,ekp4bs6,Olsky
ekqmwt2,masarose,ekp4bs6,Olsky
ekpbdly,linusadler,ekp6amt,GiveMeCheesecake
ekpc3yl,birdsareturds,ekoys94,Kytescall
ekpczx7,hal_potter_seven,ekpc3yl,birdsareturds
ekp4ul7,-SoulFlower-,ekowrvu,Taricool777
ekpacbo,EmbarrassedLock,ekp4ul7,-SoulFlower-
ekpsvso,dodoroach,ekpacbo,EmbarrassedLock
ekp7xpa,NotMrMike,ekoye4x,chiemi02
ekq7qc8,Mr_Elroy_Jetson,ekp7xpa,NotMrMike
ekp9olf,R_i_o_m_a_a,ekoye4x,chiemi02
ekpdb3d,ladyangua,ekoye4x,chiemi02
ekpk8vh,Nixie9,ekpdb3d,ladyangua
ekpnfwr,ladyangua,ekpk8vh,Nixie9
ekq3u0e,njoker555,ekpapa9,heyzeto
ekp7mi5,jlt6666,ekoxw6n,Adamant_Narwhal
ekp1qsu,jaxolotle,ekoxw6n,Adamant_Narwhal
ekq2tvk,njoker555,ekpwo8u,Mort_Twain
ekr8cdy,njoker555,ekplbll,entiretysa
ekr73zw,njoker555,ekpml6z,zaggiethecat
elxb4u6,Perthy25,ekpo24h,Ody_Mandrell
elxd1kg,Ody_Mandrell,elxb4u6,Perthy25
elxs2ua,Perthy25,elxd1kg,Ody_Mandrell
ekr8ar2,njoker555,ekpqq9p,motherOfDovahs
eksjjpv,motherOfDovahs,ekr8ar2,njoker555
eksnhia,njoker555,eksjjpv,motherOfDovahs
ekr83lo,njoker555,ekq7y3j,OrionFineArt
ekr81zp,njoker555,ekqhca6,theJacken
ekr7x0j,njoker555,ekqmcv0,Sapphaholic
ekr7tuj,njoker555,ekqoh0l,AkumaKura
ekrn8vv,AkumaKura,ekr7tuj,njoker555
ekrv2ge,njoker555,ekrucuj,solidsnack5
ekpkdda,heckin_chill_4_a_sec,ekpdnx1,SchnoodleDoodleDo
ekpq185,Krinks1,ekpf0ar,other_usernames_gone
ekp5hh5,Fenzke,ekovb37,njoker555
ekq2pfe,njoker555,ekp5hh5,Fenzke
ekq8778,huskerphresh,ekovb37,njoker555
ekphxdf,S_words_for_100,ekpa275,moomoosa
ekpwp1i,njoker555,ekpeh12,SchnoodleDoodleDo
ekplzrp,HelmutHoffman,ekp8gau,NotMrMike
ekp6amt,GiveMeCheesecake,ekp4bs6,Olsky
ekpbdly,linusadler,ekp6amt,GiveMeCheesecake
ekqmwt2,masarose,ekp4bs6,Olsky
ekpczx7,hal_potter_seven,ekpc3yl,birdsareturds
ekpacbo,EmbarrassedLock,ekp4ul7,-SoulFlower-
ekpsvso,dodoroach,ekpacbo,EmbarrassedLock
ekq7qc8,Mr_Elroy_Jetson,ekp7xpa,NotMrMike
ekpk8vh,Nixie9,ekpdb3d,ladyangua
ekpnfwr,ladyangua,ekpk8vh,Nixie9
elxd1kg,Ody_Mandrell,elxb4u6,Perthy25
elxs2ua,Perthy25,elxd1kg,Ody_Mandrell
eksjjpv,motherOfDovahs,ekr8ar2,njoker555
eksnhia,njoker555,eksjjpv,motherOfDovahs
ekrn8vv,AkumaKura,ekr7tuj,njoker555
ekq2pfe,njoker555,ekp5hh5,Fenzke
ekpbdly,linusadler,ekp6amt,GiveMeCheesecake
ekpsvso,dodoroach,ekpacbo,EmbarrassedLock
ekpnfwr,ladyangua,ekpk8vh,Nixie9
elxs2ua,Perthy25,elxd1kg,Ody_Mandrell
eksnhia,njoker555,eksjjpv,motherOfDovahs
ekouw0m,,ekotm4u,ObIivious
ekozvre,WowWhatABeaut,ekousow,
ekpaej4,saturdaybloom,ekp9aff,nessager
ekq427r,SeOliVahinko,ekp9aff,nessager
ekpaef1,Djslender6,ekp9aff,nessager
ekpfr41,GenitalWizard,ekpaef1,Djslender6
ekpnos1,kobothedog,ekpaef1,Djslender6
ekpnso7,zzzizou,ekp9aff,nessager
ekr99ej,claycam5,ekpvl3d,blithetorrent
ekp0ven,caustic_kiwi,ekp0tpa,cocaineluna
ekpqhbd,PabloJensen,ekpo4ke,stirling_s
ekpwk9z,D1a1s1,ekpqhbd,PabloJensen
ekpwm8j,PabloJensen,ekpwk9z,D1a1s1
ekoyy4s,whitlessness,ekoy4j8,wealllickbootyholes
ekp7d6g,wealllickbootyholes,ekoyy4s,whitlessness
ekpfr41,GenitalWizard,ekpaef1,Djslender6
ekpnos1,kobothedog,ekpaef1,Djslender6
ekpwk9z,D1a1s1,ekpqhbd,PabloJensen
ekpwm8j,PabloJensen,ekpwk9z,D1a1s1
ekp7d6g,wealllickbootyholes,ekoyy4s,whitlessness
ekpwm8j,PabloJensen,ekpwk9z,D1a1s1
