ekok4ot,nevasayyes,bc88kx,axp6409
ekoqydt,SandhuG,ekok4ot,nevasayyes
ekp2ih1,Trixtina,ekok4ot,nevasayyes
ekon8ml,asterisk_42,bc88kx,axp6409
ekp68ig,Mr-cheeeze,ekon8ml,asterisk_42
ekot1vs,peppigue,bc88kx,axp6409
ekokahu,PaganPhoenixRising,bc88kx,axp6409
ekos62p,DeplorableMimi,bc88kx,axp6409
ekp2rqk,axp6409,ekos62p,DeplorableMimi
ekp573g,Rais3dByWolv3s,ekp2rqk,axp6409
ekp7mgr,YaBoiErr_Sk1nnYP3n15,ekp2rqk,axp6409
ekp0vp9,DreadkingAlucard,bc88kx,axp6409
ekp3uqx,exile2600,ekp0vp9,DreadkingAlucard
ekp6dir,i-just-schuck-alot,ekp0vp9,DreadkingAlucard
ekp33yf,jivealfalfa,ekp0vp9,DreadkingAlucard
ekp6lmp,nynedragons,ekp0vp9,DreadkingAlucard
ekp7n7v,white_butterfly1,ekp0vp9,DreadkingAlucard
ekok4xg,soloracerx,bc88kx,axp6409
ekoxsaq,missmollianne,bc88kx,axp6409
ekp5i6m,KillerDog9999,ekoxsaq,missmollianne
ekoqko5,MJSchooley,bc88kx,axp6409
ekoy6c7,Fnittle,ekoqko5,MJSchooley
ekp4zzb,AlphabetDeficient,ekoqko5,MJSchooley
ekp0ejq,ogkilla7,bc88kx,axp6409
ekp5lq6,bookchurn,ekp0ejq,ogkilla7
ekp7k9h,YoungHaki,ekp0ejq,ogkilla7
ekp2qs0,GJenkss,bc88kx,axp6409
ekp3ej6,clever_novelty_thing,ekp2qs0,GJenkss
ekp5ia1,Strategyboyz21,ekp2qs0,GJenkss
ekp6zzp,Cosmo1984,bc88kx,axp6409
ekp7r7b,Juidodin,ekp6zzp,Cosmo1984
ekp1851,Outarel,bc88kx,axp6409
ekp2fv3,JohanMeatball,ekp1851,Outarel
ekp6cfk,Mr-cheeeze,ekp1851,Outarel
ekonkhn,zaddyscoming,bc88kx,axp6409
ekoz32p,GorillaSnapper,ekonkhn,zaddyscoming
ekor15k,swoopies,ekonkhn,zaddyscoming
ekp7dh2,maz-o,ekoz32p,GorillaSnapper
ekos4md,zaddyscoming,ekor15k,swoopies
ekou143,Noxeron,ekor15k,swoopies
ekp5nc0,bookchurn,ekor15k,swoopies
ekp2ntg,zZ_DunK_Zz,ekou143,Noxeron
ekp5zzd,LordXenu12,ekou143,Noxeron
ekozjm4,mushufitzburg,bc88kx,axp6409
ekp1gyd,cephei42,bc88kx,axp6409
ekp1u4g,dobinson_,bc88kx,axp6409
ekp521a,KL2710,bc88kx,axp6409
ekp61g8,ldmosel,bc88kx,axp6409
ekp7iqs,poshjerkins,bc88kx,axp6409
ekoz5o7,megatronick,bc88kx,axp6409
ekp3665,teebone954,bc88kx,axp6409
ekp3fqd,clever_novelty_thing,ekp3665,teebone954
ekp18fe,Tomperry1997,bc88kx,axp6409
ekp5n2n,_Jeffbenzos,ekp18fe,Tomperry1997
ekoubjh,sulfurphosphate,bc88kx,axp6409
ekowqc8,HashBrownsMmm,bc88kx,axp6409
ekowr2d,ZarosGuardian,bc88kx,axp6409
ekowuua,NomadChief789,bc88kx,axp6409
ekoxt0g,vtbeavens,bc88kx,axp6409
ekoxtiy,kodakcampbell,bc88kx,axp6409
ekoz6gk,CageyJ0nnY,bc88kx,axp6409
ekozrqh,Balmung6,bc88kx,axp6409
ekp00iq,lancehol,bc88kx,axp6409
ekp030t,missygermaine,bc88kx,axp6409
ekp04il,LagoonOfLegumes,bc88kx,axp6409
ekp0zkr,Lhianna,bc88kx,axp6409
ekp1coi,f8-andbethere,bc88kx,axp6409
ekp1k7k,winterxwolf,bc88kx,axp6409
ekp1ylh,UnsignedRealityCheck,bc88kx,axp6409
ekp2rnq,coldheartedly,bc88kx,axp6409
ekp37yu,Ramkahen17,bc88kx,axp6409
ekp39bg,Crakajaaka,bc88kx,axp6409
ekp3dn9,clever_novelty_thing,bc88kx,axp6409
ekp3th9,Domcrit,bc88kx,axp6409
ekp43h4,Ask_if_im_an_alien,bc88kx,axp6409
ekp44i5,andreasbeer1981,bc88kx,axp6409
ekp4gkd,itsdeer,bc88kx,axp6409
ekp4j7e,Cutecupp,bc88kx,axp6409
ekp4ln3,rubyrose44,bc88kx,axp6409
ekp4rxe,ChalkPhog,bc88kx,axp6409
ekp4t4z,Bbihari,bc88kx,axp6409
ekp4y4o,melodiousmeow,bc88kx,axp6409
ekp52f2,Aristocrafied,bc88kx,axp6409
ekp52xw,unbannabledan,bc88kx,axp6409
ekp5h7h,Stormymane,bc88kx,axp6409
ekp5h9v,Hidde95,bc88kx,axp6409
ekp5q9n,supral0ver,bc88kx,axp6409
ekp5tpb,mcbiggles567,bc88kx,axp6409
ekp69fa,Neon2212,bc88kx,axp6409
ekp6enz,Lethaen_MacUlster168,bc88kx,axp6409
ekp6fkv,ShadowSynthetic,bc88kx,axp6409
ekp6gx1,fragmentface2,bc88kx,axp6409
ekp6n5r,kabirka,bc88kx,axp6409
ekp6rtj,yhev,bc88kx,axp6409
ekp6ryr,yayazsimpson,bc88kx,axp6409
ekp72ez,ZF3103,bc88kx,axp6409
ekp75i9,MRFAMER,bc88kx,axp6409
ekp77wl,JanitorDog,bc88kx,axp6409
ekp78y7,madeIyn,bc88kx,axp6409
ekp7asa,soopercerial,bc88kx,axp6409
ekp7bjx,maz-o,bc88kx,axp6409
ekp7dfa,DylfaceRL,bc88kx,axp6409
ekp7dgw,blitztalon,bc88kx,axp6409
ekp7dzn,fooldomus,bc88kx,axp6409
ekp7f43,man0315,bc88kx,axp6409
ekp7foi,afaimaneaAGA,bc88kx,axp6409
ekp7g3v,yourbuddy75,bc88kx,axp6409
ekp7jmu,SuperMarioPlumber,bc88kx,axp6409
ekp7llm,StevieCrabington,bc88kx,axp6409
ekp7okn,Juidodin,bc88kx,axp6409
ekp7okt,Daemonblackfyre0,bc88kx,axp6409
ekp7pao,nazipunchingcommie,bc88kx,axp6409
ekp7pt4,ItzTwizzla,bc88kx,axp6409
ekp7sa0,squiddlumckinnon,bc88kx,axp6409
ekp7sdk,21Ravage,bc88kx,axp6409
ekp7swh,esben2k,bc88kx,axp6409
ekp7tbc,JoeCheddar,bc88kx,axp6409
ekp7vr8,Inerthal,bc88kx,axp6409
ekowror,TheForgoten0ne,bc88kx,axp6409
ekp2oc1,axp6409,ekowror,TheForgoten0ne
ekozarv,oakes1992,bc88kx,axp6409
ekp3iip,okonomiyaking,ekozarv,oakes1992
ekoxbnq,tikjzh,bc88kx,axp6409
ekoxstf,vtbeavens,ekoxbnq,tikjzh
ekp0acq,tikjzh,ekoxstf,vtbeavens
ekp2q1e,zZ_DunK_Zz,ekp0acq,tikjzh
ekp2v6f,tikjzh,ekp2q1e,zZ_DunK_Zz
ekoub9v,Youreanincel,bc88kx,axp6409
ekozhmt,evilchefwariobatali,ekoub9v,Youreanincel
ekp01l0,SnuffXP,ekozhmt,evilchefwariobatali
ekp0p02,evilchefwariobatali,ekp01l0,SnuffXP
ekp3l7f,clever_novelty_thing,ekp0p02,evilchefwariobatali
ekoqydt,SandhuG,ekok4ot,nevasayyes
ekp2ih1,Trixtina,ekok4ot,nevasayyes
ekp68ig,Mr-cheeeze,ekon8ml,asterisk_42
ekp2rqk,axp6409,ekos62p,DeplorableMimi
ekp573g,Rais3dByWolv3s,ekp2rqk,axp6409
ekp7mgr,YaBoiErr_Sk1nnYP3n15,ekp2rqk,axp6409
ekp3uqx,exile2600,ekp0vp9,DreadkingAlucard
ekp6dir,i-just-schuck-alot,ekp0vp9,DreadkingAlucard
ekp33yf,jivealfalfa,ekp0vp9,DreadkingAlucard
ekp6lmp,nynedragons,ekp0vp9,DreadkingAlucard
ekp7n7v,white_butterfly1,ekp0vp9,DreadkingAlucard
ekp5i6m,KillerDog9999,ekoxsaq,missmollianne
ekoy6c7,Fnittle,ekoqko5,MJSchooley
ekp4zzb,AlphabetDeficient,ekoqko5,MJSchooley
ekp5lq6,bookchurn,ekp0ejq,ogkilla7
ekp7k9h,YoungHaki,ekp0ejq,ogkilla7
ekp3ej6,clever_novelty_thing,ekp2qs0,GJenkss
ekp5ia1,Strategyboyz21,ekp2qs0,GJenkss
ekp7r7b,Juidodin,ekp6zzp,Cosmo1984
ekp2fv3,JohanMeatball,ekp1851,Outarel
ekp6cfk,Mr-cheeeze,ekp1851,Outarel
ekoz32p,GorillaSnapper,ekonkhn,zaddyscoming
ekp7dh2,maz-o,ekoz32p,GorillaSnapper
ekor15k,swoopies,ekonkhn,zaddyscoming
ekos4md,zaddyscoming,ekor15k,swoopies
ekou143,Noxeron,ekor15k,swoopies
ekp5nc0,bookchurn,ekor15k,swoopies
ekp2ntg,zZ_DunK_Zz,ekou143,Noxeron
ekp5zzd,LordXenu12,ekou143,Noxeron
ekp3fqd,clever_novelty_thing,ekp3665,teebone954
ekp5n2n,_Jeffbenzos,ekp18fe,Tomperry1997
ekp2oc1,axp6409,ekowror,TheForgoten0ne
ekp3iip,okonomiyaking,ekozarv,oakes1992
ekoxstf,vtbeavens,ekoxbnq,tikjzh
ekp0acq,tikjzh,ekoxstf,vtbeavens
ekp2q1e,zZ_DunK_Zz,ekp0acq,tikjzh
ekp2v6f,tikjzh,ekp2q1e,zZ_DunK_Zz
ekozhmt,evilchefwariobatali,ekoub9v,Youreanincel
ekp01l0,SnuffXP,ekozhmt,evilchefwariobatali
ekp0p02,evilchefwariobatali,ekp01l0,SnuffXP
ekp3l7f,clever_novelty_thing,ekp0p02,evilchefwariobatali
ekp573g,Rais3dByWolv3s,ekp2rqk,axp6409
ekp7mgr,YaBoiErr_Sk1nnYP3n15,ekp2rqk,axp6409
ekp7dh2,maz-o,ekoz32p,GorillaSnapper
ekos4md,zaddyscoming,ekor15k,swoopies
ekou143,Noxeron,ekor15k,swoopies
ekp2ntg,zZ_DunK_Zz,ekou143,Noxeron
ekp5zzd,LordXenu12,ekou143,Noxeron
ekp5nc0,bookchurn,ekor15k,swoopies
ekp0acq,tikjzh,ekoxstf,vtbeavens
ekp2q1e,zZ_DunK_Zz,ekp0acq,tikjzh
ekp2v6f,tikjzh,ekp2q1e,zZ_DunK_Zz
ekp01l0,SnuffXP,ekozhmt,evilchefwariobatali
ekp0p02,evilchefwariobatali,ekp01l0,SnuffXP
ekp3l7f,clever_novelty_thing,ekp0p02,evilchefwariobatali
ekp2ntg,zZ_DunK_Zz,ekou143,Noxeron
ekp5zzd,LordXenu12,ekou143,Noxeron
ekp2q1e,zZ_DunK_Zz,ekp0acq,tikjzh
ekp2v6f,tikjzh,ekp2q1e,zZ_DunK_Zz
ekp0p02,evilchefwariobatali,ekp01l0,SnuffXP
ekp3l7f,clever_novelty_thing,ekp0p02,evilchefwariobatali
ekp2v6f,tikjzh,ekp2q1e,zZ_DunK_Zz
ekp3l7f,clever_novelty_thing,ekp0p02,evilchefwariobatali
