ekp23c1,WholesomeBot,bc9u05,thelegend81
ekoyggi,Controlae,bc9u05,thelegend81
ekp0ne5,derawin07,ekoyggi,Controlae
ekp4rb9,Likeididthatday,ekoyggi,Controlae
ekp1ly9,Rob3512A,ekoyggi,Controlae
ekp5g1v,ZeroAccess,ekoyggi,Controlae
ekp6odj,SuperEnthusiastic,ekoyggi,Controlae
ekp7c1m,ihave2shoes,ekoyggi,Controlae
ekp1ip8,effifox,ekp0ne5,derawin07
ekp1rro,redw04,ekp0ne5,derawin07
ekp6f8p,Manaxium,ekp4rb9,Likeididthatday
ekp73jf,derawin07,ekp5g1v,ZeroAccess
ekp76nf,1206549,ekp1ip8,effifox
ekp5kug,BbvII,ekp1ip8,effifox
ekp5tpy,effifox,ekp5kug,BbvII
ekp5zyv,CunningAllusionment,ekp5kug,BbvII
ekoxy9f,whitewalkersrcoming,bc9u05,thelegend81
ekp03d6,SteezyAs314,ekoxy9f,whitewalkersrcoming
ekoznhh,radowanhabib,ekoxy9f,whitewalkersrcoming
ekp1dtu,sandra_nz,ekoxy9f,whitewalkersrcoming
ekozpdk,whitewalkersrcoming,ekoznhh,radowanhabib
ekp5s7h,BLACKAP3RTURE,ekoznhh,radowanhabib
ekp1c7x,redacted_pterodactyl,ekoznhh,radowanhabib
ekp612u,lightreader,ekoznhh,radowanhabib
ekp49ps,,ekoznhh,radowanhabib
ekp1tfe,derawin07,ekp1dtu,sandra_nz
ekp0jgw,WW_Returns,ekozpdk,whitewalkersrcoming
ekp0qrj,derawin07,ekozpdk,whitewalkersrcoming
ekp4qoi,Shadowfly321,ekp1c7x,redacted_pterodactyl
ekp1hg0,derawin07,ekp1c7x,redacted_pterodactyl
ekp3ip1,LordHussyPants,ekp1c7x,redacted_pterodactyl
ekp4bxy,OregonBelle,ekp1c7x,redacted_pterodactyl
ekp767z,derawin07,ekp612u,lightreader
ekp4p86,derawin07,ekp49ps,
ekp5go4,tugmansk,ekp0jgw,WW_Returns
ekp6ajc,cadaada,ekp0qrj,derawin07
ekp5tzs,lightreader,ekp1hg0,derawin07
ekp5x9c,lightreader,ekp3ip1,LordHussyPants
ekp5f89,Thatcsibloke,ekp4p86,derawin07
ekp7cw0,,ekp4p86,derawin07
ekp6qrb,derawin07,ekp6ajc,cadaada
ekp5gvb,derawin07,ekp5f89,Thatcsibloke
ekp7kkw,derawin07,ekp7cw0,
ekp6je6,serkenz,ekp5gvb,derawin07
ekoz9t7,peasandcarrots12,bc9u05,thelegend81
ekp0spm,derawin07,ekoz9t7,peasandcarrots12
ekp4si3,notworthteheffort,ekoz9t7,peasandcarrots12
ekp2bkd,Knowee,ekoz9t7,peasandcarrots12
ekp6zut,TheNovelleFive,ekoz9t7,peasandcarrots12
ekp2h76,goddessofentropy,ekp2bkd,Knowee
ekp3rab,Iamaredditlady,ekp2bkd,Knowee
ekp3ie7,derawin07,ekp2bkd,Knowee
ekp7erw,Gizmo-Duck,ekp2bkd,Knowee
ekp2pvk,Knowee,ekp2h76,goddessofentropy
ekp6u7g,Thibbledorf_Pwent,ekp2h76,goddessofentropy
ekp4u2s,derawin07,ekp3rab,Iamaredditlady
ekp72lc,EpicSC,ekp3rab,Iamaredditlady
ekp6anl,Kotyo,ekp3ie7,derawin07
ekp5b3w,Iamaredditlady,ekp4u2s,derawin07
ekp6jzd,derawin07,ekp6anl,Kotyo
ekp6lo2,Kotyo,ekp6jzd,derawin07
ekp02gf,Carburetors_are_evil,bc9u05,thelegend81
ekp5bsy,26326312,ekp02gf,Carburetors_are_evil
ekp5kwo,Carburetors_are_evil,ekp5bsy,26326312
ekp6aw1,inky95,ekp5bsy,26326312
ekoyfpn,Rockhurst4,bc9u05,thelegend81
ekp05ql,darrellmarch,ekoyfpn,Rockhurst4
ekp45yo,StonesKeepRolling,ekoyfpn,Rockhurst4
ekp2ujt,mathliability,ekp05ql,darrellmarch
ekp5rqh,FraggleBiscuits,ekp45yo,StonesKeepRolling
ekp0zi8,ARandomLugia,bc9u05,thelegend81
ekp1q5m,gimpy_sunbro,ekp0zi8,ARandomLugia
ekp4wce,derawin07,ekp1q5m,gimpy_sunbro
ekp3xgm,CaravaggioGarbaggio,ekp1q5m,gimpy_sunbro
ekp3qzc,morphneo,bc9u05,thelegend81
ekp4yex,derawin07,ekp3qzc,morphneo
ekp65ke,Perfide01,ekp4yex,derawin07
ekp6vm3,drewsufff,ekp65ke,Perfide01
ekp6hoj,derawin07,ekp65ke,Perfide01
ekp3e2b,PointBlankPeriodt,bc9u05,thelegend81
ekp5l7o,breathing_normally,ekp3e2b,PointBlankPeriodt
ekp7d29,nocluemagoo,ekp3e2b,PointBlankPeriodt
ekp6xiv,Vlademar,ekp5l7o,breathing_normally
ekozyrv,AufdemLande,bc9u05,thelegend81
ekp23f9,scifiinsidejoke,ekozyrv,AufdemLande
ekp2oe4,tomplaysgames88,ekozyrv,AufdemLande
ekp453b,illiterateignoramus,ekozyrv,AufdemLande
ekp4eor,OregonBelle,ekp23f9,scifiinsidejoke
ekp3vl4,mattu10599,ekp23f9,scifiinsidejoke
ekp4vtc,derawin07,ekp23f9,scifiinsidejoke
ekp785f,derawin07,ekp4eor,OregonBelle
ekp3oy7,foreverwasted,bc9u05,thelegend81
ekp70hi,SubParNoir,ekp3oy7,foreverwasted
ekp5eum,26326312,ekp3oy7,foreverwasted
ekp15t3,dsmillie992,bc9u05,thelegend81
ekp17yv,effifox,bc9u05,thelegend81
ekp0ekc,d_litt1,bc9u05,thelegend81
ekp501q,PoorFilmSchoolAlumn,bc9u05,thelegend81
ekp26dm,TinyDemon3001,bc9u05,thelegend81
ekp3y3h,Pixelskaya,bc9u05,thelegend81
ekp3cyk,jorizzz,bc9u05,thelegend81
ekp78eu,Thibbledorf_Pwent,ekp3cyk,jorizzz
ekp1auu,TheEarthIsACylinder,bc9u05,thelegend81
ekp3ton,Iamaredditlady,ekp1auu,TheEarthIsACylinder
ekp4xda,derawin07,ekp1auu,TheEarthIsACylinder
ekp4wi7,AshleyIsAFag,ekp1auu,TheEarthIsACylinder
ekp79q3,Thibbledorf_Pwent,ekp1auu,TheEarthIsACylinder
ekp61uz,TheEarthIsACylinder,ekp4wi7,AshleyIsAFag
ekp38r6,spampants,bc9u05,thelegend81
ekp4ky2,terrestiall,bc9u05,thelegend81
ekp5jzi,Kraisen,bc9u05,thelegend81
ekp5t8s,CIARRAPUNGI,bc9u05,thelegend81
ekp62gw,UrTwiN,bc9u05,thelegend81
ekp63g6,anothername1145,bc9u05,thelegend81
ekp66ye,QUAN-FUSION,bc9u05,thelegend81
ekp6a3w,themonkeygoesmoo,bc9u05,thelegend81
ekp6zpw,Polyonyma,bc9u05,thelegend81
ekp72rh,roboroach3,bc9u05,thelegend81
ekp7oiy,NatteHond,bc9u05,thelegend81
ekp3ut1,SlimLamie,bc9u05,thelegend81
ekp4zzj,shamanphenix,bc9u05,thelegend81
ekp14d2,OrphanedCubone,bc9u05,thelegend81
ekp1kna,derawin07,ekp14d2,OrphanedCubone
ekp20do,Baneling_Rush,bc9u05,thelegend81
ekp3jzy,Szabinger,ekp20do,Baneling_Rush
ekp50eu,derawin07,ekp20do,Baneling_Rush
ekp4ac7,this_is_isabella,ekp3jzy,Szabinger
ekp5lbw,Red_Raven,bc9u05,thelegend81
ekp6jdy,Sooninaplane,ekp5lbw,Red_Raven
ekp7fc4,Thibbledorf_Pwent,ekp5lbw,Red_Raven
ekp7h5l,Polyonyma,ekp6jdy,Sooninaplane
ekp4o2g,hryelle,bc9u05,thelegend81
ekp2wut,dwalt95,bc9u05,thelegend81
ekp3kor,Squat_c0bbler,bc9u05,thelegend81
ekp51jz,derawin07,ekp3kor,Squat_c0bbler
ekp3ofl,Durpgamer,bc9u05,thelegend81
ekp3p9d,Southpawe,bc9u05,thelegend81
ekp4ad9,DanielSaysSo,bc9u05,thelegend81
ekp4ay5,jabaturd,bc9u05,thelegend81
ekp4bj3,skarbles,bc9u05,thelegend81
ekp4jtk,Falcon_Alpha_Delta,bc9u05,thelegend81
ekp4o9c,Pandepon,bc9u05,thelegend81
ekp5bxr,Hyydras9,bc9u05,thelegend81
ekp5ix7,nonsequitrist,bc9u05,thelegend81
ekp5xo1,Chupacabra_Got_Me,bc9u05,thelegend81
ekp62pr,XietyBunny,bc9u05,thelegend81
ekp65es,Imightbenormal,bc9u05,thelegend81
ekp65j9,GetsItAllWrong,bc9u05,thelegend81
ekp6byj,tugofwarloads,bc9u05,thelegend81
ekp6dwk,mikey3134,bc9u05,thelegend81
ekp6ept,big_papa_stiffy,bc9u05,thelegend81
ekp6gjq,mtitzer,bc9u05,thelegend81
ekp6j4m,PorchSittinPrincess,bc9u05,thelegend81
ekp6l1a,StephMujan,bc9u05,thelegend81
ekp6owe,jonah365,bc9u05,thelegend81
ekp6wja,derkderk123,bc9u05,thelegend81
ekp6xqj,UnpopularOpinions_ok,bc9u05,thelegend81
ekp7038,i-wish-i-was-dead12,bc9u05,thelegend81
ekp70i5,kothunger,bc9u05,thelegend81
ekp73il,kindofxyz,bc9u05,thelegend81
ekp74qq,hnnng-plop,bc9u05,thelegend81
ekp78xq,StitchinMamaCrafts,bc9u05,thelegend81
ekp79t0,marinacat,bc9u05,thelegend81
ekp7el9,b0dyr0ck2006,bc9u05,thelegend81
ekp7ezx,CocaineJazzRats,bc9u05,thelegend81
ekp7rz2,majortom12,bc9u05,thelegend81
ekp7szx,paulo_de_reyes,bc9u05,thelegend81
ekp7t6a,HolyVeggie,bc9u05,thelegend81
ekp4ats,sneak_cheat_1337,bc9u05,thelegend81
ekp50fz,sertrinabased,bc9u05,thelegend81
ekp7hdp,Thibbledorf_Pwent,ekp50fz,sertrinabased
ekp246s,hanzerik,bc9u05,thelegend81
ekp36hw,eternalwhat,ekp246s,hanzerik
ekp5tk3,therogueindeepsouth,bc9u05,thelegend81
ekp7bi1,derawin07,ekp5tk3,therogueindeepsouth
ekp7lf4,Thibbledorf_Pwent,ekp5tk3,therogueindeepsouth
ekp7jds,AceParadox,bc9u05,thelegend81
ekp107h,thooor_16,bc9u05,thelegend81
ekp1oe2,derawin07,ekp107h,thooor_16
ekp5ija,E-115,ekp107h,thooor_16
ekp3wz2,Soonersfan2005,bc9u05,thelegend81
ekp337q,Behn00,bc9u05,thelegend81
ekp4gfn,Heidibumbletot,bc9u05,thelegend81
ekp585g,Crazychemist_2,ekp4gfn,Heidibumbletot
ekp0ne5,derawin07,ekoyggi,Controlae
ekp1ip8,effifox,ekp0ne5,derawin07
ekp1rro,redw04,ekp0ne5,derawin07
ekp76nf,1206549,ekp1ip8,effifox
ekp5kug,BbvII,ekp1ip8,effifox
ekp5tpy,effifox,ekp5kug,BbvII
ekp5zyv,CunningAllusionment,ekp5kug,BbvII
ekp4rb9,Likeididthatday,ekoyggi,Controlae
ekp6f8p,Manaxium,ekp4rb9,Likeididthatday
ekp1ly9,Rob3512A,ekoyggi,Controlae
ekp5g1v,ZeroAccess,ekoyggi,Controlae
ekp73jf,derawin07,ekp5g1v,ZeroAccess
ekp6odj,SuperEnthusiastic,ekoyggi,Controlae
ekp7c1m,ihave2shoes,ekoyggi,Controlae
ekp03d6,SteezyAs314,ekoxy9f,whitewalkersrcoming
ekoznhh,radowanhabib,ekoxy9f,whitewalkersrcoming
ekozpdk,whitewalkersrcoming,ekoznhh,radowanhabib
ekp5s7h,BLACKAP3RTURE,ekoznhh,radowanhabib
ekp1c7x,redacted_pterodactyl,ekoznhh,radowanhabib
ekp612u,lightreader,ekoznhh,radowanhabib
ekp49ps,,ekoznhh,radowanhabib
ekp0jgw,WW_Returns,ekozpdk,whitewalkersrcoming
ekp0qrj,derawin07,ekozpdk,whitewalkersrcoming
ekp4qoi,Shadowfly321,ekp1c7x,redacted_pterodactyl
ekp1hg0,derawin07,ekp1c7x,redacted_pterodactyl
ekp3ip1,LordHussyPants,ekp1c7x,redacted_pterodactyl
ekp4bxy,OregonBelle,ekp1c7x,redacted_pterodactyl
ekp767z,derawin07,ekp612u,lightreader
ekp4p86,derawin07,ekp49ps,
ekp5go4,tugmansk,ekp0jgw,WW_Returns
ekp6ajc,cadaada,ekp0qrj,derawin07
ekp5tzs,lightreader,ekp1hg0,derawin07
ekp5x9c,lightreader,ekp3ip1,LordHussyPants
ekp5f89,Thatcsibloke,ekp4p86,derawin07
ekp7cw0,,ekp4p86,derawin07
ekp6qrb,derawin07,ekp6ajc,cadaada
ekp5gvb,derawin07,ekp5f89,Thatcsibloke
ekp7kkw,derawin07,ekp7cw0,
ekp6je6,serkenz,ekp5gvb,derawin07
ekp1dtu,sandra_nz,ekoxy9f,whitewalkersrcoming
ekp1tfe,derawin07,ekp1dtu,sandra_nz
ekp0spm,derawin07,ekoz9t7,peasandcarrots12
ekp4si3,notworthteheffort,ekoz9t7,peasandcarrots12
ekp2bkd,Knowee,ekoz9t7,peasandcarrots12
ekp2h76,goddessofentropy,ekp2bkd,Knowee
ekp3rab,Iamaredditlady,ekp2bkd,Knowee
ekp3ie7,derawin07,ekp2bkd,Knowee
ekp7erw,Gizmo-Duck,ekp2bkd,Knowee
ekp2pvk,Knowee,ekp2h76,goddessofentropy
ekp6u7g,Thibbledorf_Pwent,ekp2h76,goddessofentropy
ekp4u2s,derawin07,ekp3rab,Iamaredditlady
ekp72lc,EpicSC,ekp3rab,Iamaredditlady
ekp6anl,Kotyo,ekp3ie7,derawin07
ekp5b3w,Iamaredditlady,ekp4u2s,derawin07
ekp6jzd,derawin07,ekp6anl,Kotyo
ekp6lo2,Kotyo,ekp6jzd,derawin07
ekp6zut,TheNovelleFive,ekoz9t7,peasandcarrots12
ekp5bsy,26326312,ekp02gf,Carburetors_are_evil
ekp5kwo,Carburetors_are_evil,ekp5bsy,26326312
ekp6aw1,inky95,ekp5bsy,26326312
ekp05ql,darrellmarch,ekoyfpn,Rockhurst4
ekp2ujt,mathliability,ekp05ql,darrellmarch
ekp45yo,StonesKeepRolling,ekoyfpn,Rockhurst4
ekp5rqh,FraggleBiscuits,ekp45yo,StonesKeepRolling
ekp1q5m,gimpy_sunbro,ekp0zi8,ARandomLugia
ekp4wce,derawin07,ekp1q5m,gimpy_sunbro
ekp3xgm,CaravaggioGarbaggio,ekp1q5m,gimpy_sunbro
ekp4yex,derawin07,ekp3qzc,morphneo
ekp65ke,Perfide01,ekp4yex,derawin07
ekp6vm3,drewsufff,ekp65ke,Perfide01
ekp6hoj,derawin07,ekp65ke,Perfide01
ekp5l7o,breathing_normally,ekp3e2b,PointBlankPeriodt
ekp6xiv,Vlademar,ekp5l7o,breathing_normally
ekp7d29,nocluemagoo,ekp3e2b,PointBlankPeriodt
ekp23f9,scifiinsidejoke,ekozyrv,AufdemLande
ekp4eor,OregonBelle,ekp23f9,scifiinsidejoke
ekp3vl4,mattu10599,ekp23f9,scifiinsidejoke
ekp4vtc,derawin07,ekp23f9,scifiinsidejoke
ekp785f,derawin07,ekp4eor,OregonBelle
ekp2oe4,tomplaysgames88,ekozyrv,AufdemLande
ekp453b,illiterateignoramus,ekozyrv,AufdemLande
ekp70hi,SubParNoir,ekp3oy7,foreverwasted
ekp5eum,26326312,ekp3oy7,foreverwasted
ekp78eu,Thibbledorf_Pwent,ekp3cyk,jorizzz
ekp3ton,Iamaredditlady,ekp1auu,TheEarthIsACylinder
ekp4xda,derawin07,ekp1auu,TheEarthIsACylinder
ekp4wi7,AshleyIsAFag,ekp1auu,TheEarthIsACylinder
ekp61uz,TheEarthIsACylinder,ekp4wi7,AshleyIsAFag
ekp79q3,Thibbledorf_Pwent,ekp1auu,TheEarthIsACylinder
ekp1kna,derawin07,ekp14d2,OrphanedCubone
ekp3jzy,Szabinger,ekp20do,Baneling_Rush
ekp4ac7,this_is_isabella,ekp3jzy,Szabinger
ekp50eu,derawin07,ekp20do,Baneling_Rush
ekp6jdy,Sooninaplane,ekp5lbw,Red_Raven
ekp7h5l,Polyonyma,ekp6jdy,Sooninaplane
ekp7fc4,Thibbledorf_Pwent,ekp5lbw,Red_Raven
ekp51jz,derawin07,ekp3kor,Squat_c0bbler
ekp7hdp,Thibbledorf_Pwent,ekp50fz,sertrinabased
ekp36hw,eternalwhat,ekp246s,hanzerik
ekp7bi1,derawin07,ekp5tk3,therogueindeepsouth
ekp7lf4,Thibbledorf_Pwent,ekp5tk3,therogueindeepsouth
ekp1oe2,derawin07,ekp107h,thooor_16
ekp5ija,E-115,ekp107h,thooor_16
ekp585g,Crazychemist_2,ekp4gfn,Heidibumbletot
ekp1ip8,effifox,ekp0ne5,derawin07
ekp76nf,1206549,ekp1ip8,effifox
ekp5kug,BbvII,ekp1ip8,effifox
ekp5tpy,effifox,ekp5kug,BbvII
ekp5zyv,CunningAllusionment,ekp5kug,BbvII
ekp1rro,redw04,ekp0ne5,derawin07
ekp6f8p,Manaxium,ekp4rb9,Likeididthatday
ekp73jf,derawin07,ekp5g1v,ZeroAccess
ekozpdk,whitewalkersrcoming,ekoznhh,radowanhabib
ekp0jgw,WW_Returns,ekozpdk,whitewalkersrcoming
ekp0qrj,derawin07,ekozpdk,whitewalkersrcoming
ekp5go4,tugmansk,ekp0jgw,WW_Returns
ekp6ajc,cadaada,ekp0qrj,derawin07
ekp6qrb,derawin07,ekp6ajc,cadaada
ekp5s7h,BLACKAP3RTURE,ekoznhh,radowanhabib
ekp1c7x,redacted_pterodactyl,ekoznhh,radowanhabib
ekp4qoi,Shadowfly321,ekp1c7x,redacted_pterodactyl
ekp1hg0,derawin07,ekp1c7x,redacted_pterodactyl
ekp3ip1,LordHussyPants,ekp1c7x,redacted_pterodactyl
ekp4bxy,OregonBelle,ekp1c7x,redacted_pterodactyl
ekp5tzs,lightreader,ekp1hg0,derawin07
ekp5x9c,lightreader,ekp3ip1,LordHussyPants
ekp612u,lightreader,ekoznhh,radowanhabib
ekp767z,derawin07,ekp612u,lightreader
ekp49ps,,ekoznhh,radowanhabib
ekp4p86,derawin07,ekp49ps,
ekp5f89,Thatcsibloke,ekp4p86,derawin07
ekp7cw0,,ekp4p86,derawin07
ekp5gvb,derawin07,ekp5f89,Thatcsibloke
ekp7kkw,derawin07,ekp7cw0,
ekp6je6,serkenz,ekp5gvb,derawin07
ekp1tfe,derawin07,ekp1dtu,sandra_nz
ekp2h76,goddessofentropy,ekp2bkd,Knowee
ekp2pvk,Knowee,ekp2h76,goddessofentropy
ekp6u7g,Thibbledorf_Pwent,ekp2h76,goddessofentropy
ekp3rab,Iamaredditlady,ekp2bkd,Knowee
ekp4u2s,derawin07,ekp3rab,Iamaredditlady
ekp72lc,EpicSC,ekp3rab,Iamaredditlady
ekp5b3w,Iamaredditlady,ekp4u2s,derawin07
ekp3ie7,derawin07,ekp2bkd,Knowee
ekp6anl,Kotyo,ekp3ie7,derawin07
ekp6jzd,derawin07,ekp6anl,Kotyo
ekp6lo2,Kotyo,ekp6jzd,derawin07
ekp7erw,Gizmo-Duck,ekp2bkd,Knowee
ekp5kwo,Carburetors_are_evil,ekp5bsy,26326312
ekp6aw1,inky95,ekp5bsy,26326312
ekp2ujt,mathliability,ekp05ql,darrellmarch
ekp5rqh,FraggleBiscuits,ekp45yo,StonesKeepRolling
ekp4wce,derawin07,ekp1q5m,gimpy_sunbro
ekp3xgm,CaravaggioGarbaggio,ekp1q5m,gimpy_sunbro
ekp65ke,Perfide01,ekp4yex,derawin07
ekp6vm3,drewsufff,ekp65ke,Perfide01
ekp6hoj,derawin07,ekp65ke,Perfide01
ekp6xiv,Vlademar,ekp5l7o,breathing_normally
ekp4eor,OregonBelle,ekp23f9,scifiinsidejoke
ekp785f,derawin07,ekp4eor,OregonBelle
ekp3vl4,mattu10599,ekp23f9,scifiinsidejoke
ekp4vtc,derawin07,ekp23f9,scifiinsidejoke
ekp61uz,TheEarthIsACylinder,ekp4wi7,AshleyIsAFag
ekp4ac7,this_is_isabella,ekp3jzy,Szabinger
ekp7h5l,Polyonyma,ekp6jdy,Sooninaplane
ekp76nf,1206549,ekp1ip8,effifox
ekp5kug,BbvII,ekp1ip8,effifox
ekp5tpy,effifox,ekp5kug,BbvII
ekp5zyv,CunningAllusionment,ekp5kug,BbvII
ekp0jgw,WW_Returns,ekozpdk,whitewalkersrcoming
ekp5go4,tugmansk,ekp0jgw,WW_Returns
ekp0qrj,derawin07,ekozpdk,whitewalkersrcoming
ekp6ajc,cadaada,ekp0qrj,derawin07
ekp6qrb,derawin07,ekp6ajc,cadaada
ekp4qoi,Shadowfly321,ekp1c7x,redacted_pterodactyl
ekp1hg0,derawin07,ekp1c7x,redacted_pterodactyl
ekp5tzs,lightreader,ekp1hg0,derawin07
ekp3ip1,LordHussyPants,ekp1c7x,redacted_pterodactyl
ekp5x9c,lightreader,ekp3ip1,LordHussyPants
ekp4bxy,OregonBelle,ekp1c7x,redacted_pterodactyl
ekp767z,derawin07,ekp612u,lightreader
ekp4p86,derawin07,ekp49ps,
ekp5f89,Thatcsibloke,ekp4p86,derawin07
ekp7cw0,,ekp4p86,derawin07
ekp5gvb,derawin07,ekp5f89,Thatcsibloke
ekp7kkw,derawin07,ekp7cw0,
ekp6je6,serkenz,ekp5gvb,derawin07
ekp2pvk,Knowee,ekp2h76,goddessofentropy
ekp6u7g,Thibbledorf_Pwent,ekp2h76,goddessofentropy
ekp4u2s,derawin07,ekp3rab,Iamaredditlady
ekp5b3w,Iamaredditlady,ekp4u2s,derawin07
ekp72lc,EpicSC,ekp3rab,Iamaredditlady
ekp6anl,Kotyo,ekp3ie7,derawin07
ekp6jzd,derawin07,ekp6anl,Kotyo
ekp6lo2,Kotyo,ekp6jzd,derawin07
ekp6vm3,drewsufff,ekp65ke,Perfide01
ekp6hoj,derawin07,ekp65ke,Perfide01
ekp785f,derawin07,ekp4eor,OregonBelle
ekp5tpy,effifox,ekp5kug,BbvII
ekp5zyv,CunningAllusionment,ekp5kug,BbvII
ekp5go4,tugmansk,ekp0jgw,WW_Returns
ekp6ajc,cadaada,ekp0qrj,derawin07
ekp6qrb,derawin07,ekp6ajc,cadaada
ekp5tzs,lightreader,ekp1hg0,derawin07
ekp5x9c,lightreader,ekp3ip1,LordHussyPants
ekp5f89,Thatcsibloke,ekp4p86,derawin07
ekp5gvb,derawin07,ekp5f89,Thatcsibloke
ekp6je6,serkenz,ekp5gvb,derawin07
ekp7cw0,,ekp4p86,derawin07
ekp7kkw,derawin07,ekp7cw0,
ekp5b3w,Iamaredditlady,ekp4u2s,derawin07
ekp6jzd,derawin07,ekp6anl,Kotyo
ekp6lo2,Kotyo,ekp6jzd,derawin07
ekp6qrb,derawin07,ekp6ajc,cadaada
ekp5gvb,derawin07,ekp5f89,Thatcsibloke
ekp6je6,serkenz,ekp5gvb,derawin07
ekp7kkw,derawin07,ekp7cw0,
ekp6lo2,Kotyo,ekp6jzd,derawin07
ekp6je6,serkenz,ekp5gvb,derawin07
