ekjzsl2,AutoModerator,bbnnex,KeffirLime
ekkgivn,FereallyRed,bbnnex,KeffirLime
ekkwvre,KeffirLime,ekkgivn,FereallyRed
ekkjsvl,Vikingcel,ekkgivn,FereallyRed
ekn40m3,max_peenor,ekkgivn,FereallyRed
eknkz3i,monsieurhire2,ekkgivn,FereallyRed
ekmioc5,OfficerWade,ekkwvre,KeffirLime
eknn7m7,OVOXOKing,ekkwvre,KeffirLime
eknld3j,watchguy45,ekkwvre,KeffirLime
ekmmn3w,Xzow,ekkwvre,KeffirLime
ekli61n,319Skew,ekkjsvl,Vikingcel
eknlsk2,FereallyRed,eknkz3i,monsieurhire2
eknq3mo,monsieurhire2,eknlsk2,FereallyRed
ekk3cbo,MentORPHEUS,bbnnex,KeffirLime
ekkq57n,VasiliyZaitzev,ekk3cbo,MentORPHEUS
ekl09ro,Underwood2016,ekk3cbo,MentORPHEUS
ekk8o38,KeffirLime,ekk3cbo,MentORPHEUS
ekkgxxl,DevilMayCry,ekk8o38,KeffirLime
ekl07zw,CallMeQuinnie,ekk8o38,KeffirLime
ekkx174,KeffirLime,ekkgxxl,DevilMayCry
ekl3dcf,bjcm5891,bbnnex,KeffirLime
eklmbsk,MachPower,ekl3dcf,bjcm5891
ekmlbp7,theunconquored,ekl3dcf,bjcm5891
eklzeb6,KeffirLime,ekl3dcf,bjcm5891
ekn4cg7,max_peenor,ekl3dcf,bjcm5891
eklokb5,bjcm5891,eklmbsk,MachPower
eklrup4,JDawgerson,eklokb5,bjcm5891
eklsda7,Varsel,eklokb5,bjcm5891
ekmqval,ELMasTurbo,eklrup4,JDawgerson
ekmqsaw,surfsusa,eklrup4,JDawgerson
eklvvnt,bjcm5891,eklrup4,JDawgerson
ekmil1f,JonathanforDayzzz,eklvvnt,bjcm5891
ekk1f8z,Ponder3277,bbnnex,KeffirLime
ekkookm,wastelandchic,bbnnex,KeffirLime
ekk0k5d,monkofallmonks,bbnnex,KeffirLime
ekkqjmh,VasiliyZaitzev,bbnnex,KeffirLime
ekkw1jj,KeffirLime,ekkqjmh,VasiliyZaitzev
eklemwk,Protocol_Apollo,ekkw1jj,KeffirLime
ekmfcuv,Hombremaniac,eklemwk,Protocol_Apollo
ekn22rf,Protocol_Apollo,ekmfcuv,Hombremaniac
ekk27de,dezasseismil,bbnnex,KeffirLime
ekk70rm,Protocol_Apollo,bbnnex,KeffirLime
ekkj4cy,TheTrenTrannyTrain,bbnnex,KeffirLime
ekkxgdm,KeffirLime,ekkj4cy,TheTrenTrannyTrain
eklmy2i,SKRedPill,bbnnex,KeffirLime
ekkmuym,ifhking,bbnnex,KeffirLime
ekmombm,INNASKILLZ2K18,bbnnex,KeffirLime
eklaids,IQtheMC,bbnnex,KeffirLime
ekm6niq,vandaalen,eklaids,IQtheMC
ekkowts,Kurush559,bbnnex,KeffirLime
eklt7dj,RedPill2018,bbnnex,KeffirLime
eklv0u7,wertrax,bbnnex,KeffirLime
ekmisrg,KillaJewels,bbnnex,KeffirLime
ekmt90y,821sleepingbag,bbnnex,KeffirLime
ekn3yo6,gabeangelo,bbnnex,KeffirLime
ekl2uvh,_Anarchon_,bbnnex,KeffirLime
ekkwvre,KeffirLime,ekkgivn,FereallyRed
ekmioc5,OfficerWade,ekkwvre,KeffirLime
eknn7m7,OVOXOKing,ekkwvre,KeffirLime
eknld3j,watchguy45,ekkwvre,KeffirLime
ekmmn3w,Xzow,ekkwvre,KeffirLime
ekkjsvl,Vikingcel,ekkgivn,FereallyRed
ekli61n,319Skew,ekkjsvl,Vikingcel
ekn40m3,max_peenor,ekkgivn,FereallyRed
eknkz3i,monsieurhire2,ekkgivn,FereallyRed
eknlsk2,FereallyRed,eknkz3i,monsieurhire2
eknq3mo,monsieurhire2,eknlsk2,FereallyRed
ekkq57n,VasiliyZaitzev,ekk3cbo,MentORPHEUS
ekl09ro,Underwood2016,ekk3cbo,MentORPHEUS
ekk8o38,KeffirLime,ekk3cbo,MentORPHEUS
ekkgxxl,DevilMayCry,ekk8o38,KeffirLime
ekl07zw,CallMeQuinnie,ekk8o38,KeffirLime
ekkx174,KeffirLime,ekkgxxl,DevilMayCry
eklmbsk,MachPower,ekl3dcf,bjcm5891
eklokb5,bjcm5891,eklmbsk,MachPower
eklrup4,JDawgerson,eklokb5,bjcm5891
eklsda7,Varsel,eklokb5,bjcm5891
ekmqval,ELMasTurbo,eklrup4,JDawgerson
ekmqsaw,surfsusa,eklrup4,JDawgerson
eklvvnt,bjcm5891,eklrup4,JDawgerson
ekmil1f,JonathanforDayzzz,eklvvnt,bjcm5891
ekmlbp7,theunconquored,ekl3dcf,bjcm5891
eklzeb6,KeffirLime,ekl3dcf,bjcm5891
ekn4cg7,max_peenor,ekl3dcf,bjcm5891
ekkw1jj,KeffirLime,ekkqjmh,VasiliyZaitzev
eklemwk,Protocol_Apollo,ekkw1jj,KeffirLime
ekmfcuv,Hombremaniac,eklemwk,Protocol_Apollo
ekn22rf,Protocol_Apollo,ekmfcuv,Hombremaniac
ekkxgdm,KeffirLime,ekkj4cy,TheTrenTrannyTrain
ekm6niq,vandaalen,eklaids,IQtheMC
ekmioc5,OfficerWade,ekkwvre,KeffirLime
eknn7m7,OVOXOKing,ekkwvre,KeffirLime
eknld3j,watchguy45,ekkwvre,KeffirLime
ekmmn3w,Xzow,ekkwvre,KeffirLime
ekli61n,319Skew,ekkjsvl,Vikingcel
eknlsk2,FereallyRed,eknkz3i,monsieurhire2
eknq3mo,monsieurhire2,eknlsk2,FereallyRed
ekkgxxl,DevilMayCry,ekk8o38,KeffirLime
ekkx174,KeffirLime,ekkgxxl,DevilMayCry
ekl07zw,CallMeQuinnie,ekk8o38,KeffirLime
eklokb5,bjcm5891,eklmbsk,MachPower
eklrup4,JDawgerson,eklokb5,bjcm5891
eklsda7,Varsel,eklokb5,bjcm5891
ekmqval,ELMasTurbo,eklrup4,JDawgerson
ekmqsaw,surfsusa,eklrup4,JDawgerson
eklvvnt,bjcm5891,eklrup4,JDawgerson
ekmil1f,JonathanforDayzzz,eklvvnt,bjcm5891
eklemwk,Protocol_Apollo,ekkw1jj,KeffirLime
ekmfcuv,Hombremaniac,eklemwk,Protocol_Apollo
ekn22rf,Protocol_Apollo,ekmfcuv,Hombremaniac
eknq3mo,monsieurhire2,eknlsk2,FereallyRed
ekkx174,KeffirLime,ekkgxxl,DevilMayCry
eklrup4,JDawgerson,eklokb5,bjcm5891
ekmqval,ELMasTurbo,eklrup4,JDawgerson
ekmqsaw,surfsusa,eklrup4,JDawgerson
eklvvnt,bjcm5891,eklrup4,JDawgerson
ekmil1f,JonathanforDayzzz,eklvvnt,bjcm5891
eklsda7,Varsel,eklokb5,bjcm5891
ekmfcuv,Hombremaniac,eklemwk,Protocol_Apollo
ekn22rf,Protocol_Apollo,ekmfcuv,Hombremaniac
ekmqval,ELMasTurbo,eklrup4,JDawgerson
ekmqsaw,surfsusa,eklrup4,JDawgerson
eklvvnt,bjcm5891,eklrup4,JDawgerson
ekmil1f,JonathanforDayzzz,eklvvnt,bjcm5891
ekn22rf,Protocol_Apollo,ekmfcuv,Hombremaniac
ekmil1f,JonathanforDayzzz,eklvvnt,bjcm5891
