ekjhhun,AutoModerator,bbl660,Popeman79
ekkjs8k,MichaelLifeLessons,ekjhhun,AutoModerator
ekjlxts,Hulegu2,bbl660,Popeman79
ekkgq1e,miserablesisyphus,ekjlxts,Hulegu2
ekkhi6c,Mylaur,ekkgq1e,miserablesisyphus
ekl38k1,INNASKILLZ2K18,ekkhi6c,Mylaur
ekjzcws,LudwigVanBlunts,bbl660,Popeman79
ekk2vqn,empatheticapathetic,ekjzcws,LudwigVanBlunts
ekkiztr,theherosmyth,ekjzcws,LudwigVanBlunts
eklgdre,VisiblePlan,ekjzcws,LudwigVanBlunts
ekkpljw,KewlThanks,ekk2vqn,empatheticapathetic
ekl8dkd,good_guy_submitter,ekkiztr,theherosmyth
eklbdpu,eyewant,ekkpljw,KewlThanks
ekllcb9,420KUSHBUSH,ekkpljw,KewlThanks
ekm2f5b,juggernaut8,eklbdpu,eyewant
eko468f,KewlThanks,eklbdpu,eyewant
ekmtqgj,eyewant,ekm2f5b,juggernaut8
ekomwcg,stoicbotanist,ekmtqgj,eyewant
ekkhdh6,IRunYourRiver,bbl660,Popeman79
ekm0qj4,Mangasbzo7,ekkhdh6,IRunYourRiver
ekorb7a,odaklanan_insan,ekm0qj4,Mangasbzo7
ekkklfm,Professor-Spam,bbl660,Popeman79
ekm0kww,iloveturks,ekkklfm,Professor-Spam
ekkl4fp,Popeman79,ekkklfm,Professor-Spam
ekm8yg7,Professor-Spam,ekm0kww,iloveturks
ekjxk44,henryblazer,bbl660,Popeman79
ekk1hp5,Popeman79,ekjxk44,henryblazer
ekjz7p9,BurntYams,ekjxk44,henryblazer
ekk58cv,drawden63,ekjxk44,henryblazer
ekm32v0,g0dfather93,ekjxk44,henryblazer
ekk27b5,spungebawbswegpants,ekjxk44,henryblazer
ekkf860,whuttupfoo,ekjxk44,henryblazer
ekorm8y,odaklanan_insan,ekjxk44,henryblazer
ekkaqk0,lipidsly,ekjxk44,henryblazer
ekktb2e,Rackbone,ekjxk44,henryblazer
ekk0lr4,henryblazer,ekjz7p9,BurntYams
ekm0nwj,frooschnate,ekk58cv,drawden63
ekmnl1f,henryblazer,ekm32v0,g0dfather93
ekmnnjw,henryblazer,ekm32v0,g0dfather93
ekm3h54,drawden63,ekm0nwj,frooschnate
ekmp7uh,g0dfather93,ekmnl1f,henryblazer
ekmxuhn,frooschnate,ekm3h54,drawden63
ekmsftf,henryblazer,ekmp7uh,g0dfather93
ekmsk3z,henryblazer,ekmp7uh,g0dfather93
ekjypuw,polywave,bbl660,Popeman79
ekjus8w,empatheticapathetic,bbl660,Popeman79
ekjvzdi,Popeman79,ekjus8w,empatheticapathetic
ekk777g,DisillusionedReality,ekjus8w,empatheticapathetic
eknesj6,Cavannah,ekjus8w,empatheticapathetic
ekk29e2,empatheticapathetic,ekjvzdi,Popeman79
ekl4k3x,Standgrounding,ekk777g,DisillusionedReality
ekng65n,empatheticapathetic,eknesj6,Cavannah
ekk3un3,Popeman79,ekk29e2,empatheticapathetic
ekk7bxj,DisillusionedReality,ekk29e2,empatheticapathetic
ekk6b83,ReturningSpider,ekk3un3,Popeman79
ekk850h,heartbroken_nerd,ekk3un3,Popeman79
ekm45df,Jake_le_Dog,ekk6b83,ReturningSpider
ekm5pe5,ReturningSpider,ekm45df,Jake_le_Dog
ekkpo7z,Casanova-Quinn,bbl660,Popeman79
ekk8nnz,traditional_goose,bbl660,Popeman79
eklmogv,Mr-Mojo-rising,ekk8nnz,traditional_goose
ekmzeiw,traditional_goose,eklmogv,Mr-Mojo-rising
ekk22go,1v1crown,bbl660,Popeman79
ekk2w1u,Popeman79,ekk22go,1v1crown
ekk51on,WaspOnAWall,ekk22go,1v1crown
ekllip4,420KUSHBUSH,ekk22go,1v1crown
ekkf8cw,GirTheRobot,ekk22go,1v1crown
ekk3fcy,1v1crown,ekk2w1u,Popeman79
ekked3u,RightHandWolf,ekk51on,WaspOnAWall
ekmn9tu,1v1crown,ekllip4,420KUSHBUSH
ekmn3ln,1v1crown,ekkf8cw,GirTheRobot
ekk4dz4,Popeman79,ekk3fcy,1v1crown
ekk46kz,Zeytovin,ekk3fcy,1v1crown
ekkfg4m,GirTheRobot,ekk3fcy,1v1crown
ekm1xsm,BrownGummyBear,ekk3fcy,1v1crown
eknxmgs,420KUSHBUSH,ekmn9tu,1v1crown
ekn6oze,GirTheRobot,ekmn3ln,1v1crown
ekk4jy9,1v1crown,ekk4dz4,Popeman79
ekk4pn0,1v1crown,ekk46kz,Zeytovin
ekmn730,1v1crown,ekkfg4m,GirTheRobot
ekmnhec,1v1crown,ekm1xsm,BrownGummyBear
ekndadd,1v1crown,ekn6oze,GirTheRobot
ekk55r0,Popeman79,ekk4jy9,1v1crown
ekkll4y,SuperCrazy07,ekk4jy9,1v1crown
ekkezvq,_Tactleneck_,ekk4jy9,1v1crown
eklmc4w,Mr-Mojo-rising,ekk4jy9,1v1crown
ekl1ch5,chrisname,ekk4jy9,1v1crown
ekm4c9i,Jake_le_Dog,ekk4jy9,1v1crown
ekk8k8d,Zeytovin,ekk4pn0,1v1crown
ekkxkav,mattii__mo,ekk4pn0,1v1crown
ekmndia,1v1crown,eklmc4w,Mr-Mojo-rising
ekmnm2k,1v1crown,ekm4c9i,Jake_le_Dog
ekkb0j9,1v1crown,ekk8k8d,Zeytovin
eknj4ho,GirTheRobot,ekmndia,1v1crown
ekkeuwj,GirTheRobot,bbl660,Popeman79
ekkk33l,chazthundergut,bbl660,Popeman79
ekkl10r,Popeman79,ekkk33l,chazthundergut
ekl4a3e,Standgrounding,bbl660,Popeman79
eklact9,SILENTSAM69,bbl660,Popeman79
ekk6h0l,Useeikill,bbl660,Popeman79
ekkiatn,Popeman79,ekk6h0l,Useeikill
ekkk62y,Useeikill,ekkiatn,Popeman79
ekkbfpe,spicy_fries,bbl660,Popeman79
ekl4iv7,INNASKILLZ2K18,bbl660,Popeman79
ekldwij,Popeman79,ekl4iv7,INNASKILLZ2K18
eklcjq0,good_guy_submitter,bbl660,Popeman79
eklyscz,Hands_of_Stone96,bbl660,Popeman79
ekn0f6y,ayylma088,bbl660,Popeman79
ekk31ty,lokilis,bbl660,Popeman79
ekkxxre,bcool87,bbl660,Popeman79
ekkyjsl,Popeman79,ekkxxre,bcool87
ekllupe,Mr-Mojo-rising,bbl660,Popeman79
ekmqiu6,Popeman79,ekllupe,Mr-Mojo-rising
eklqto6,boring_sunset,bbl660,Popeman79
ekluu7l,wertrax,bbl660,Popeman79
ekmr3pw,Popeman79,ekluu7l,wertrax
ekm4sjm,niger_delta_king,bbl660,Popeman79
ekmrkee,Popeman79,ekm4sjm,niger_delta_king
ekjj2vs,giyaslayer,bbl660,Popeman79
ekkdezn,c3ntrifuge,bbl660,Popeman79
ekjyyqa,DAOcomment2,bbl660,Popeman79
ekk3e2k,latinasonly,bbl660,Popeman79
ekk4m7y,Popeman79,ekk3e2k,latinasonly
ekkntvg,itsBoundless,bbl660,Popeman79
ekkosxz,Popeman79,ekkntvg,itsBoundless
ekle6vu,sir_goblington,bbl660,Popeman79
eklf540,Popeman79,ekle6vu,sir_goblington
eklkfv2,K9Maxwell,bbl660,Popeman79
ekm6g3l,Greaterbird,eklkfv2,K9Maxwell
ekmqtoa,Popeman79,eklkfv2,K9Maxwell
ekltlr1,110_percent_THC,bbl660,Popeman79
ekmpya9,Popeman79,ekltlr1,110_percent_THC
ekp6dqj,Frenetic_Zetetic,bbl660,Popeman79
ekjww23,omega_dawg93,bbl660,Popeman79
ekk34bz,empatheticapathetic,ekjww23,omega_dawg93
ekk3h89,omega_dawg93,ekk34bz,empatheticapathetic
ekjjag3,Hombremaniac,bbl660,Popeman79
ekjkrvx,pipeDRE4MS,ekjjag3,Hombremaniac
ekjl2e3,Aethetico,ekjjag3,Hombremaniac
ekjwqu9,lickerofjuicypaints,ekjjag3,Hombremaniac
ekk5lhm,WaspOnAWall,ekjjag3,Hombremaniac
ekk2pka,aherrns,ekjjag3,Hombremaniac
ekjs97p,RossDDMarshalls,ekjjag3,Hombremaniac
ekkkqzo,Hombremaniac,ekjkrvx,pipeDRE4MS
ekkkcdr,Hombremaniac,ekjl2e3,Aethetico
ekkk1it,Hombremaniac,ekjwqu9,lickerofjuicypaints
ekkjlni,Hombremaniac,ekk5lhm,WaspOnAWall
ekjt1zh,RossDDMarshalls,ekjs97p,RossDDMarshalls
ekjwbtv,HornedBul,ekjt1zh,RossDDMarshalls
ekkfgcv,RightHandWolf,ekjwbtv,HornedBul
ekmae7u,HornedBul,ekkfgcv,RightHandWolf
ekkjs8k,MichaelLifeLessons,ekjhhun,AutoModerator
ekkgq1e,miserablesisyphus,ekjlxts,Hulegu2
ekkhi6c,Mylaur,ekkgq1e,miserablesisyphus
ekl38k1,INNASKILLZ2K18,ekkhi6c,Mylaur
ekk2vqn,empatheticapathetic,ekjzcws,LudwigVanBlunts
ekkpljw,KewlThanks,ekk2vqn,empatheticapathetic
eklbdpu,eyewant,ekkpljw,KewlThanks
ekllcb9,420KUSHBUSH,ekkpljw,KewlThanks
ekm2f5b,juggernaut8,eklbdpu,eyewant
eko468f,KewlThanks,eklbdpu,eyewant
ekmtqgj,eyewant,ekm2f5b,juggernaut8
ekomwcg,stoicbotanist,ekmtqgj,eyewant
ekkiztr,theherosmyth,ekjzcws,LudwigVanBlunts
ekl8dkd,good_guy_submitter,ekkiztr,theherosmyth
eklgdre,VisiblePlan,ekjzcws,LudwigVanBlunts
ekm0qj4,Mangasbzo7,ekkhdh6,IRunYourRiver
ekorb7a,odaklanan_insan,ekm0qj4,Mangasbzo7
ekm0kww,iloveturks,ekkklfm,Professor-Spam
ekm8yg7,Professor-Spam,ekm0kww,iloveturks
ekkl4fp,Popeman79,ekkklfm,Professor-Spam
ekk1hp5,Popeman79,ekjxk44,henryblazer
ekjz7p9,BurntYams,ekjxk44,henryblazer
ekk0lr4,henryblazer,ekjz7p9,BurntYams
ekk58cv,drawden63,ekjxk44,henryblazer
ekm0nwj,frooschnate,ekk58cv,drawden63
ekm3h54,drawden63,ekm0nwj,frooschnate
ekmxuhn,frooschnate,ekm3h54,drawden63
ekm32v0,g0dfather93,ekjxk44,henryblazer
ekmnl1f,henryblazer,ekm32v0,g0dfather93
ekmnnjw,henryblazer,ekm32v0,g0dfather93
ekmp7uh,g0dfather93,ekmnl1f,henryblazer
ekmsftf,henryblazer,ekmp7uh,g0dfather93
ekmsk3z,henryblazer,ekmp7uh,g0dfather93
ekk27b5,spungebawbswegpants,ekjxk44,henryblazer
ekkf860,whuttupfoo,ekjxk44,henryblazer
ekorm8y,odaklanan_insan,ekjxk44,henryblazer
ekkaqk0,lipidsly,ekjxk44,henryblazer
ekktb2e,Rackbone,ekjxk44,henryblazer
ekjvzdi,Popeman79,ekjus8w,empatheticapathetic
ekk29e2,empatheticapathetic,ekjvzdi,Popeman79
ekk3un3,Popeman79,ekk29e2,empatheticapathetic
ekk7bxj,DisillusionedReality,ekk29e2,empatheticapathetic
ekk6b83,ReturningSpider,ekk3un3,Popeman79
ekk850h,heartbroken_nerd,ekk3un3,Popeman79
ekm45df,Jake_le_Dog,ekk6b83,ReturningSpider
ekm5pe5,ReturningSpider,ekm45df,Jake_le_Dog
ekk777g,DisillusionedReality,ekjus8w,empatheticapathetic
ekl4k3x,Standgrounding,ekk777g,DisillusionedReality
eknesj6,Cavannah,ekjus8w,empatheticapathetic
ekng65n,empatheticapathetic,eknesj6,Cavannah
eklmogv,Mr-Mojo-rising,ekk8nnz,traditional_goose
ekmzeiw,traditional_goose,eklmogv,Mr-Mojo-rising
ekk2w1u,Popeman79,ekk22go,1v1crown
ekk3fcy,1v1crown,ekk2w1u,Popeman79
ekk4dz4,Popeman79,ekk3fcy,1v1crown
ekk46kz,Zeytovin,ekk3fcy,1v1crown
ekkfg4m,GirTheRobot,ekk3fcy,1v1crown
ekm1xsm,BrownGummyBear,ekk3fcy,1v1crown
ekk4jy9,1v1crown,ekk4dz4,Popeman79
ekk4pn0,1v1crown,ekk46kz,Zeytovin
ekmn730,1v1crown,ekkfg4m,GirTheRobot
ekmnhec,1v1crown,ekm1xsm,BrownGummyBear
ekk55r0,Popeman79,ekk4jy9,1v1crown
ekkll4y,SuperCrazy07,ekk4jy9,1v1crown
ekkezvq,_Tactleneck_,ekk4jy9,1v1crown
eklmc4w,Mr-Mojo-rising,ekk4jy9,1v1crown
ekl1ch5,chrisname,ekk4jy9,1v1crown
ekm4c9i,Jake_le_Dog,ekk4jy9,1v1crown
ekk8k8d,Zeytovin,ekk4pn0,1v1crown
ekkxkav,mattii__mo,ekk4pn0,1v1crown
ekmndia,1v1crown,eklmc4w,Mr-Mojo-rising
ekmnm2k,1v1crown,ekm4c9i,Jake_le_Dog
ekkb0j9,1v1crown,ekk8k8d,Zeytovin
eknj4ho,GirTheRobot,ekmndia,1v1crown
ekk51on,WaspOnAWall,ekk22go,1v1crown
ekked3u,RightHandWolf,ekk51on,WaspOnAWall
ekllip4,420KUSHBUSH,ekk22go,1v1crown
ekmn9tu,1v1crown,ekllip4,420KUSHBUSH
eknxmgs,420KUSHBUSH,ekmn9tu,1v1crown
ekkf8cw,GirTheRobot,ekk22go,1v1crown
ekmn3ln,1v1crown,ekkf8cw,GirTheRobot
ekn6oze,GirTheRobot,ekmn3ln,1v1crown
ekndadd,1v1crown,ekn6oze,GirTheRobot
ekkl10r,Popeman79,ekkk33l,chazthundergut
ekkiatn,Popeman79,ekk6h0l,Useeikill
ekkk62y,Useeikill,ekkiatn,Popeman79
ekldwij,Popeman79,ekl4iv7,INNASKILLZ2K18
ekkyjsl,Popeman79,ekkxxre,bcool87
ekmqiu6,Popeman79,ekllupe,Mr-Mojo-rising
ekmr3pw,Popeman79,ekluu7l,wertrax
ekmrkee,Popeman79,ekm4sjm,niger_delta_king
ekk4m7y,Popeman79,ekk3e2k,latinasonly
ekkosxz,Popeman79,ekkntvg,itsBoundless
eklf540,Popeman79,ekle6vu,sir_goblington
ekm6g3l,Greaterbird,eklkfv2,K9Maxwell
ekmqtoa,Popeman79,eklkfv2,K9Maxwell
ekmpya9,Popeman79,ekltlr1,110_percent_THC
ekk34bz,empatheticapathetic,ekjww23,omega_dawg93
ekk3h89,omega_dawg93,ekk34bz,empatheticapathetic
ekjkrvx,pipeDRE4MS,ekjjag3,Hombremaniac
ekkkqzo,Hombremaniac,ekjkrvx,pipeDRE4MS
ekjl2e3,Aethetico,ekjjag3,Hombremaniac
ekkkcdr,Hombremaniac,ekjl2e3,Aethetico
ekjwqu9,lickerofjuicypaints,ekjjag3,Hombremaniac
ekkk1it,Hombremaniac,ekjwqu9,lickerofjuicypaints
ekk5lhm,WaspOnAWall,ekjjag3,Hombremaniac
ekkjlni,Hombremaniac,ekk5lhm,WaspOnAWall
ekk2pka,aherrns,ekjjag3,Hombremaniac
ekjs97p,RossDDMarshalls,ekjjag3,Hombremaniac
ekjt1zh,RossDDMarshalls,ekjs97p,RossDDMarshalls
ekjwbtv,HornedBul,ekjt1zh,RossDDMarshalls
ekkfgcv,RightHandWolf,ekjwbtv,HornedBul
ekmae7u,HornedBul,ekkfgcv,RightHandWolf
ekkhi6c,Mylaur,ekkgq1e,miserablesisyphus
ekl38k1,INNASKILLZ2K18,ekkhi6c,Mylaur
ekkpljw,KewlThanks,ekk2vqn,empatheticapathetic
eklbdpu,eyewant,ekkpljw,KewlThanks
ekllcb9,420KUSHBUSH,ekkpljw,KewlThanks
ekm2f5b,juggernaut8,eklbdpu,eyewant
eko468f,KewlThanks,eklbdpu,eyewant
ekmtqgj,eyewant,ekm2f5b,juggernaut8
ekomwcg,stoicbotanist,ekmtqgj,eyewant
ekl8dkd,good_guy_submitter,ekkiztr,theherosmyth
ekorb7a,odaklanan_insan,ekm0qj4,Mangasbzo7
ekm8yg7,Professor-Spam,ekm0kww,iloveturks
ekk0lr4,henryblazer,ekjz7p9,BurntYams
ekm0nwj,frooschnate,ekk58cv,drawden63
ekm3h54,drawden63,ekm0nwj,frooschnate
ekmxuhn,frooschnate,ekm3h54,drawden63
ekmnl1f,henryblazer,ekm32v0,g0dfather93
ekmp7uh,g0dfather93,ekmnl1f,henryblazer
ekmsftf,henryblazer,ekmp7uh,g0dfather93
ekmsk3z,henryblazer,ekmp7uh,g0dfather93
ekmnnjw,henryblazer,ekm32v0,g0dfather93
ekk29e2,empatheticapathetic,ekjvzdi,Popeman79
ekk3un3,Popeman79,ekk29e2,empatheticapathetic
ekk7bxj,DisillusionedReality,ekk29e2,empatheticapathetic
ekk6b83,ReturningSpider,ekk3un3,Popeman79
ekk850h,heartbroken_nerd,ekk3un3,Popeman79
ekm45df,Jake_le_Dog,ekk6b83,ReturningSpider
ekm5pe5,ReturningSpider,ekm45df,Jake_le_Dog
ekl4k3x,Standgrounding,ekk777g,DisillusionedReality
ekng65n,empatheticapathetic,eknesj6,Cavannah
ekmzeiw,traditional_goose,eklmogv,Mr-Mojo-rising
ekk3fcy,1v1crown,ekk2w1u,Popeman79
ekk4dz4,Popeman79,ekk3fcy,1v1crown
ekk46kz,Zeytovin,ekk3fcy,1v1crown
ekkfg4m,GirTheRobot,ekk3fcy,1v1crown
ekm1xsm,BrownGummyBear,ekk3fcy,1v1crown
ekk4jy9,1v1crown,ekk4dz4,Popeman79
ekk4pn0,1v1crown,ekk46kz,Zeytovin
ekmn730,1v1crown,ekkfg4m,GirTheRobot
ekmnhec,1v1crown,ekm1xsm,BrownGummyBear
ekk55r0,Popeman79,ekk4jy9,1v1crown
ekkll4y,SuperCrazy07,ekk4jy9,1v1crown
ekkezvq,_Tactleneck_,ekk4jy9,1v1crown
eklmc4w,Mr-Mojo-rising,ekk4jy9,1v1crown
ekl1ch5,chrisname,ekk4jy9,1v1crown
ekm4c9i,Jake_le_Dog,ekk4jy9,1v1crown
ekk8k8d,Zeytovin,ekk4pn0,1v1crown
ekkxkav,mattii__mo,ekk4pn0,1v1crown
ekmndia,1v1crown,eklmc4w,Mr-Mojo-rising
ekmnm2k,1v1crown,ekm4c9i,Jake_le_Dog
ekkb0j9,1v1crown,ekk8k8d,Zeytovin
eknj4ho,GirTheRobot,ekmndia,1v1crown
ekked3u,RightHandWolf,ekk51on,WaspOnAWall
ekmn9tu,1v1crown,ekllip4,420KUSHBUSH
eknxmgs,420KUSHBUSH,ekmn9tu,1v1crown
ekmn3ln,1v1crown,ekkf8cw,GirTheRobot
ekn6oze,GirTheRobot,ekmn3ln,1v1crown
ekndadd,1v1crown,ekn6oze,GirTheRobot
ekkk62y,Useeikill,ekkiatn,Popeman79
ekk3h89,omega_dawg93,ekk34bz,empatheticapathetic
ekkkqzo,Hombremaniac,ekjkrvx,pipeDRE4MS
ekkkcdr,Hombremaniac,ekjl2e3,Aethetico
ekkk1it,Hombremaniac,ekjwqu9,lickerofjuicypaints
ekkjlni,Hombremaniac,ekk5lhm,WaspOnAWall
ekjt1zh,RossDDMarshalls,ekjs97p,RossDDMarshalls
ekjwbtv,HornedBul,ekjt1zh,RossDDMarshalls
ekkfgcv,RightHandWolf,ekjwbtv,HornedBul
ekmae7u,HornedBul,ekkfgcv,RightHandWolf
ekl38k1,INNASKILLZ2K18,ekkhi6c,Mylaur
eklbdpu,eyewant,ekkpljw,KewlThanks
ekm2f5b,juggernaut8,eklbdpu,eyewant
eko468f,KewlThanks,eklbdpu,eyewant
ekmtqgj,eyewant,ekm2f5b,juggernaut8
ekomwcg,stoicbotanist,ekmtqgj,eyewant
ekllcb9,420KUSHBUSH,ekkpljw,KewlThanks
ekm3h54,drawden63,ekm0nwj,frooschnate
ekmxuhn,frooschnate,ekm3h54,drawden63
ekmp7uh,g0dfather93,ekmnl1f,henryblazer
ekmsftf,henryblazer,ekmp7uh,g0dfather93
ekmsk3z,henryblazer,ekmp7uh,g0dfather93
ekk3un3,Popeman79,ekk29e2,empatheticapathetic
ekk6b83,ReturningSpider,ekk3un3,Popeman79
ekk850h,heartbroken_nerd,ekk3un3,Popeman79
ekm45df,Jake_le_Dog,ekk6b83,ReturningSpider
ekm5pe5,ReturningSpider,ekm45df,Jake_le_Dog
ekk7bxj,DisillusionedReality,ekk29e2,empatheticapathetic
ekk4dz4,Popeman79,ekk3fcy,1v1crown
ekk4jy9,1v1crown,ekk4dz4,Popeman79
ekk55r0,Popeman79,ekk4jy9,1v1crown
ekkll4y,SuperCrazy07,ekk4jy9,1v1crown
ekkezvq,_Tactleneck_,ekk4jy9,1v1crown
eklmc4w,Mr-Mojo-rising,ekk4jy9,1v1crown
ekl1ch5,chrisname,ekk4jy9,1v1crown
ekm4c9i,Jake_le_Dog,ekk4jy9,1v1crown
ekmndia,1v1crown,eklmc4w,Mr-Mojo-rising
ekmnm2k,1v1crown,ekm4c9i,Jake_le_Dog
eknj4ho,GirTheRobot,ekmndia,1v1crown
ekk46kz,Zeytovin,ekk3fcy,1v1crown
ekk4pn0,1v1crown,ekk46kz,Zeytovin
ekk8k8d,Zeytovin,ekk4pn0,1v1crown
ekkxkav,mattii__mo,ekk4pn0,1v1crown
ekkb0j9,1v1crown,ekk8k8d,Zeytovin
ekkfg4m,GirTheRobot,ekk3fcy,1v1crown
ekmn730,1v1crown,ekkfg4m,GirTheRobot
ekm1xsm,BrownGummyBear,ekk3fcy,1v1crown
ekmnhec,1v1crown,ekm1xsm,BrownGummyBear
eknxmgs,420KUSHBUSH,ekmn9tu,1v1crown
ekn6oze,GirTheRobot,ekmn3ln,1v1crown
ekndadd,1v1crown,ekn6oze,GirTheRobot
ekjwbtv,HornedBul,ekjt1zh,RossDDMarshalls
ekkfgcv,RightHandWolf,ekjwbtv,HornedBul
ekmae7u,HornedBul,ekkfgcv,RightHandWolf
ekm2f5b,juggernaut8,eklbdpu,eyewant
ekmtqgj,eyewant,ekm2f5b,juggernaut8
ekomwcg,stoicbotanist,ekmtqgj,eyewant
eko468f,KewlThanks,eklbdpu,eyewant
ekmxuhn,frooschnate,ekm3h54,drawden63
ekmsftf,henryblazer,ekmp7uh,g0dfather93
ekmsk3z,henryblazer,ekmp7uh,g0dfather93
ekk6b83,ReturningSpider,ekk3un3,Popeman79
ekm45df,Jake_le_Dog,ekk6b83,ReturningSpider
ekm5pe5,ReturningSpider,ekm45df,Jake_le_Dog
ekk850h,heartbroken_nerd,ekk3un3,Popeman79
ekk4jy9,1v1crown,ekk4dz4,Popeman79
ekk55r0,Popeman79,ekk4jy9,1v1crown
ekkll4y,SuperCrazy07,ekk4jy9,1v1crown
ekkezvq,_Tactleneck_,ekk4jy9,1v1crown
eklmc4w,Mr-Mojo-rising,ekk4jy9,1v1crown
ekl1ch5,chrisname,ekk4jy9,1v1crown
ekm4c9i,Jake_le_Dog,ekk4jy9,1v1crown
ekmndia,1v1crown,eklmc4w,Mr-Mojo-rising
ekmnm2k,1v1crown,ekm4c9i,Jake_le_Dog
eknj4ho,GirTheRobot,ekmndia,1v1crown
ekk4pn0,1v1crown,ekk46kz,Zeytovin
ekk8k8d,Zeytovin,ekk4pn0,1v1crown
ekkxkav,mattii__mo,ekk4pn0,1v1crown
ekkb0j9,1v1crown,ekk8k8d,Zeytovin
ekmn730,1v1crown,ekkfg4m,GirTheRobot
ekmnhec,1v1crown,ekm1xsm,BrownGummyBear
ekndadd,1v1crown,ekn6oze,GirTheRobot
ekkfgcv,RightHandWolf,ekjwbtv,HornedBul
ekmae7u,HornedBul,ekkfgcv,RightHandWolf
ekmtqgj,eyewant,ekm2f5b,juggernaut8
ekomwcg,stoicbotanist,ekmtqgj,eyewant
ekm45df,Jake_le_Dog,ekk6b83,ReturningSpider
ekm5pe5,ReturningSpider,ekm45df,Jake_le_Dog
ekk55r0,Popeman79,ekk4jy9,1v1crown
ekkll4y,SuperCrazy07,ekk4jy9,1v1crown
ekkezvq,_Tactleneck_,ekk4jy9,1v1crown
eklmc4w,Mr-Mojo-rising,ekk4jy9,1v1crown
ekmndia,1v1crown,eklmc4w,Mr-Mojo-rising
eknj4ho,GirTheRobot,ekmndia,1v1crown
ekl1ch5,chrisname,ekk4jy9,1v1crown
ekm4c9i,Jake_le_Dog,ekk4jy9,1v1crown
ekmnm2k,1v1crown,ekm4c9i,Jake_le_Dog
ekk8k8d,Zeytovin,ekk4pn0,1v1crown
ekkb0j9,1v1crown,ekk8k8d,Zeytovin
ekkxkav,mattii__mo,ekk4pn0,1v1crown
ekmae7u,HornedBul,ekkfgcv,RightHandWolf
ekomwcg,stoicbotanist,ekmtqgj,eyewant
ekm5pe5,ReturningSpider,ekm45df,Jake_le_Dog
ekmndia,1v1crown,eklmc4w,Mr-Mojo-rising
eknj4ho,GirTheRobot,ekmndia,1v1crown
ekmnm2k,1v1crown,ekm4c9i,Jake_le_Dog
ekkb0j9,1v1crown,ekk8k8d,Zeytovin
eknj4ho,GirTheRobot,ekmndia,1v1crown
