ekopcmm,Slenderpman,bc8ofq,MontanaLabrador
ekor2th,MontanaLabrador,ekopcmm,Slenderpman
ekoskwj,Slenderpman,ekor2th,MontanaLabrador
ekotnwj,MontanaLabrador,ekoskwj,Slenderpman
ekov7sq,Slenderpman,ekotnwj,MontanaLabrador
ekox9sa,tablair,ekotnwj,MontanaLabrador
ekow6pz,MontanaLabrador,ekov7sq,Slenderpman
ekoxjwq,MontanaLabrador,ekox9sa,tablair
ekoy56f,Slenderpman,ekow6pz,MontanaLabrador
ekoyd64,tablair,ekoxjwq,MontanaLabrador
ekoyhg3,MontanaLabrador,ekoy56f,Slenderpman
ekoyxpq,MontanaLabrador,ekoyd64,tablair
ekozhsj,Slenderpman,ekoyhg3,MontanaLabrador
ekp0a79,tablair,ekoyxpq,MontanaLabrador
ekp04yu,MontanaLabrador,ekozhsj,Slenderpman
ekp11n0,MontanaLabrador,ekp0a79,tablair
ekp1khz,tablair,ekp11n0,MontanaLabrador
ekoo4hk,TuskaTheDaemonKilla,bc8ofq,MontanaLabrador
ekoooyc,MontanaLabrador,ekoo4hk,TuskaTheDaemonKilla
ekoq4ke,TuskaTheDaemonKilla,ekoooyc,MontanaLabrador
ekorcrz,MontanaLabrador,ekoq4ke,TuskaTheDaemonKilla
ekp1ncf,alexander1701,bc8ofq,MontanaLabrador
ekopg0h,championofobscurity,bc8ofq,MontanaLabrador
ekordzg,MontanaLabrador,ekopg0h,championofobscurity
ekorhc1,championofobscurity,ekordzg,MontanaLabrador
ekory4m,MontanaLabrador,ekorhc1,championofobscurity
ekoqfmd,BeatriceBernardo,bc8ofq,MontanaLabrador
ekorjoc,MontanaLabrador,ekoqfmd,BeatriceBernardo
ekosdox,BeatriceBernardo,ekorjoc,MontanaLabrador
ekouabs,MontanaLabrador,ekosdox,BeatriceBernardo
ekoupaw,BeatriceBernardo,ekouabs,MontanaLabrador
ekouy5m,MontanaLabrador,ekoupaw,BeatriceBernardo
ekov3yv,BeatriceBernardo,ekouy5m,MontanaLabrador
ekova6o,MontanaLabrador,ekov3yv,BeatriceBernardo
ekovii2,BeatriceBernardo,ekova6o,MontanaLabrador
ekowrvo,MontanaLabrador,ekovii2,BeatriceBernardo
ekowsw9,BeatriceBernardo,ekowrvo,MontanaLabrador
ekowx0o,MontanaLabrador,ekowsw9,BeatriceBernardo
ekox3gr,BeatriceBernardo,ekowx0o,MontanaLabrador
ekoxc92,MontanaLabrador,ekox3gr,BeatriceBernardo
ekoxk5b,BeatriceBernardo,ekoxc92,MontanaLabrador
ekoya0g,MontanaLabrador,ekoxk5b,BeatriceBernardo
ekoym61,BeatriceBernardo,ekoya0g,MontanaLabrador
ekor2th,MontanaLabrador,ekopcmm,Slenderpman
ekoskwj,Slenderpman,ekor2th,MontanaLabrador
ekotnwj,MontanaLabrador,ekoskwj,Slenderpman
ekov7sq,Slenderpman,ekotnwj,MontanaLabrador
ekox9sa,tablair,ekotnwj,MontanaLabrador
ekow6pz,MontanaLabrador,ekov7sq,Slenderpman
ekoxjwq,MontanaLabrador,ekox9sa,tablair
ekoy56f,Slenderpman,ekow6pz,MontanaLabrador
ekoyd64,tablair,ekoxjwq,MontanaLabrador
ekoyhg3,MontanaLabrador,ekoy56f,Slenderpman
ekoyxpq,MontanaLabrador,ekoyd64,tablair
ekozhsj,Slenderpman,ekoyhg3,MontanaLabrador
ekp0a79,tablair,ekoyxpq,MontanaLabrador
ekp04yu,MontanaLabrador,ekozhsj,Slenderpman
ekp11n0,MontanaLabrador,ekp0a79,tablair
ekp1khz,tablair,ekp11n0,MontanaLabrador
ekoooyc,MontanaLabrador,ekoo4hk,TuskaTheDaemonKilla
ekoq4ke,TuskaTheDaemonKilla,ekoooyc,MontanaLabrador
ekorcrz,MontanaLabrador,ekoq4ke,TuskaTheDaemonKilla
ekordzg,MontanaLabrador,ekopg0h,championofobscurity
ekorhc1,championofobscurity,ekordzg,MontanaLabrador
ekory4m,MontanaLabrador,ekorhc1,championofobscurity
ekorjoc,MontanaLabrador,ekoqfmd,BeatriceBernardo
ekosdox,BeatriceBernardo,ekorjoc,MontanaLabrador
ekouabs,MontanaLabrador,ekosdox,BeatriceBernardo
ekoupaw,BeatriceBernardo,ekouabs,MontanaLabrador
ekouy5m,MontanaLabrador,ekoupaw,BeatriceBernardo
ekov3yv,BeatriceBernardo,ekouy5m,MontanaLabrador
ekova6o,MontanaLabrador,ekov3yv,BeatriceBernardo
ekovii2,BeatriceBernardo,ekova6o,MontanaLabrador
ekowrvo,MontanaLabrador,ekovii2,BeatriceBernardo
ekowsw9,BeatriceBernardo,ekowrvo,MontanaLabrador
ekowx0o,MontanaLabrador,ekowsw9,BeatriceBernardo
ekox3gr,BeatriceBernardo,ekowx0o,MontanaLabrador
ekoxc92,MontanaLabrador,ekox3gr,BeatriceBernardo
ekoxk5b,BeatriceBernardo,ekoxc92,MontanaLabrador
ekoya0g,MontanaLabrador,ekoxk5b,BeatriceBernardo
ekoym61,BeatriceBernardo,ekoya0g,MontanaLabrador
ekoskwj,Slenderpman,ekor2th,MontanaLabrador
ekotnwj,MontanaLabrador,ekoskwj,Slenderpman
ekov7sq,Slenderpman,ekotnwj,MontanaLabrador
ekox9sa,tablair,ekotnwj,MontanaLabrador
ekow6pz,MontanaLabrador,ekov7sq,Slenderpman
ekoxjwq,MontanaLabrador,ekox9sa,tablair
ekoy56f,Slenderpman,ekow6pz,MontanaLabrador
ekoyd64,tablair,ekoxjwq,MontanaLabrador
ekoyhg3,MontanaLabrador,ekoy56f,Slenderpman
ekoyxpq,MontanaLabrador,ekoyd64,tablair
ekozhsj,Slenderpman,ekoyhg3,MontanaLabrador
ekp0a79,tablair,ekoyxpq,MontanaLabrador
ekp04yu,MontanaLabrador,ekozhsj,Slenderpman
ekp11n0,MontanaLabrador,ekp0a79,tablair
ekp1khz,tablair,ekp11n0,MontanaLabrador
ekoq4ke,TuskaTheDaemonKilla,ekoooyc,MontanaLabrador
ekorcrz,MontanaLabrador,ekoq4ke,TuskaTheDaemonKilla
ekorhc1,championofobscurity,ekordzg,MontanaLabrador
ekory4m,MontanaLabrador,ekorhc1,championofobscurity
ekosdox,BeatriceBernardo,ekorjoc,MontanaLabrador
ekouabs,MontanaLabrador,ekosdox,BeatriceBernardo
ekoupaw,BeatriceBernardo,ekouabs,MontanaLabrador
ekouy5m,MontanaLabrador,ekoupaw,BeatriceBernardo
ekov3yv,BeatriceBernardo,ekouy5m,MontanaLabrador
ekova6o,MontanaLabrador,ekov3yv,BeatriceBernardo
ekovii2,BeatriceBernardo,ekova6o,MontanaLabrador
ekowrvo,MontanaLabrador,ekovii2,BeatriceBernardo
ekowsw9,BeatriceBernardo,ekowrvo,MontanaLabrador
ekowx0o,MontanaLabrador,ekowsw9,BeatriceBernardo
ekox3gr,BeatriceBernardo,ekowx0o,MontanaLabrador
ekoxc92,MontanaLabrador,ekox3gr,BeatriceBernardo
ekoxk5b,BeatriceBernardo,ekoxc92,MontanaLabrador
ekoya0g,MontanaLabrador,ekoxk5b,BeatriceBernardo
ekoym61,BeatriceBernardo,ekoya0g,MontanaLabrador
ekotnwj,MontanaLabrador,ekoskwj,Slenderpman
ekov7sq,Slenderpman,ekotnwj,MontanaLabrador
ekox9sa,tablair,ekotnwj,MontanaLabrador
ekow6pz,MontanaLabrador,ekov7sq,Slenderpman
ekoxjwq,MontanaLabrador,ekox9sa,tablair
ekoy56f,Slenderpman,ekow6pz,MontanaLabrador
ekoyd64,tablair,ekoxjwq,MontanaLabrador
ekoyhg3,MontanaLabrador,ekoy56f,Slenderpman
ekoyxpq,MontanaLabrador,ekoyd64,tablair
ekozhsj,Slenderpman,ekoyhg3,MontanaLabrador
ekp0a79,tablair,ekoyxpq,MontanaLabrador
ekp04yu,MontanaLabrador,ekozhsj,Slenderpman
ekp11n0,MontanaLabrador,ekp0a79,tablair
ekp1khz,tablair,ekp11n0,MontanaLabrador
ekorcrz,MontanaLabrador,ekoq4ke,TuskaTheDaemonKilla
ekory4m,MontanaLabrador,ekorhc1,championofobscurity
ekouabs,MontanaLabrador,ekosdox,BeatriceBernardo
ekoupaw,BeatriceBernardo,ekouabs,MontanaLabrador
ekouy5m,MontanaLabrador,ekoupaw,BeatriceBernardo
ekov3yv,BeatriceBernardo,ekouy5m,MontanaLabrador
ekova6o,MontanaLabrador,ekov3yv,BeatriceBernardo
ekovii2,BeatriceBernardo,ekova6o,MontanaLabrador
ekowrvo,MontanaLabrador,ekovii2,BeatriceBernardo
ekowsw9,BeatriceBernardo,ekowrvo,MontanaLabrador
ekowx0o,MontanaLabrador,ekowsw9,BeatriceBernardo
ekox3gr,BeatriceBernardo,ekowx0o,MontanaLabrador
ekoxc92,MontanaLabrador,ekox3gr,BeatriceBernardo
ekoxk5b,BeatriceBernardo,ekoxc92,MontanaLabrador
ekoya0g,MontanaLabrador,ekoxk5b,BeatriceBernardo
ekoym61,BeatriceBernardo,ekoya0g,MontanaLabrador
ekov7sq,Slenderpman,ekotnwj,MontanaLabrador
ekow6pz,MontanaLabrador,ekov7sq,Slenderpman
ekoy56f,Slenderpman,ekow6pz,MontanaLabrador
ekoyhg3,MontanaLabrador,ekoy56f,Slenderpman
ekozhsj,Slenderpman,ekoyhg3,MontanaLabrador
ekp04yu,MontanaLabrador,ekozhsj,Slenderpman
ekox9sa,tablair,ekotnwj,MontanaLabrador
ekoxjwq,MontanaLabrador,ekox9sa,tablair
ekoyd64,tablair,ekoxjwq,MontanaLabrador
ekoyxpq,MontanaLabrador,ekoyd64,tablair
ekp0a79,tablair,ekoyxpq,MontanaLabrador
ekp11n0,MontanaLabrador,ekp0a79,tablair
ekp1khz,tablair,ekp11n0,MontanaLabrador
ekoupaw,BeatriceBernardo,ekouabs,MontanaLabrador
ekouy5m,MontanaLabrador,ekoupaw,BeatriceBernardo
ekov3yv,BeatriceBernardo,ekouy5m,MontanaLabrador
ekova6o,MontanaLabrador,ekov3yv,BeatriceBernardo
ekovii2,BeatriceBernardo,ekova6o,MontanaLabrador
ekowrvo,MontanaLabrador,ekovii2,BeatriceBernardo
ekowsw9,BeatriceBernardo,ekowrvo,MontanaLabrador
ekowx0o,MontanaLabrador,ekowsw9,BeatriceBernardo
ekox3gr,BeatriceBernardo,ekowx0o,MontanaLabrador
ekoxc92,MontanaLabrador,ekox3gr,BeatriceBernardo
ekoxk5b,BeatriceBernardo,ekoxc92,MontanaLabrador
ekoya0g,MontanaLabrador,ekoxk5b,BeatriceBernardo
ekoym61,BeatriceBernardo,ekoya0g,MontanaLabrador
ekow6pz,MontanaLabrador,ekov7sq,Slenderpman
ekoy56f,Slenderpman,ekow6pz,MontanaLabrador
ekoyhg3,MontanaLabrador,ekoy56f,Slenderpman
ekozhsj,Slenderpman,ekoyhg3,MontanaLabrador
ekp04yu,MontanaLabrador,ekozhsj,Slenderpman
ekoxjwq,MontanaLabrador,ekox9sa,tablair
ekoyd64,tablair,ekoxjwq,MontanaLabrador
ekoyxpq,MontanaLabrador,ekoyd64,tablair
ekp0a79,tablair,ekoyxpq,MontanaLabrador
ekp11n0,MontanaLabrador,ekp0a79,tablair
ekp1khz,tablair,ekp11n0,MontanaLabrador
ekouy5m,MontanaLabrador,ekoupaw,BeatriceBernardo
ekov3yv,BeatriceBernardo,ekouy5m,MontanaLabrador
ekova6o,MontanaLabrador,ekov3yv,BeatriceBernardo
ekovii2,BeatriceBernardo,ekova6o,MontanaLabrador
ekowrvo,MontanaLabrador,ekovii2,BeatriceBernardo
ekowsw9,BeatriceBernardo,ekowrvo,MontanaLabrador
ekowx0o,MontanaLabrador,ekowsw9,BeatriceBernardo
ekox3gr,BeatriceBernardo,ekowx0o,MontanaLabrador
ekoxc92,MontanaLabrador,ekox3gr,BeatriceBernardo
ekoxk5b,BeatriceBernardo,ekoxc92,MontanaLabrador
ekoya0g,MontanaLabrador,ekoxk5b,BeatriceBernardo
ekoym61,BeatriceBernardo,ekoya0g,MontanaLabrador
ekoy56f,Slenderpman,ekow6pz,MontanaLabrador
ekoyhg3,MontanaLabrador,ekoy56f,Slenderpman
ekozhsj,Slenderpman,ekoyhg3,MontanaLabrador
ekp04yu,MontanaLabrador,ekozhsj,Slenderpman
ekoyd64,tablair,ekoxjwq,MontanaLabrador
ekoyxpq,MontanaLabrador,ekoyd64,tablair
ekp0a79,tablair,ekoyxpq,MontanaLabrador
ekp11n0,MontanaLabrador,ekp0a79,tablair
ekp1khz,tablair,ekp11n0,MontanaLabrador
ekov3yv,BeatriceBernardo,ekouy5m,MontanaLabrador
ekova6o,MontanaLabrador,ekov3yv,BeatriceBernardo
ekovii2,BeatriceBernardo,ekova6o,MontanaLabrador
ekowrvo,MontanaLabrador,ekovii2,BeatriceBernardo
ekowsw9,BeatriceBernardo,ekowrvo,MontanaLabrador
ekowx0o,MontanaLabrador,ekowsw9,BeatriceBernardo
ekox3gr,BeatriceBernardo,ekowx0o,MontanaLabrador
ekoxc92,MontanaLabrador,ekox3gr,BeatriceBernardo
ekoxk5b,BeatriceBernardo,ekoxc92,MontanaLabrador
ekoya0g,MontanaLabrador,ekoxk5b,BeatriceBernardo
ekoym61,BeatriceBernardo,ekoya0g,MontanaLabrador
ekoyhg3,MontanaLabrador,ekoy56f,Slenderpman
ekozhsj,Slenderpman,ekoyhg3,MontanaLabrador
ekp04yu,MontanaLabrador,ekozhsj,Slenderpman
ekoyxpq,MontanaLabrador,ekoyd64,tablair
ekp0a79,tablair,ekoyxpq,MontanaLabrador
ekp11n0,MontanaLabrador,ekp0a79,tablair
ekp1khz,tablair,ekp11n0,MontanaLabrador
ekova6o,MontanaLabrador,ekov3yv,BeatriceBernardo
ekovii2,BeatriceBernardo,ekova6o,MontanaLabrador
ekowrvo,MontanaLabrador,ekovii2,BeatriceBernardo
ekowsw9,BeatriceBernardo,ekowrvo,MontanaLabrador
ekowx0o,MontanaLabrador,ekowsw9,BeatriceBernardo
ekox3gr,BeatriceBernardo,ekowx0o,MontanaLabrador
ekoxc92,MontanaLabrador,ekox3gr,BeatriceBernardo
ekoxk5b,BeatriceBernardo,ekoxc92,MontanaLabrador
ekoya0g,MontanaLabrador,ekoxk5b,BeatriceBernardo
ekoym61,BeatriceBernardo,ekoya0g,MontanaLabrador
ekozhsj,Slenderpman,ekoyhg3,MontanaLabrador
ekp04yu,MontanaLabrador,ekozhsj,Slenderpman
ekp0a79,tablair,ekoyxpq,MontanaLabrador
ekp11n0,MontanaLabrador,ekp0a79,tablair
ekp1khz,tablair,ekp11n0,MontanaLabrador
ekovii2,BeatriceBernardo,ekova6o,MontanaLabrador
ekowrvo,MontanaLabrador,ekovii2,BeatriceBernardo
ekowsw9,BeatriceBernardo,ekowrvo,MontanaLabrador
ekowx0o,MontanaLabrador,ekowsw9,BeatriceBernardo
ekox3gr,BeatriceBernardo,ekowx0o,MontanaLabrador
ekoxc92,MontanaLabrador,ekox3gr,BeatriceBernardo
ekoxk5b,BeatriceBernardo,ekoxc92,MontanaLabrador
ekoya0g,MontanaLabrador,ekoxk5b,BeatriceBernardo
ekoym61,BeatriceBernardo,ekoya0g,MontanaLabrador
ekp04yu,MontanaLabrador,ekozhsj,Slenderpman
ekp11n0,MontanaLabrador,ekp0a79,tablair
ekp1khz,tablair,ekp11n0,MontanaLabrador
ekowrvo,MontanaLabrador,ekovii2,BeatriceBernardo
ekowsw9,BeatriceBernardo,ekowrvo,MontanaLabrador
ekowx0o,MontanaLabrador,ekowsw9,BeatriceBernardo
ekox3gr,BeatriceBernardo,ekowx0o,MontanaLabrador
ekoxc92,MontanaLabrador,ekox3gr,BeatriceBernardo
ekoxk5b,BeatriceBernardo,ekoxc92,MontanaLabrador
ekoya0g,MontanaLabrador,ekoxk5b,BeatriceBernardo
ekoym61,BeatriceBernardo,ekoya0g,MontanaLabrador
ekp1khz,tablair,ekp11n0,MontanaLabrador
ekowsw9,BeatriceBernardo,ekowrvo,MontanaLabrador
ekowx0o,MontanaLabrador,ekowsw9,BeatriceBernardo
ekox3gr,BeatriceBernardo,ekowx0o,MontanaLabrador
ekoxc92,MontanaLabrador,ekox3gr,BeatriceBernardo
ekoxk5b,BeatriceBernardo,ekoxc92,MontanaLabrador
ekoya0g,MontanaLabrador,ekoxk5b,BeatriceBernardo
ekoym61,BeatriceBernardo,ekoya0g,MontanaLabrador
ekowx0o,MontanaLabrador,ekowsw9,BeatriceBernardo
ekox3gr,BeatriceBernardo,ekowx0o,MontanaLabrador
ekoxc92,MontanaLabrador,ekox3gr,BeatriceBernardo
ekoxk5b,BeatriceBernardo,ekoxc92,MontanaLabrador
ekoya0g,MontanaLabrador,ekoxk5b,BeatriceBernardo
ekoym61,BeatriceBernardo,ekoya0g,MontanaLabrador
ekox3gr,BeatriceBernardo,ekowx0o,MontanaLabrador
ekoxc92,MontanaLabrador,ekox3gr,BeatriceBernardo
ekoxk5b,BeatriceBernardo,ekoxc92,MontanaLabrador
ekoya0g,MontanaLabrador,ekoxk5b,BeatriceBernardo
ekoym61,BeatriceBernardo,ekoya0g,MontanaLabrador
ekoxc92,MontanaLabrador,ekox3gr,BeatriceBernardo
ekoxk5b,BeatriceBernardo,ekoxc92,MontanaLabrador
ekoya0g,MontanaLabrador,ekoxk5b,BeatriceBernardo
ekoym61,BeatriceBernardo,ekoya0g,MontanaLabrador
ekoxk5b,BeatriceBernardo,ekoxc92,MontanaLabrador
ekoya0g,MontanaLabrador,ekoxk5b,BeatriceBernardo
ekoym61,BeatriceBernardo,ekoya0g,MontanaLabrador
ekoya0g,MontanaLabrador,ekoxk5b,BeatriceBernardo
ekoym61,BeatriceBernardo,ekoya0g,MontanaLabrador
ekoym61,BeatriceBernardo,ekoya0g,MontanaLabrador
